{"যাবে": 0.02487562189054726, "account": 0.01990049751243781, "ekta": 0.01990049751243781, "er": 0.01990049751243781, "এই": 0.01990049751243781, "কি": 0.01990049751243781, "নামে": 0.01990049751243781, "বিকাশ": 0.01990049751243781, "amar": 0.017412935323383085, "information": 0.017412935323383085, "taka": 0.017412935323383085, "তথ্য": 0.017412935323383085, "bkash": 0.014925373134328358, "number": 0.014925373134328358, "আমাকে": 0.014925373134328358, "ঠিকানা": 0.014925373134328358, "আমার": 0.01243781094527363, "একাউন্টের": 0.01243781094527363, "গেছে": 0.01243781094527363, "দেওয়া": 0.01243781094527363, "chole": 0.009950248756218905, "geche": 0.009950248756218905, "lagbe": 0.009950248756218905, "onno": 0.009950248756218905, "thikana": 0.009950248756218905, "অন্য": 0.009950248756218905, "আমি": 0.009950248756218905, "কার": 0.009950248756218905, "টা": 0.009950248756218905, "টাকা": 0.009950248756218905, "স্যার": 0.009950248756218905, "amake": 0.007462686567164179, "jabe": 0.007462686567164179, "me": 0.007462686567164179, "name": 0.007462686567164179, "ta": 0.007462686567164179, "tar": 0.007462686567164179, "tottho": 0.007462686567164179, "একটি": 0.007462686567164179, "একাউন্ট": 0.007462686567164179, "এর": 0.007462686567164179, "চলে": 0.007462686567164179, "জানতে": 0.007462686567164179, "জানা": 0.007462686567164179, "তার": 0.007462686567164179, "নাম": 0.007462686567164179, "নাম্বারটা": 0.007462686567164179, "যার": 0.007462686567164179, "লাগবে": 0.007462686567164179, "bola": 0.004975124378109453, "bolun": 0.004975124378109453, "bortman": 0.004975124378109453, "bortoman": 0.004975124378109453, "can": 0.004975124378109453, "dite": 0.004975124378109453, "dorkar": 0.004975124378109453, "e": 0.004975124378109453, "help": 0.004975124378109453, "jar": 0.004975124378109453, "kar": 0.004975124378109453, "ki": 0.004975124378109453, "kih": 0.004975124378109453, "korben": 0.004975124378109453, "nambare": 0.004975124378109453, "pabo": 0.004975124378109453, "parben": 0.004975124378109453, "personal": 0.004975124378109453, "phn": 0.004975124378109453, "please": 0.004975124378109453, "you": 0.004975124378109453, "আইডি": 0.004975124378109453, "একাউন্টটি": 0.004975124378109453, "করা": 0.004975124378109453, "কিছু": 0.004975124378109453, "খুলা": 0.004975124378109453, "খোলা": 0.004975124378109453, "জানাবেন": 0.004975124378109453, "দরকার": 0.004975124378109453, "দিতে": 0.004975124378109453, "দেওয়া": 0.004975124378109453, "নাম্বারটার": 0.004975124378109453, "পারবেন": 0.004975124378109453, "পারি": 0.004975124378109453, "ভাই": 0.004975124378109453, "যে": 0.004975124378109453, "হয়েছে": 0.004975124378109453, "ace": 0.0024875621890547263, "address": 0.0024875621890547263, "ami": 0.0024875621890547263, "and": 0.0024875621890547263, "another": 0.0024875621890547263, "apni": 0.0024875621890547263, "apu": 0.0024875621890547263, "bhul": 0.0024875621890547263, "bondho": 0.0024875621890547263, "bondhur": 0.0024875621890547263, "dea": 0.0024875621890547263, "dekhen": 0.0024875621890547263, "details": 0.0024875621890547263, "dewa": 0.0024875621890547263, "dilee": 0.0024875621890547263, "diye": 0.0024875621890547263, "ei": 0.0024875621890547263, "ek": 0.0024875621890547263, "ektu": 0.0024875621890547263, "fathers": 0.0024875621890547263, "gechetar": 0.0024875621890547263, "gesee": 0.0024875621890547263, "geseh": 0.0024875621890547263, "give": 0.0024875621890547263, "grahok": 0.0024875621890547263, "informations": 0.0024875621890547263, "j": 0.0024875621890547263, "joner": 0.0024875621890547263, "kichu": 0.0024875621890547263, "kivabe": 0.0024875621890547263, "kore": 0.0024875621890547263, "kothay": 0.0024875621890547263, "kula": 0.0024875621890547263, "loker": 0.0024875621890547263, "my": 0.0024875621890547263, "nam": 0.0024875621890547263, "nm": 0.0024875621890547263, "obsothanti": 0.0024875621890547263, "of": 0.0024875621890547263, "oi": 0.0024875621890547263, "pari": 0.0024875621890547263, "persons": 0.0024875621890547263, "pete": 0.0024875621890547263, "plz": 0.0024875621890547263, "provide": 0.0024875621890547263, "proyojon": 0.0024875621890547263, "r": 0.0024875621890547263, "se": 0.0024875621890547263, "share": 0.0024875621890547263, "shomvob": 0.0024875621890547263, "sir": 0.0024875621890547263, "sokol": 0.0024875621890547263, "some": 0.0024875621890547263, "take": 0.0024875621890547263, "this": 0.0024875621890547263, "ti": 0.0024875621890547263, "to": 0.0024875621890547263, "আছে": 0.0024875621890547263, "আপনাকে": 0.0024875621890547263, "একটা": 0.0024875621890547263, "ও": 0.0024875621890547263, "করলে": 0.0024875621890547263, "করেছি": 0.0024875621890547263, "কিহ": 0.0024875621890547263, "খুব": 0.0024875621890547263, "গেলে": 0.0024875621890547263, "চাই": 0.0024875621890547263, "চুরি": 0.0024875621890547263, "জরুরী": 0.0024875621890547263, "ঠিকানাটা": 0.0024875621890547263, "তা": 0.0024875621890547263, "দিচ্ছি": 0.0024875621890547263, "নাম্বার": 0.0024875621890547263, "নাম্বারে": 0.0024875621890547263, "নাম্বারের": 0.0024875621890547263, "নাসিমা": 0.0024875621890547263, "পাওয়া": 0.0024875621890547263, "বা": 0.0024875621890547263, "বিকাশে": 0.0024875621890547263, "বিকাশের": 0.0024875621890547263, "বেগম": 0.0024875621890547263, "ভাইয়ের": 0.0024875621890547263, "ভায়ের": 0.0024875621890547263, "ভুলবশত": 0.0024875621890547263, "লেনদেন": 0.0024875621890547263, "শেষ": 0.0024875621890547263, "সব": 0.0024875621890547263, "সাথে": 0.0024875621890547263, "সে": 0.0024875621890547263, "সেই": 0.0024875621890547263, "সৈয়দা": 0.0024875621890547263, "হারিয়ে": 0.0024875621890547263}