{"account": 0.0440771349862259, "bkash": 0.03581267217630854, "করে": 0.030303030303030307, "করতে": 0.027548209366391185, "বিকাশ": 0.027548209366391185, "kore": 0.02479338842975207, "একাউন্ট": 0.02479338842975207, "চালু": 0.02479338842975207, "বন্ধ": 0.02479338842975207, "chalu": 0.019283746556473833, "এখন": 0.019283746556473833, "bondho": 0.01652892561983471, "my": 0.01652892561983471, "i": 0.013774104683195593, "korte": 0.013774104683195593, "to": 0.013774104683195593, "অফ": 0.013774104683195593, "আমার": 0.013774104683195593, "রাখছিলাম": 0.013774104683195593, "ami": 0.011019283746556474, "ekhon": 0.011019283746556474, "korbo": 0.011019283746556474, "কি": 0.011019283746556474, "abar": 0.008264462809917356, "amar": 0.008264462809917356, "number": 0.008264462809917356, "please": 0.008264462809917356, "sir": 0.008264462809917356, "ta": 0.008264462809917356, "want": 0.008264462809917356, "করেছিলাম": 0.008264462809917356, "চাচ্ছি": 0.008264462809917356, "টা": 0.008264462809917356, "ভাবে": 0.008264462809917356, "সচল": 0.008264462809917356, "সাময়িক": 0.008264462809917356, "সিম": 0.008264462809917356, "activate": 0.005509641873278237, "active": 0.005509641873278237, "apnader": 0.005509641873278237, "bikas": 0.005509641873278237, "can": 0.005509641873278237, "chai": 0.005509641873278237, "hobe": 0.005509641873278237, "how": 0.005509641873278237, "jonno": 0.005509641873278237, "kih": 0.005509641873278237, "kivabe": 0.005509641873278237, "niyechilam": 0.005509641873278237, "off": 0.005509641873278237, "on": 0.005509641873278237, "re": 0.005509641873278237, "rekhechilam": 0.005509641873278237, "temporarily": 0.005509641873278237, "unblock": 0.005509641873278237, "একাউন্টটি": 0.005509641873278237, "জন্য": 0.005509641873278237, "পুনরায়": 0.005509641873278237, "রেখেছিলাম": 0.005509641873278237, "হারিয়ে": 0.005509641873278237, "accha": 0.0027548209366391185, "ai": 0.0027548209366391185, "akhon": 0.0027548209366391185, "akon": 0.0027548209366391185, "amr": 0.0027548209366391185, "apni": 0.0027548209366391185, "block": 0.0027548209366391185, "care": 0.0027548209366391185, "chacchi": 0.0027548209366391185, "chalabo": 0.0027548209366391185, "chalate": 0.0027548209366391185, "chilam": 0.0027548209366391185, "chilo": 0.0027548209366391185, "closed": 0.0027548209366391185, "den": 0.0027548209366391185, "diner": 0.0027548209366391185, "dite": 0.0027548209366391185, "ekhoni": 0.0027548209366391185, "er": 0.0027548209366391185, "fast": 0.0027548209366391185, "have": 0.0027548209366391185, "help": 0.0027548209366391185, "id": 0.0027548209366391185, "janaben": 0.0027548209366391185, "jete": 0.0027548209366391185, "karone": 0.0027548209366391185, "kechu": 0.0027548209366391185, "kesu": 0.0027548209366391185, "ki": 0.0027548209366391185, "kichudin": 0.0027548209366391185, "korsilam": 0.0027548209366391185, "maddhome": 0.0027548209366391185, "me": 0.0027548209366391185, "niyechiam": 0.0027548209366391185, "non": 0.0027548209366391185, "now": 0.0027548209366391185, "parben": 0.0027548209366391185, "punray": 0.0027548209366391185, "rakcilam": 0.0027548209366391185, "reactivate": 0.0027548209366391185, "reopen": 0.0027548209366391185, "reply": 0.0027548209366391185, "somossar": 0.0027548209366391185, "tahole": 0.0027548209366391185, "temporary": 0.0027548209366391185, "theke": 0.0027548209366391185, "unbar": 0.0027548209366391185, "vhai": 0.0027548209366391185, "was": 0.0027548209366391185, "you": 0.0027548209366391185, "অনুগ্রহ": 0.0027548209366391185, "অনুরোধ": 0.0027548209366391185, "অ্যাকাউন্ট": 0.0027548209366391185, "অ্যাক্টিভ": 0.0027548209366391185, "আকাউন্ট": 0.0027548209366391185, "আবার": 0.0027548209366391185, "আব্বুর": 0.0027548209366391185, "আমি": 0.0027548209366391185, "উঠাইছি": 0.0027548209366391185, "এটা": 0.0027548209366391185, "এর": 0.0027548209366391185, "করছি": 0.0027548209366391185, "করনীয়": 0.0027548209366391185, "করবো": 0.0027548209366391185, "করা": 0.0027548209366391185, "করার": 0.0027548209366391185, "করি": 0.0027548209366391185, "কল": 0.0027548209366391185, "কারণে": 0.0027548209366391185, "কারনে": 0.0027548209366391185, "কাস্টমার": 0.0027548209366391185, "কিন্তু": 0.0027548209366391185, "কিহ": 0.0027548209366391185, "কেয়ারে": 0.0027548209366391185, "কয়েকদিন": 0.0027548209366391185, "গিয়েছিল": 0.0027548209366391185, "গিয়েছিল": 0.0027548209366391185, "চচাচছি": 0.0027548209366391185, "চাই": 0.0027548209366391185, "চ্যাটের": 0.0027548209366391185, "ছাই": 0.0027548209366391185, "টি": 0.0027548209366391185, "তা": 0.0027548209366391185, "দিন": 0.0027548209366391185, "দিয়ে": 0.0027548209366391185, "দেন": 0.0027548209366391185, "নাম্বার": 0.0027548209366391185, "পরে": 0.0027548209366391185, "পারিবারিক": 0.0027548209366391185, "পার্সোনাল": 0.0027548209366391185, "পুন্রারায়": 0.0027548209366391185, "প্রয়োজন": 0.0027548209366391185, "প্রয়োজনে": 0.0027548209366391185, "বলছিলাম": 0.0027548209366391185, "বিশেষ": 0.0027548209366391185, "ভাই": 0.0027548209366391185, "মাধ্যমে": 0.0027548209366391185, "যাওয়ার": 0.0027548209366391185, "রাখলে": 0.0027548209366391185, "রেখেছি": 0.0027548209366391185, "লাইভ": 0.0027548209366391185, "সচলের": 0.0027548209366391185, "সম্ভব": 0.0027548209366391185, "স্যার": 0.0027548209366391185, "হবে": 0.0027548209366391185, "হলে": 0.0027548209366391185, "হারিয়ে": 0.0027548209366391185}