{"বন্ধ": 0.0424822990420658, "বিকাশ": 0.04164931278633902, "account": 0.04123281965847563, "করতে": 0.03998334027488546, "bkash": 0.036234902124114954, "একাউন্ট": 0.03540191586838817, "আমার": 0.03373594335693461, "korte": 0.023323615160349857, "আমি": 0.022490628904623073, "চাই": 0.01874219075385256, "ami": 0.01790920449812578, "delete": 0.01541024573094544, "কি": 0.01541024573094544, "amar": 0.01499375260308205, "off": 0.01499375260308205, "ki": 0.01416076634735527, "কিভাবে": 0.010828821324448146, "korbo": 0.010412328196584756, "i": 0.009995835068721365, "chai": 0.009162848812994586, "to": 0.007913369429404415, "চাচ্ছি": 0.007913369429404415, "amr": 0.007496876301541025, "close": 0.007080383173677635, "my": 0.007080383173677635, "অ্যাকাউন্ট": 0.007080383173677635, "করে": 0.007080383173677635, "টি": 0.007080383173677635, "how": 0.006663890045814244, "টা": 0.006663890045814244, "হবে": 0.006663890045814244, "kora": 0.006247396917950853, "ta": 0.006247396917950853, "এই": 0.006247396917950853, "করা": 0.006247396917950853, "ডিলিট": 0.006247396917950853, "ti": 0.005830903790087464, "আছে": 0.005830903790087464, "করবো": 0.005830903790087464, "bondho": 0.005414410662224073, "একটা": 0.005414410662224073, "bikash": 0.004997917534360683, "bondo": 0.004997917534360683, "করব": 0.004997917534360683, "permanently": 0.004581424406497293, "want": 0.004581424406497293, "cai": 0.004164931278633903, "can": 0.004164931278633903, "number": 0.004164931278633903, "নাম্বার": 0.004164931278633903, "hobe": 0.0037484381507705126, "jabe": 0.0037484381507705126, "একাউন্টটি": 0.0037484381507705126, "করার": 0.0037484381507705126, "খোলা": 0.0037484381507705126, "গেছে": 0.0037484381507705126, "akta": 0.003331945022907122, "jonno": 0.003331945022907122, "দেন": 0.003331945022907122, "পারি": 0.003331945022907122, "যাবে": 0.003331945022907122, "সিম": 0.003331945022907122, "জন্য": 0.002915451895043732, "acount": 0.0024989587671803413, "ai": 0.0024989587671803413, "chacchi": 0.0024989587671803413, "kore": 0.0024989587671803413, "এ": 0.0024989587671803413, "একটি": 0.0024989587671803413, "টাকা": 0.0024989587671803413, "না": 0.0024989587671803413, "মোবাইল": 0.0024989587671803413, "khola": 0.0020824656393169513, "korar": 0.0020824656393169513, "korta": 0.0020824656393169513, "permanent": 0.0020824656393169513, "rakhte": 0.0020824656393169513, "sim": 0.0020824656393169513, "অফ": 0.0020824656393169513, "দিয়ে": 0.0020824656393169513, "পয়সা": 0.0020824656393169513, "পারমানেন্টলি": 0.0020824656393169513, "বন্দ": 0.0020824656393169513, "হারিয়ে": 0.0020824656393169513, "ei": 0.001665972511453561, "ekta": 0.001665972511453561, "er": 0.001665972511453561, "hoye": 0.001665972511453561, "id": 0.001665972511453561, "kesu": 0.001665972511453561, "khkhoner": 0.001665972511453561, "kivabe": 0.001665972511453561, "nid": 0.001665972511453561, "seta": 0.001665972511453561, "vabe": 0.001665972511453561, "আইডি": 0.001665972511453561, "দিতে": 0.001665972511453561, "পারবো": 0.001665972511453561, "বাতিল": 0.001665972511453561, "ভাবে": 0.001665972511453561, "যে": 0.001665972511453561, "সেটা": 0.001665972511453561, "a": 0.0012494793835901706, "accunt": 0.0012494793835901706, "ache": 0.0012494793835901706, "ager": 0.0012494793835901706, "ase": 0.0012494793835901706, "batil": 0.0012494793835901706, "bikas": 0.0012494793835901706, "chachi": 0.0012494793835901706, "churi": 0.0012494793835901706, "delet": 0.0012494793835901706, "dite": 0.0012494793835901706, "diye": 0.0012494793835901706, "gese": 0.0012494793835901706, "hi": 0.0012494793835901706, "it": 0.0012494793835901706, "jai": 0.0012494793835901706, "krte": 0.0012494793835901706, "lagbe": 0.0012494793835901706, "me": 0.0012494793835901706, "oi": 0.0012494793835901706, "sai": 0.0012494793835901706, "sir": 0.0012494793835901706, "stop": 0.0012494793835901706, "this": 0.0012494793835901706, "আগের": 0.0012494793835901706, "আপাতত": 0.0012494793835901706, "একাউন্টি": 0.0012494793835901706, "এখন": 0.0012494793835901706, "কিন্তু": 0.0012494793835901706, "তা": 0.0012494793835901706, "দিন": 0.0012494793835901706, "মুছে": 0.0012494793835901706, "সময়ের": 0.0012494793835901706, "সহ": 0.0012494793835901706, "সাময়িক": 0.0012494793835901706, "স্যার": 0.0012494793835901706, "হারিয়ে": 0.0012494793835901706, "aager": 0.0008329862557267805, "acc": 0.0008329862557267805, "accont": 0.0008329862557267805, "acunt": 0.0008329862557267805, "apu": 0.0008329862557267805, "bkas": 0.0008329862557267805, "cacchi": 0.0008329862557267805, "cancel": 0.0008329862557267805, "chilo": 0.0008329862557267805, "deactivate": 0.0008329862557267805, "deleted": 0.0008329862557267805, "do": 0.0008329862557267805, "e": 0.0008329862557267805, "geche": 0.0008329862557267805, "gechey": 0.0008329862557267805, "hariye": 0.0008329862557267805, "is": 0.0008329862557267805, "j": 0.0008329862557267805, "je": 0.0008329862557267805, "kibhabe": 0.0008329862557267805, "kono": 0.0008329862557267805, "kortte": 0.0008329862557267805, "old": 0.0008329862557267805, "phone": 0.0008329862557267805, "possible": 0.0008329862557267805, "process": 0.0008329862557267805, "remove": 0.0008329862557267805, "sayta": 0.0008329862557267805, "the": 0.0008329862557267805, "vaia": 0.0008329862557267805, "way": 0.0008329862557267805, "অনলাইনে": 0.0008329862557267805, "অবস্থায়": 0.0008329862557267805, "আমর": 0.0008329862557267805, "আমাকে": 0.0008329862557267805, "আর": 0.0008329862557267805, "একদম": 0.0008329862557267805, "ওই": 0.0008329862557267805, "করণীয়": 0.0008329862557267805, "কী": 0.0008329862557267805, "কীভাবে": 0.0008329862557267805, "কোন": 0.0008329862557267805, "ক্লোজ": 0.0008329862557267805, "গ্রাহক": 0.0008329862557267805, "চাইলে": 0.0008329862557267805, "চুরি": 0.0008329862557267805, "জানতে": 0.0008329862557267805, "ডিজেবল": 0.0008329862557267805, "ডিলেট": 0.0008329862557267805, "দুটি": 0.0008329862557267805, "নাকি": 0.0008329862557267805, "নিয়ে": 0.0008329862557267805, "পারমানেন্ট": 0.0008329862557267805, "পারমেন্টলি": 0.0008329862557267805, "পার্মানেন্ট": 0.0008329862557267805, "প্রসেসটা": 0.0008329862557267805, "ভাই": 0.0008329862557267805, "ভাব": 0.0008329862557267805, "মাধ্যমে": 0.0008329862557267805, "যদি": 0.0008329862557267805, "যাচ্ছি": 0.0008329862557267805, "যাবো": 0.0008329862557267805, "যায়": 0.0008329862557267805, "রেজিষ্ট্রেশন": 0.0008329862557267805, "লেনদেন": 0.0008329862557267805, "সম্পূর্ণ": 0.0008329862557267805, "সাথে": 0.0008329862557267805, "সেবা": 0.0008329862557267805, "স্থায়ীভাবে": 0.0008329862557267805, "হয়": 0.0008329862557267805, "হয়ে": 0.0008329862557267805, "aaccount": 0.00041649312786339027, "about": 0.00041649312786339027, "ac": 0.00041649312786339027, "acaunt": 0.00041649312786339027, "accaunt": 0.00041649312786339027, "accaunti": 0.00041649312786339027, "accout": 0.00041649312786339027, "acha": 0.00041649312786339027, "age": 0.00041649312786339027, "akn": 0.00041649312786339027, "aktu": 0.00041649312786339027, "an": 0.00041649312786339027, "another": 0.00041649312786339027, "ans": 0.00041649312786339027, "any": 0.00041649312786339027, "apni": 0.00041649312786339027, "ar": 0.00041649312786339027, "as": 0.00041649312786339027, "ata": 0.00041649312786339027, "ay": 0.00041649312786339027, "babe": 0.00041649312786339027, "bad": 0.00041649312786339027, "baksh": 0.00041649312786339027, "balancc": 0.00041649312786339027, "bash": 0.00041649312786339027, "beakash": 0.00041649312786339027, "bikes": 0.00041649312786339027, "bkhas": 0.00041649312786339027, "bksh": 0.00041649312786339027, "block": 0.00041649312786339027, "bndo": 0.00041649312786339027, "bonddo": 0.00041649312786339027, "bondgo": 0.00041649312786339027, "bondw": 0.00041649312786339027, "boundo": 0.00041649312786339027, "bt": 0.00041649312786339027, "c": 0.00041649312786339027, "cacchilam": 0.00041649312786339027, "caccy": 0.00041649312786339027, "cache": 0.00041649312786339027, "cahi": 0.00041649312786339027, "card": 0.00041649312786339027, "care": 0.00041649312786339027, "caschi": 0.00041649312786339027, "casci": 0.00041649312786339027,