{"আমার": 0.03994845360824742, "বিকাশ": 0.0352233676975945, "nid": 0.02663230240549828, "কার": 0.02663230240549828, "দিয়ে": 0.02663230240549828, "account": 0.023625429553264604, "একাউন্ট": 0.02276632302405498, "খোলা": 0.02190721649484536, "আইডি": 0.020189003436426115, "bkash": 0.019329896907216492, "amar": 0.018900343642611683, "কোন": 0.018470790378006873, "আছে": 0.017182130584192438, "এই": 0.01675257731958763, "করা": 0.016323024054982815, "কি": 0.015463917525773196, "id": 0.014175257731958763, "kar": 0.013745704467353952, "আমি": 0.01331615120274914, "নামে": 0.01331615120274914, "জানতে": 0.012457044673539518, "card": 0.010738831615120275, "khola": 0.010309278350515464, "kon": 0.010309278350515464, "ta": 0.009879725085910653, "কার্ড": 0.009879725085910653, "diye": 0.009450171821305841, "amr": 0.008591065292096219, "jante": 0.008161512027491408, "ami": 0.007731958762886598, "ki": 0.007731958762886598, "কিভাবে": 0.007731958762886598, "name": 0.006872852233676976, "দিয়ে": 0.006872852233676976, "kora": 0.006443298969072165, "সেটা": 0.006443298969072165, "টা": 0.006013745704467354, "না": 0.006013745704467354, "number": 0.005584192439862543, "নাম্বারে": 0.005584192439862543, "অ্যাকাউন্ট": 0.005154639175257732, "এনআইডি": 0.005154639175257732, "মনে": 0.005154639175257732, "ase": 0.004725085910652921, "পারি": 0.004725085910652921, "চাই": 0.0042955326460481094, "open": 0.003865979381443299, "ti": 0.003865979381443299, "একাউন্টটি": 0.003865979381443299, "জানবো": 0.003865979381443299, "তা": 0.003865979381443299, "যে": 0.003865979381443299, "diya": 0.003436426116838488, "khula": 0.003436426116838488, "এখন": 0.003436426116838488, "টি": 0.003436426116838488, "ভাবে": 0.003436426116838488, "ভোটার": 0.003436426116838488, "রেজিষ্ট্রেশন": 0.003436426116838488, "a": 0.003006872852233677, "er": 0.003006872852233677, "i": 0.003006872852233677, "janbo": 0.003006872852233677, "my": 0.003006872852233677, "এটা": 0.003006872852233677, "জানা": 0.003006872852233677, "bikash": 0.002577319587628866, "dia": 0.002577319587628866, "nai": 0.002577319587628866, "pari": 0.002577319587628866, "seta": 0.002577319587628866, "to": 0.002577319587628866, "এন": 0.002577319587628866, "করবো": 0.002577319587628866, "কিন্তু": 0.002577319587628866, "চাচ্ছি": 0.002577319587628866, "নেই": 0.002577319587628866, "হয়েছে": 0.002577319587628866, "ace": 0.0021477663230240547, "kivabe": 0.0021477663230240547, "mone": 0.0021477663230240547, "parbo": 0.0021477663230240547, "একটা": 0.0021477663230240547, "খুলছি": 0.0021477663230240547, "খুলা": 0.0021477663230240547, "খুলেছি": 0.0021477663230240547, "গেছি": 0.0021477663230240547, "জানি": 0.0021477663230240547, "দেখবো": 0.0021477663230240547, "নাই": 0.0021477663230240547, "নাম্বার": 0.0021477663230240547, "পারবেন": 0.0021477663230240547, "পারবো": 0.0021477663230240547, "ভুলে": 0.0021477663230240547, "ache": 0.001718213058419244, "chai": 0.001718213058419244, "dea": 0.001718213058419244, "dekhbo": 0.001718213058419244, "jana": 0.001718213058419244, "janaben": 0.001718213058419244, "know": 0.001718213058419244, "kore": 0.001718213058419244, "na": 0.001718213058419244, "registration": 0.001718213058419244, "want": 0.001718213058419244, "এইটা": 0.001718213058419244, "করে": 0.001718213058419244, "কাড": 0.001718213058419244, "চেক": 0.001718213058419244, "যাবে": 0.001718213058419244, "ai": 0.001288659793814433, "ata": 0.001288659793814433, "ay": 0.001288659793814433, "but": 0.001288659793814433, "deya": 0.001288659793814433, "e": 0.001288659793814433, "ei": 0.001288659793814433, "eta": 0.001288659793814433, "jabe": 0.001288659793814433, "janta": 0.001288659793814433, "je": 0.001288659793814433, "kono": 0.001288659793814433, "korbo": 0.001288659793814433, "naki": 0.001288659793814433, "namber": 0.001288659793814433, "nei": 0.001288659793814433, "sir": 0.001288659793814433, "te": 0.001288659793814433, "this": 0.001288659793814433, "vaba": 0.001288659793814433, "vai": 0.001288659793814433, "আই": 0.001288659793814433, "আগে": 0.001288659793814433, "একটু": 0.001288659793814433, "করতে": 0.001288659793814433, "খুলছিলাম": 0.001288659793814433, "জাবে": 0.001288659793814433, "ডি": 0.001288659793814433, "নাম": 0.001288659793814433, "পারছি": 0.001288659793814433, "বলবেন": 0.001288659793814433, "বুঝবো": 0.001288659793814433, "সেটি": 0.001288659793814433, "acc": 0.000859106529209622, "acount": 0.000859106529209622, "against": 0.000859106529209622, "aita": 0.000859106529209622, "ammur": 0.000859106529209622, "aye": 0.000859106529209622, "bcash": 0.000859106529209622, "bekash": 0.000859106529209622, "bola": 0.000859106529209622, "bt": 0.000859106529209622, "cacce": 0.000859106529209622, "cacchi": 0.000859106529209622, "can": 0.000859106529209622, "chacchi": 0.000859106529209622, "check": 0.000859106529209622, "die": 0.000859106529209622, "ekta": 0.000859106529209622, "have": 0.000859106529209622, "information": 0.000859106529209622, "is": 0.000859106529209622, "it": 0.000859106529209622, "j": 0.000859106529209622, "khule": 0.000859106529209622, "khulsi": 0.000859106529209622, "khulte": 0.000859106529209622, "kibhabe": 0.000859106529209622, "kindly": 0.000859106529209622, "kmne": 0.000859106529209622, "korte": 0.000859106529209622, "kula": 0.000859106529209622, "me": 0.000859106529209622, "naam": 0.000859106529209622, "please": 0.000859106529209622, "plz": 0.000859106529209622, "reg": 0.000859106529209622, "sei": 0.000859106529209622, "sim": 0.000859106529209622, "theke": 0.000859106529209622, "use": 0.000859106529209622, "vabe": 0.000859106529209622, "অ্যাকাউন্টটি": 0.000859106529209622, "উপায়": 0.000859106529209622, "একাউনট": 0.000859106529209622, "একাউন্ড": 0.000859106529209622, "করছি": 0.000859106529209622, "কিনা": 0.000859106529209622, "কী": 0.000859106529209622, "কেমনে": 0.000859106529209622, "কোনো": 0.000859106529209622, "খুলেছিলাম": 0.000859106529209622, "জাতীয়": 0.000859106529209622, "জানাতে": 0.000859106529209622, "থেকে": 0.000859106529209622, "দেখতে": 0.000859106529209622, "দেখব": 0.000859106529209622, "নম্বর": 0.000859106529209622, "নম্বরে": 0.000859106529209622, "নিবন্ধন": 0.000859106529209622, "পরিচয়পত্র": 0.000859106529209622, "প্লিজ": 0.000859106529209622, "বর্তমানে": 0.000859106529209622, "বলতে": 0.000859106529209622, "বোলতে": 0.000859106529209622, "ভাই": 0.000859106529209622, "সে": 0.000859106529209622, "সেইটা": 0.000859106529209622, "হইছে": 0.000859106529209622, "হচ্ছে": 0.000859106529209622, "-": 0.000429553264604811, "ac": 0.000429553264604811, "aca": 0.000429553264604811, "accaunt": 0.000429553264604811, "accha": 0.000429553264604811, "accont": 0.000429553264604811, "age": 0.000429553264604811, "ager": 0.000429553264604811, "aii": 0.000429553264604811, "akhon": 0.000429553264604811, "akta": 0.000429553264604811, "aktu": 0.000429553264604811, "akunt": 0.000429553264604811, "amare": 0.000429553264604811, "ame": 0.000429553264604811, "amir": 0.000429553264604811, "ammar": 0.000429553264604811, "and": 0.000429553264604811, "another": 0.000429553264604811, "any": 0.000429553264604811, "asa": 0.000429553264604811, "asi": 0.000429553264604811, "baksh": 0.000429553264604811, "because": 0.000429553264604811, "ber": 0.000429553264604811, "bks": 0.000429553264604811, "boj": 0.000429553264604811, "bolben": 0.000429553264604811, "boy": 0.000429553264604811, "bujbo": 0.000429553264604811, "bujhbo": 0.000429553264604811, "cacci": 0.000429553264604811, "cai": 0.000429553264604811, "cause": 0.000429553264604811, "chack": 0.000429553264604811, "chalu": 0.000429553264604811, "chassi": 0.000429553264604811, "chcek": 0.000429553264604811, "cheak": 0.000429553264604811, "cheek": 0.000429553264604811, "chk": 0.000429553264604811, "ci": 0.000429553264604811, "cilam": 0.000429553264604811, "collge": 0.000429553264604811, "confusion": 0.000429553264604811, "dara": 0.000429553264604811, "deay": 0.000429553264604811, "dekbo": 0.000429553264604811, "deken": 0.000429553264604811, "details": 0.000429553264604811, "dewa": 0.000429553264604811, "deye": 0.000429553264604811,