{"account": 0.04595588235294117, "bkash": 0.04044117647058824, "বন্ধ": 0.04044117647058824, "একাউন্ট": 0.03676470588235294, "বিকাশ": 0.03676470588235294, "sim": 0.03125, "ki": 0.027573529411764705, "amar": 0.02022058823529412, "ta": 0.02022058823529412, "না": 0.01838235294117647, "সিম": 0.01838235294117647, "bondho": 0.016544117647058824, "thakbe": 0.016544117647058824, "use": 0.014705882352941176, "কতদিন": 0.014705882352941176, "কি": 0.014705882352941176, "যাবে": 0.014705882352941176, "হয়ে": 0.014705882352941176, "a": 0.01286764705882353, "the": 0.01286764705882353, "আমার": 0.01286764705882353, "ব্যবহার": 0.01286764705882353, "chilo": 0.011029411764705881, "if": 0.011029411764705881, "na": 0.011029411764705881, "onekdin": 0.011029411764705881, "will": 0.011029411764705881, "অনেকদিন": 0.011029411764705881, "করলে": 0.011029411764705881, "chalu": 0.009191176470588236, "for": 0.009191176470588236, "hoye": 0.009191176470588236, "jabe": 0.009191176470588236, "long": 0.009191176470588236, "time": 0.009191176470588236, "থাকবে": 0.009191176470588236, "bebohar": 0.007352941176470588, "i": 0.007352941176470588, "my": 0.007352941176470588, "off": 0.007352941176470588, "একটা": 0.007352941176470588, "থাকলে": 0.007352941176470588, "besh": 0.005514705882352941, "bikash": 0.005514705882352941, "dhore": 0.005514705882352941, "hoina": 0.005514705882352941, "আমি": 0.005514705882352941, "চালু": 0.005514705882352941, "পর": 0.005514705882352941, "রাখলে": 0.005514705882352941, "acount": 0.003676470588235294, "active": 0.003676470588235294, "akn": 0.003676470588235294, "and": 0.003676470588235294, "bkas": 0.003676470588235294, "bocor": 0.003676470588235294, "bondo": 0.003676470588235294, "din": 0.003676470588235294, "do": 0.003676470588235294, "dore": 0.003676470588235294, "ekhn": 0.003676470588235294, "ekhon": 0.003676470588235294, "eta": 0.003676470588235294, "gramin": 0.003676470588235294, "hole": 0.003676470588235294, "is": 0.003676470588235294, "kintu": 0.003676470588235294, "kora": 0.003676470588235294, "korina": 0.003676470588235294, "korle": 0.003676470588235294, "korte": 0.003676470588235294, "lenden": 0.003676470588235294, "not": 0.003676470588235294, "onek": 0.003676470588235294, "pore": 0.003676470588235294, "r": 0.003676470588235294, "remain": 0.003676470588235294, "stop": 0.003676470588235294, "tak": 0.003676470588235294, "thik": 0.003676470588235294, "to": 0.003676470588235294, "vhai": 0.003676470588235294, "অথবা": 0.003676470588235294, "আছে": 0.003676470588235294, "এখন": 0.003676470588235294, "করে": 0.003676470588235294, "কোনো": 0.003676470588235294, "দিন": 0.003676470588235294, "দীর্ঘদিন": 0.003676470588235294, "নাকি": 0.003676470588235294, "সম্ভাবনা": 0.003676470588235294, "সিমটি": 0.003676470588235294, "হওয়ার": 0.003676470588235294, "হবে": 0.003676470588235294, "abar": 0.001838235294117647, "acc": 0.001838235294117647, "ache": 0.001838235294117647, "ami": 0.001838235294117647, "ase": 0.001838235294117647, "be": 0.001838235294117647, "boondho": 0.001838235294117647, "closed": 0.001838235294117647, "don't": 0.001838235294117647, "e": 0.001838235294117647, "ekeber": 0.001838235294117647, "have": 0.001838235294117647, "hobe": 0.001838235294117647, "it": 0.001838235294117647, "keep": 0.001838235294117647, "kichudin": 0.001838235294117647, "kih": 0.001838235294117647, "korchi": 0.001838235294117647, "kori": 0.001838235294117647, "manually": 0.001838235294117647, "obeboharito": 0.001838235294117647, "of": 0.001838235294117647, "oi": 0.001838235294117647, "on": 0.001838235294117647, "open": 0.001838235294117647, "parinai": 0.001838235294117647, "shochol": 0.001838235294117647, "tah": 0.001838235294117647, "thakle": 0.001838235294117647, "tik": 0.001838235294117647, "অনেক": 0.001838235294117647, "আগের": 0.001838235294117647, "এই": 0.001838235294117647, "একাউন্টের": 0.001838235294117647, "এর": 0.001838235294117647, "ওপেন": 0.001838235294117647, "করি": 0.001838235294117647, "কিন্তু": 0.001838235294117647, "কেন": 0.001838235294117647, "কোনটা": 0.001838235294117647, "খুলে": 0.001838235294117647, "চলে": 0.001838235294117647, "ছিল": 0.001838235294117647, "ছিলাম": 0.001838235294117647, "ছিলো": 0.001838235294117647, "টা": 0.001838235294117647, "টাকা": 0.001838235294117647, "তবে": 0.001838235294117647, "দীর্ঘ": 0.001838235294117647, "ধরে": 0.001838235294117647, "নাম্বারে": 0.001838235294117647, "পরে": 0.001838235294117647, "বিকাশে": 0.001838235294117647, "বেশ": 0.001838235294117647, "ভাই": 0.001838235294117647, "মতোই": 0.001838235294117647, "যদি": 0.001838235294117647, "সবসময়ই": 0.001838235294117647, "সহ": 0.001838235294117647, "সিমটা": 0.001838235294117647, "সিমসহ": 0.001838235294117647, "হচ্ছে": 0.001838235294117647}