{"account": 0.05405405405405406, "bkash": 0.042471042471042476, "বিকাশ": 0.03861003861003861, "কি": 0.03474903474903475, "টাকা": 0.03088803088803089, "is": 0.023166023166023165, "ki": 0.023166023166023165, "আমার": 0.023166023166023165, "নিরাপদ": 0.023166023166023165, "e": 0.019305019305019305, "safe": 0.019305019305019305, "একাউন্ট": 0.019305019305019305, "থাকবে": 0.019305019305019305, "taka": 0.015444015444015444, "আমি": 0.015444015444015444, "amar": 0.011583011583011582, "ami": 0.011583011583011582, "how": 0.011583011583011582, "i": 0.011583011583011582, "it": 0.011583011583011582, "nirapod": 0.011583011583011582, "the": 0.011583011583011582, "to": 0.011583011583011582, "অ্যাকাউন্টে": 0.011583011583011582, "অ্যাকাউন্টের": 0.011583011583011582, "কেমন": 0.011583011583011582, "তো": 0.011583011583011582, "বিকাশের": 0.011583011583011582, ">>": 0.007722007722007722, "er": 0.007722007722007722, "in": 0.007722007722007722, "jomano": 0.007722007722007722, "money": 0.007722007722007722, "my": 0.007722007722007722, "secure": 0.007722007722007722, "এ": 0.007722007722007722, "করব": 0.007722007722007722, "করা": 0.007722007722007722, "নিরাপত্তা": 0.007722007722007722, "ব্যবস্থা": 0.007722007722007722, "যদি": 0.007722007722007722, "লেনদেন": 0.007722007722007722, "সমস্যা": 0.007722007722007722, "সেইফ": 0.007722007722007722, "হবে": 0.007722007722007722, "a": 0.003861003861003861, "accountt": 0.003861003861003861, "at": 0.003861003861003861, "be": 0.003861003861003861, "bkas": 0.003861003861003861, "can": 0.003861003861003861, "chaile": 0.003861003861003861, "do": 0.003861003861003861, "get": 0.003861003861003861, "if": 0.003861003861003861, "insecure": 0.003861003861003861, "janaban": 0.003861003861003861, "jonno": 0.003861003861003861, "kache": 0.003861003861003861, "keep": 0.003861003861003861, "kemon": 0.003861003861003861, "kivabe": 0.003861003861003861, "know": 0.003861003861003861, "korbo": 0.003861003861003861, "korte": 0.003861003861003861, "koto": 0.003861003861003861, "lost": 0.003861003861003861, "mobile": 0.003861003861003861, "nirapob": 0.003861003861003861, "of": 0.003861003861003861, "okay": 0.003861003861003861, "otp": 0.003861003861003861, "pari": 0.003861003861003861, "rakha": 0.003861003861003861, "rakhar": 0.003861003861003861, "rakhata": 0.003861003861003861, "rakhbo": 0.003861003861003861, "run": 0.003861003861003861, "saftey": 0.003861003861003861, "security": 0.003861003861003861, "ta": 0.003861003861003861, "this": 0.003861003861003861, "tk": 0.003861003861003861, "transact": 0.003861003861003861, "vorosha": 0.003861003861003861, "what": 0.003861003861003861, "will": 0.003861003861003861, "অনেকদিন": 0.003861003861003861, "অ্যাকাউন্ট": 0.003861003861003861, "আকাউন্টের": 0.003861003861003861, "আচ্ছা": 0.003861003861003861, "আছে": 0.003861003861003861, "একাউণ্ট": 0.003861003861003861, "এখানে": 0.003861003861003861, "ওটিপি": 0.003861003861003861, "কতটুকু": 0.003861003861003861, "কততুকু": 0.003861003861003861, "করি": 0.003861003861003861, "কারো": 0.003861003861003861, "কাসে": 0.003861003861003861, "কোনো": 0.003861003861003861, "গেলে": 0.003861003861003861, "চাচ্ছি": 0.003861003861003861, "চাচ্ছে": 0.003861003861003861, "চালাই": 0.003861003861003861, "ছায়": 0.003861003861003861, "জানতে": 0.003861003861003861, "ঠিক": 0.003861003861003861, "তথ্য": 0.003861003861003861, "তাহলে": 0.003861003861003861, "ধরে": 0.003861003861003861, "নিরাপদে": 0.003861003861003861, "পিন": 0.003861003861003861, "প্রয়োজন": 0.003861003861003861, "বিকাশে": 0.003861003861003861, "মত": 0.003861003861003861, "মোবাইলে": 0.003861003861003861, "রাখবো": 0.003861003861003861, "রাখা": 0.003861003861003861, "রাখার": 0.003861003861003861, "রাখি": 0.003861003861003861, "রয়েছে": 0.003861003861003861, "শেয়ার": 0.003861003861003861, "সাথে": 0.003861003861003861, "সিকিউরিটি": 0.003861003861003861, "সিকুরিটি": 0.003861003861003861, "হারিয়ে": 0.003861003861003861}