{"চার্জ": 0.04807692307692307, "charge": 0.040865384615384616, "money": 0.03365384615384615, "add": 0.03125, "থেকে": 0.03125, "অ্যাড": 0.026442307692307692, "টাকা": 0.026442307692307692, "card": 0.024038461538461536, "কত": 0.021634615384615384, "ব্যাংক": 0.021634615384615384, "taka": 0.01923076923076923, "আছে": 0.016826923076923076, "বিকাশ": 0.016826923076923076, "মানি": 0.016826923076923076, "bikash": 0.014423076923076922, "e": 0.014423076923076922, "from": 0.014423076923076922, "এ": 0.014423076923076922, "bank": 0.012019230769230768, "hobe": 0.012019230769230768, "kono": 0.012019230769230768, "koto": 0.012019230769230768, "teke": 0.012019230769230768, "visa": 0.012019230769230768, "কার্ড": 0.012019230769230768, "কোনো": 0.012019230769230768, "ক্ষেত্রে": 0.012019230769230768, "হবে": 0.012019230769230768, "about": 0.009615384615384614, "amar": 0.009615384615384614, "me": 0.009615384615384614, "patate": 0.009615384615384614, "tell": 0.009615384615384614, "কাটা": 0.009615384615384614, "কোন": 0.009615384615384614, "বিকাশে": 0.009615384615384614, "bkash": 0.007211538461538461, "dite": 0.007211538461538461, "how": 0.007211538461538461, "i": 0.007211538461538461, "in": 0.007211538461538461, "master": 0.007211538461538461, "much": 0.007211538461538461, "of": 0.007211538461538461, "please": 0.007211538461538461, "to": 0.007211538461538461, "আনতে": 0.007211538461538461, "এর": 0.007211538461538461, "কি": 0.007211538461538461, "মাস্টারকার্ড": 0.007211538461538461, "akount": 0.004807692307692307, "ami": 0.004807692307692307, "be": 0.004807692307692307, "case": 0.004807692307692307, "deducted": 0.004807692307692307, "extra": 0.004807692307692307, "is": 0.004807692307692307, "jodi": 0.004807692307692307, "kata": 0.004807692307692307, "katbe": 0.004807692307692307, "korle": 0.004807692307692307, "mony": 0.004807692307692307, "theke": 0.004807692307692307, "will": 0.004807692307692307, "you": 0.004807692307692307, "অন্য": 0.004807692307692307, "আমার": 0.004807692307692307, "আমি": 0.004807692307692307, "করতে": 0.004807692307692307, "টু": 0.004807692307692307, "দিতে": 0.004807692307692307, "পাঠাতে": 0.004807692307692307, "প্রকার": 0.004807692307692307, "মানিতে": 0.004807692307692307, "সোনালী": 0.004807692307692307, "হাজারে": 0.004807692307692307, "হয়": 0.004807692307692307, "হয়ে": 0.004807692307692307, "account": 0.0024038461538461535, "ad": 0.0024038461538461535, "ads": 0.0024038461538461535, "ame": 0.0024038461538461535, "ani": 0.0024038461538461535, "ante": 0.0024038461538461535, "any": 0.0024038461538461535, "applicable": 0.0024038461538461535, "ase": 0.0024038461538461535, "can": 0.0024038461538461535, "chai": 0.0024038461538461535, "chrge": 0.0024038461538461535, "fee": 0.0024038461538461535, "have": 0.0024038461538461535, "hi": 0.0024038461538461535, "if": 0.0024038461538461535, "information": 0.0024038461538461535, "janaben": 0.0024038461538461535, "khetre": 0.0024038461538461535, "know": 0.0024038461538461535, "korte": 0.0024038461538461535, "lage": 0.0024038461538461535, "mastercard": 0.0024038461538461535, "my": 0.0024038461538461535, "need": 0.0024038461538461535, "niben": 0.0024038461538461535, "on": 0.0024038461538461535, "plz": 0.0024038461538461535, "sei": 0.0024038461538461535, "thaka": 0.0024038461538461535, "the": 0.0024038461538461535, "there": 0.0024038461538461535, "transaction": 0.0024038461538461535, "want": 0.0024038461538461535, "would": 0.0024038461538461535, "অগ্রণী": 0.0024038461538461535, "অ্যাকাউন্ট": 0.0024038461538461535, "আনবো": 0.0024038461538461535, "আসলে": 0.0024038461538461535, "ইসলামী": 0.0024038461538461535, "একাউন্ট": 0.0024038461538461535, "এক্সট্রা": 0.0024038461538461535, "করা": 0.0024038461538461535, "কাটবে": 0.0024038461538461535, "কার্ডের": 0.0024038461538461535, "জানাবেন": 0.0024038461538461535, "তে": 0.0024038461538461535, "দিয়ে": 0.0024038461538461535, "নিতে": 0.0024038461538461535, "নিয়ে": 0.0024038461538461535, "নেওয়া": 0.0024038461538461535, "পরিমাণ": 0.0024038461538461535, "ভিসা": 0.0024038461538461535, "মাধ্যমে": 0.0024038461538461535, "রাখতে": 0.0024038461538461535, "লাগে": 0.0024038461538461535}