{"agent": 0.04785894206549118, "account": 0.027707808564231738, "bondho": 0.027707808564231738, "bkash": 0.02267002518891688, "বন্ধ": 0.02267002518891688, "amar": 0.020151133501259445, "ki": 0.020151133501259445, "এজেন্ট": 0.020151133501259445, "করতে": 0.020151133501259445, "sim": 0.015113350125944584, "ta": 0.015113350125944584, "একাউন্ট": 0.015113350125944584, "close": 0.012594458438287154, "jonno": 0.012594458438287154, "korte": 0.012594458438287154, "vhaai": 0.012594458438287154, "i": 0.010075566750629723, "kore": 0.010075566750629723, "mobile": 0.010075566750629723, "আমার": 0.010075566750629723, "জন্য": 0.010075566750629723, "ache": 0.007556675062972292, "ami": 0.007556675062972292, "churi": 0.007556675062972292, "diner": 0.007556675062972292, "jodi": 0.007556675062972292, "kichu": 0.007556675062972292, "kora": 0.007556675062972292, "korbo": 0.007556675062972292, "my": 0.007556675062972292, "number": 0.007556675062972292, "samoyik": 0.007556675062972292, "to": 0.007556675062972292, "করে": 0.007556675062972292, "চাই": 0.007556675062972292, "টা": 0.007556675062972292, "বিকাশ": 0.007556675062972292, "aa": 0.005037783375314861, "abar": 0.005037783375314861, "accha": 0.005037783375314861, "apnader": 0.005037783375314861, "chalu": 0.005037783375314861, "chole": 0.005037783375314861, "days": 0.005037783375314861, "ekhn": 0.005037783375314861, "ektu": 0.005037783375314861, "emon": 0.005037783375314861, "for": 0.005037783375314861, "hobe": 0.005037783375314861, "how": 0.005037783375314861, "hoye": 0.005037783375314861, "is": 0.005037783375314861, "j": 0.005037783375314861, "kivabe": 0.005037783375314861, "kono": 0.005037783375314861, "maddhom": 0.005037783375314861, "off": 0.005037783375314861, "oitate": 0.005037783375314861, "temporary": 0.005037783375314861, "thakbe": 0.005037783375314861, "the": 0.005037783375314861, "tk": 0.005037783375314861, "vabe": 0.005037783375314861, "vhai": 0.005037783375314861, "want": 0.005037783375314861, "আমি": 0.005037783375314861, "কি": 0.005037783375314861, "কিছু": 0.005037783375314861, "কিছুদিন": 0.005037783375314861, "চাচ্ছি": 0.005037783375314861, "যে": 0.005037783375314861, "a": 0.0025188916876574307, "age": 0.0025188916876574307, "agent's": 0.0025188916876574307, "apni": 0.0025188916876574307, "bahira": 0.0025188916876574307, "been": 0.0025188916876574307, "bolben": 0.0025188916876574307, "bolun": 0.0025188916876574307, "can": 0.0025188916876574307, "chilo": 0.0025188916876574307, "deactive": 0.0025188916876574307, "dekhben": 0.0025188916876574307, "den": 0.0025188916876574307, "desher": 0.0025188916876574307, "diben": 0.0025188916876574307, "do": 0.0025188916876574307, "dokan": 0.0025188916876574307, "dorkar": 0.0025188916876574307, "ebong": 0.0025188916876574307, "ekhno": 0.0025188916876574307, "ekhon": 0.0025188916876574307, "ekta": 0.0025188916876574307, "few": 0.0025188916876574307, "geche": 0.0025188916876574307, "geseh": 0.0025188916876574307, "has": 0.0025188916876574307, "helpliner": 0.0025188916876574307, "hole": 0.0025188916876574307, "hoyeche": 0.0025188916876574307, "it": 0.0025188916876574307, "jaabe": 0.0025188916876574307, "jaabeamar": 0.0025188916876574307, "jaay": 0.0025188916876574307, "jabe": 0.0025188916876574307, "jacchi": 0.0025188916876574307, "janaar": 0.0025188916876574307, "kechu": 0.0025188916876574307, "keno": 0.0025188916876574307, "khon": 0.0025188916876574307, "kinaa": 0.0025188916876574307, "korechi": 0.0025188916876574307, "kori": 0.0025188916876574307, "lost": 0.0025188916876574307, "madhome": 0.0025188916876574307, "mam": 0.0025188916876574307, "me": 0.0025188916876574307, "na": 0.0025188916876574307, "naki": 0.0025188916876574307, "nambarta": 0.0025188916876574307, "nijer": 0.0025188916876574307, "nirapottar": 0.0025188916876574307, "now": 0.0025188916876574307, "of": 0.0025188916876574307, "open": 0.0025188916876574307, "parbo": 0.0025188916876574307, "phone": 0.0025188916876574307, "please": 0.0025188916876574307, "plz": 0.0025188916876574307, "pore": 0.0025188916876574307, "possible": 0.0025188916876574307, "pparbo": 0.0025188916876574307, "procedure": 0.0025188916876574307, "r": 0.0025188916876574307, "rakhbo": 0.0025188916876574307, "royeche": 0.0025188916876574307, "samokoyik": 0.0025188916876574307, "should": 0.0025188916876574307, "simm": 0.0025188916876574307, "sir": 0.0025188916876574307, "some": 0.0025188916876574307, "stolen": 0.0025188916876574307, "taa": 0.0025188916876574307, "taholee": 0.0025188916876574307, "tai": 0.0025188916876574307, "taka": 0.0025188916876574307, "tell": 0.0025188916876574307, "temporarily": 0.0025188916876574307, "thake": 0.0025188916876574307, "thakee": 0.0025188916876574307, "that": 0.0025188916876574307, "theke": 0.0025188916876574307, "what": 0.0025188916876574307, "অল্প": 0.0025188916876574307, "আবার": 0.0025188916876574307, "আমাকে": 0.0025188916876574307, "এটা": 0.0025188916876574307, "ঐ": 0.0025188916876574307, "করা": 0.0025188916876574307, "কিছুদিনের": 0.0025188916876574307, "কিভাবে": 0.0025188916876574307, "কোনো": 0.0025188916876574307, "খুঁজে": 0.0025188916876574307, "গেছে": 0.0025188916876574307, "চাইলাম": 0.0025188916876574307, "চালু": 0.0025188916876574307, "জাতে": 0.0025188916876574307, "জানাবেন": 0.0025188916876574307, "ত": 0.0025188916876574307, "তাই": 0.0025188916876574307, "দিনের": 0.0025188916876574307, "নম্বর": 0.0025188916876574307, "না": 0.0025188916876574307, "নাম্বার": 0.0025188916876574307, "নিরাপত্তার": 0.0025188916876574307, "পদ্ধতি": 0.0025188916876574307, "পর": 0.0025188916876574307, "পাচ্ছিনা": 0.0025188916876574307, "পারি": 0.0025188916876574307, "পুনরায়": 0.0025188916876574307, "প্রয়োজনে": 0.0025188916876574307, "বললেন": 0.0025188916876574307, "বলুন": 0.0025188916876574307, "বিশেষ": 0.0025188916876574307, "বুন্ধ": 0.0025188916876574307, "ভাবে": 0.0025188916876574307, "মোবাইল": 0.0025188916876574307, "মোবাইলটা": 0.0025188916876574307, "যদি": 0.0025188916876574307, "যাবে": 0.0025188916876574307, "যায়": 0.0025188916876574307, "রাখব": 0.0025188916876574307, "রাখা": 0.0025188916876574307, "রাখার": 0.0025188916876574307, "সম্ভব": 0.0025188916876574307, "সময়": 0.0025188916876574307, "সময়ের": 0.0025188916876574307, "সাময়িক": 0.0025188916876574307, "সিম": 0.0025188916876574307, "সিমটি": 0.0025188916876574307, "সিমযুক্ত": 0.0025188916876574307, "হবে": 0.0025188916876574307, "হারিয়ে": 0.0025188916876574307}