{"এজেন্ট": 0.04784688995215311, "আমি": 0.03987240829346093, "জন্য": 0.03349282296650718, "আবেদন": 0.02870813397129187, "বিকাশ": 0.02870813397129187, "এর": 0.025518341307814992, "agent": 0.019138755980861243, "bkash": 0.014354066985645935, "কোন": 0.014354066985645935, "er": 0.012759170653907496, "আগে": 0.012759170653907496, "কিন্তু": 0.01116427432216906, "না": 0.01116427432216906, "একটা": 0.009569377990430622, "খবর": 0.009569377990430622, "সিম": 0.009569377990430622, "ami": 0.007974481658692184, "অনলাইনে": 0.007974481658692184, "আমার": 0.007974481658692184, "এখনো": 0.007974481658692184, "করেছি": 0.007974481658692184, "জানতে": 0.007974481658692184, "দিয়েছি": 0.007974481658692184, "নিতে": 0.007974481658692184, "jonno": 0.006379585326953748, "o": 0.006379585326953748, "আমাকে": 0.006379585326953748, "এখন": 0.006379585326953748, "করছি": 0.006379585326953748, "চাই": 0.006379585326953748, "চাচ্ছি": 0.006379585326953748, "তথ্য": 0.006379585326953748, "নাই": 0.006379585326953748, "হবে": 0.006379585326953748, "apply": 0.004784688995215311, "jante": 0.004784688995215311, "request": 0.004784688995215311, "অনেকদিন": 0.004784688995215311, "উত্তর": 0.004784688995215311, "ও": 0.004784688995215311, "করেছিলাম": 0.004784688995215311, "কাগজপত্র": 0.004784688995215311, "জমা": 0.004784688995215311, "তবে": 0.004784688995215311, "পাচ্ছি": 0.004784688995215311, "সব": 0.004784688995215311, "abidon": 0.003189792663476874, "akta": 0.003189792663476874, "din": 0.003189792663476874, "diyesi": 0.003189792663476874, "hobe": 0.003189792663476874, "joma": 0.003189792663476874, "kno": 0.003189792663476874, "korse": 0.003189792663476874, "koto": 0.003189792663476874, "office": 0.003189792663476874, "por": 0.003189792663476874, "sim": 0.003189792663476874, "update": 0.003189792663476874, "আছে": 0.003189792663476874, "আজ": 0.003189792663476874, "আপনাদের": 0.003189792663476874, "আপনারা": 0.003189792663476874, "এ": 0.003189792663476874, "এইটা": 0.003189792663476874, "একটি": 0.003189792663476874, "একটু": 0.003189792663476874, "একাউন্ট": 0.003189792663476874, "কত": 0.003189792663476874, "করি": 0.003189792663476874, "করে": 0.003189792663476874, "কাগজ": 0.003189792663476874, "কাছে": 0.003189792663476874, "কিছু": 0.003189792663476874, "কোনো": 0.003189792663476874, "গেছে": 0.003189792663476874, "ছিলাম": 0.003189792663476874, "তা": 0.003189792663476874, "তাই": 0.003189792663476874, "থেকে": 0.003189792663476874, "দিতে": 0.003189792663476874, "দিন": 0.003189792663476874, "নাম্বার": 0.003189792663476874, "নেওয়া": 0.003189792663476874, "নেওয়ার": 0.003189792663476874, "পনেরোদিন": 0.003189792663476874, "পাইনি": 0.003189792663476874, "পারবেন": 0.003189792663476874, "প্রায়": 0.003189792663476874, "মাস": 0.003189792663476874, "যদি": 0.003189792663476874, "সকল": 0.003189792663476874, "সময়": 0.003189792663476874, "সে": 0.003189792663476874, "সেটা": 0.003189792663476874, "স্যার": 0.003189792663476874, "actv": 0.001594896331738437, "age": 0.001594896331738437, "ai": 0.001594896331738437, "ajent": 0.001594896331738437, "akhon": 0.001594896331738437, "akohno": 0.001594896331738437, "ama": 0.001594896331738437, "amar": 0.001594896331738437, "ans": 0.001594896331738437, "apnader": 0.001594896331738437, "apps": 0.001594896331738437, "asaci": 0.001594896331738437, "aste": 0.001594896331738437, "bkas": 0.001594896331738437, "bkass": 0.001594896331738437, "bolte": 0.001594896331738437, "but": 0.001594896331738437, "chai": 0.001594896331738437, "chaschi": 0.001594896331738437, "chassilam": 0.001594896331738437, "conditions": 0.001594896331738437, "deya": 0.001594896331738437, "deyesi": 0.001594896331738437, "dicha": 0.001594896331738437, "dicilam": 0.001594896331738437, "dinlage": 0.001594896331738437, "disce": 0.001594896331738437, "distributor": 0.001594896331738437, "diya": 0.001594896331738437, "ekn": 0.001594896331738437, "g": 0.001594896331738437, "giya": 0.001594896331738437, "hello": 0.001594896331738437, "hoise": 0.001594896331738437, "houyar": 0.001594896331738437, "janaben": 0.001594896331738437, "jonne": 0.001594896331738437, "k": 0.001594896331738437, "khulte": 0.001594896331738437, "kintu": 0.001594896331738437, "kono": 0.001594896331738437, "korcilm": 0.001594896331738437, "koresilam": 0.001594896331738437, "kotodin": 0.001594896331738437, "lage": 0.001594896331738437, "last": 0.001594896331738437, "month": 0.001594896331738437, "moto": 0.001594896331738437, "na": 0.001594896331738437, "nai": 0.001594896331738437, "nawyar": 0.001594896331738437, "number": 0.001594896331738437, "pai": 0.001594896331738437, "paper": 0.001594896331738437, "papers": 0.001594896331738437, "paren": 0.001594896331738437, "pawar": 0.001594896331738437, "paynay": 0.001594896331738437, "pete": 0.001594896331738437, "peyesi": 0.001594896331738437, "r": 0.001594896331738437, "rakcilam": 0.001594896331738437, "responce": 0.001594896331738437, "signature": 0.001594896331738437, "silo": 0.001594896331738437, "sms": 0.001594896331738437, "sob": 0.001594896331738437, "somoi": 0.001594896331738437, "ta": 0.001594896331738437, "thaka": 0.001594896331738437, "theka": 0.001594896331738437, "tottho": 0.001594896331738437, "অন-লাইনে": 0.001594896331738437, "অনুরুধ": 0.001594896331738437, "অনেক": 0.001594896331738437, "অবস্থা": 0.001594896331738437, "অবিজুগ": 0.001594896331738437, "অব্দি": 0.001594896331738437, "আইডি": 0.001594896331738437, "আচ্ছা": 0.001594896331738437, "আছিল": 0.001594896331738437, "আজেন্ট": 0.001594896331738437, "আপডেট": 0.001594896331738437, "আমাত": 0.001594896331738437, "আসতে": 0.001594896331738437, "আসলে": 0.001594896331738437, "আসেনি": 0.001594896331738437, "এই": 0.001594896331738437, "একজন": 0.001594896331738437, "এখানে": 0.001594896331738437, "এজেনটের": 0.001594896331738437, "এজেন্টশীপ": 0.001594896331738437, "এজেন্টের": 0.001594896331738437, "এপলাই": 0.001594896331738437, "এলাকার": 0.001594896331738437, "কখন": 0.001594896331738437, "কতদিন": 0.001594896331738437, "কবে": 0.001594896331738437, "করছিলাম": 0.001594896331738437, "করছে": 0.001594896331738437, "করতেছি": 0.001594896331738437, "করতেছে": 0.001594896331738437, "করলাম": 0.001594896331738437, "করা": 0.001594896331738437, "করার": 0.001594896331738437, "করেছে": 0.001594896331738437, "করেন": 0.001594896331738437, "কাড": 0.001594896331738437, "কার্যকর": 0.001594896331738437, "কালকে": 0.001594896331738437, "কি": 0.001594896331738437, "কিছুই": 0.001594896331738437, "কিন্তুু": 0.001594896331738437, "কেউ": 0.001594896331738437, "কেন": 0.001594896331738437, "কয়দিন": 0.001594896331738437, "খুব": 0.001594896331738437, "খুলে": 0.001594896331738437, "খোঁজ": 0.001594896331738437, "গতকাল": 0.001594896331738437, "গ্রহণ": 0.001594896331738437, "চাচ্ছিলাম": 0.001594896331738437, "চালু": 0.001594896331738437, "চাসসছিলাম": 0.001594896331738437, "চিমের": 0.001594896331738437, "চেক": 0.001594896331738437, "চেসটা": 0.001594896331738437, "ছবি": 0.001594896331738437, "জন": 0.001594896331738437, "জন্ন্যে": 0.001594896331738437, "জন‍্য": 0.001594896331738437, "জমাও": 0.001594896331738437, "জানালো": 0.001594896331738437, "জাবত": 0.001594896331738437, "জুরুরি": 0.001594896331738437, "টা": 0.001594896331738437, "টাকা": 0.001594896331738437, "টাহলে": 0.001594896331738437, "টিন": 0.001594896331738437, "ট্রেড": 0.001594896331738437, "ঠিক": 0.001594896331738437, "ডিসটোবিটারের": 0.001594896331738437, "তো": 0.001594896331738437, "থাক": 0.001594896331738437, "দিনের": 0.001594896331738437, "দিলাম": 0.001594896331738437, "দিয়ে": 0.001594896331738437, "দেই": 0.001594896331738437, "দেওয়া": 0.001594896331738437, "দোকান": 0.001594896331738437, "দয়া": 0.001594896331738437, "ধরে": 0.001594896331738437, "নিবার": 0.001594896331738437, "নেই": 0.001594896331738437, "নেওয়ার": 0.001594896331738437, "নোটিফিকেশন": 0.001594896331738437, "পত্র": 0.001594896331738437, "পরিমান": 0.001594896331738437, "পর্যন্ত": 0.001594896331738437, "পাই": 0.001594896331738437, "পাওয়ার": 0.001594896331738437, "পাঠিয়েছিলাম": 0.001594896331738437, "পাঠয়েছি": 0.001594896331738437, "প্রথম": 0.001594896331738437,