{"pin": 0.06513409961685825, "agent": 0.05747126436781609, "পিন": 0.038314176245210725, "reset": 0.03065134099616858, "account": 0.02681992337164751, "এজেন্ট": 0.02681992337164751, "er": 0.022988505747126436, "korbo": 0.022988505747126436, "ami": 0.019157088122605363, "i": 0.019157088122605363, "my": 0.019157088122605363, "amar": 0.01532567049808429, "lock": 0.01532567049808429, "লক": 0.01532567049808429, "ajent": 0.011494252873563218, "how": 0.011494252873563218, "lok": 0.011494252873563218, "ta": 0.011494252873563218, "আমার": 0.011494252873563218, "এজেন": 0.011494252873563218, "গেছে": 0.011494252873563218, "রিসেট": 0.011494252873563218, "block": 0.007662835249042145, "do": 0.007662835249042145, "ekaunt": 0.007662835249042145, "gece": 0.007662835249042145, "is": 0.007662835249042145, "janaben": 0.007662835249042145, "kemne": 0.007662835249042145, "kore": 0.007662835249042145, "korte": 0.007662835249042145, "riset": 0.007662835249042145, "sim": 0.007662835249042145, "thik": 0.007662835249042145, "to": 0.007662835249042145, "want": 0.007662835249042145, "একাউন্টের": 0.007662835249042145, "এর": 0.007662835249042145, "করতে": 0.007662835249042145, "করার": 0.007662835249042145, "করে": 0.007662835249042145, "টিক": 0.007662835249042145, "দেন": 0.007662835249042145, "হয়ে": 0.007662835249042145, "acc": 0.0038314176245210726, "agant": 0.0038314176245210726, "am": 0.0038314176245210726, "ame": 0.0038314176245210726, "amr": 0.0038314176245210726, "an": 0.0038314176245210726, "back": 0.0038314176245210726, "bkash": 0.0038314176245210726, "bolsi": 0.0038314176245210726, "bul": 0.0038314176245210726, "cai": 0.0038314176245210726, "caitesi": 0.0038314176245210726, "ejent": 0.0038314176245210726, "ekta": 0.0038314176245210726, "fast": 0.0038314176245210726, "gase": 0.0038314176245210726, "gele": 0.0038314176245210726, "get": 0.0038314176245210726, "halp": 0.0038314176245210726, "hoi": 0.0038314176245210726, "hoia": 0.0038314176245210726, "holder": 0.0038314176245210726, "hoya": 0.0038314176245210726, "hye": 0.0038314176245210726, "kebabe": 0.0038314176245210726, "ki": 0.0038314176245210726, "korar": 0.0038314176245210726, "locked": 0.0038314176245210726, "me": 0.0038314176245210726, "mere": 0.0038314176245210726, "nambar": 0.0038314176245210726, "number": 0.0038314176245210726, "of": 0.0038314176245210726, "oise": 0.0038314176245210726, "password": 0.0038314176245210726, "please": 0.0038314176245210726, "problem": 0.0038314176245210726, "pzl": 0.0038314176245210726, "sir": 0.0038314176245210726, "sir-": 0.0038314176245210726, "solve": 0.0038314176245210726, "somehow": 0.0038314176245210726, "the": 0.0038314176245210726, "ti": 0.0038314176245210726, "tik": 0.0038314176245210726, "upay": 0.0038314176245210726, "অই": 0.0038314176245210726, "অ্যাকাউন": 0.0038314176245210726, "অ্যাকাউন্টের": 0.0038314176245210726, "আপু": 0.0038314176245210726, "আমি": 0.0038314176245210726, "উপায়ডা": 0.0038314176245210726, "একজন": 0.0038314176245210726, "একাউন": 0.0038314176245210726, "একাউন্ট": 0.0038314176245210726, "একাউন্ত": 0.0038314176245210726, "এজেন্টের": 0.0038314176245210726, "করব": 0.0038314176245210726, "করা": 0.0038314176245210726, "করি": 0.0038314176245210726, "কারনে": 0.0038314176245210726, "কিভাবে": 0.0038314176245210726, "কীভাবে": 0.0038314176245210726, "কেম্নে": 0.0038314176245210726, "গেসে": 0.0038314176245210726, "চাই": 0.0038314176245210726, "জানাবেন": 0.0038314176245210726, "ঠিক": 0.0038314176245210726, "নতুন": 0.0038314176245210726, "নাম্বার": 0.0038314176245210726, "পারি": 0.0038314176245210726, "পিনকোড": 0.0038314176245210726, "পিনলক": 0.0038314176245210726, "বলছি": 0.0038314176245210726, "বলছিলাম": 0.0038314176245210726, "বলবেন": 0.0038314176245210726, "বলসি": 0.0038314176245210726, "বলেন": 0.0038314176245210726, "বিকাশ": 0.0038314176245210726, "ভাই": 0.0038314176245210726, "ভুল": 0.0038314176245210726, "যাবে": 0.0038314176245210726, "রেসেট": 0.0038314176245210726, "রেসেত": 0.0038314176245210726, "সিম": 0.0038314176245210726, "সিমের": 0.0038314176245210726, "সেট": 0.0038314176245210726, "হয়ে": 0.0038314176245210726, "হোল্ডার": 0.0038314176245210726, "হয়েছে": 0.0038314176245210726}