{"agent": 0.04953560371517028, "এজেন্ট": 0.03715170278637771, "আমি": 0.02476780185758514, "কমিশন": 0.02476780185758514, "টাকা": 0.02476780185758514, "একাউন্ট": 0.018575851393188854, "কত": 0.018575851393188854, "er": 0.015479876160990712, "ki": 0.015479876160990712, "আমার": 0.015479876160990712, "এর": 0.015479876160990712, "খুললে": 0.015479876160990712, "account": 0.01238390092879257, "commission": 0.01238390092879257, "sir": 0.01238390092879257, "নতুন": 0.01238390092879257, "বিকাশ": 0.01238390092879257, "about": 0.009287925696594427, "amar": 0.009287925696594427, "ami": 0.009287925696594427, "bkash": 0.009287925696594427, "cash": 0.009287925696594427, "details": 0.009287925696594427, "i": 0.009287925696594427, "koto": 0.009287925696594427, "me": 0.009287925696594427, "please": 0.009287925696594427, "tell": 0.009287925696594427, "আছে": 0.009287925696594427, "একটু": 0.009287925696594427, "এজেন্টের": 0.009287925696594427, "কতো": 0.009287925696594427, "খুলে": 0.009287925696594427, "বোনাস": 0.009287925696594427, "amake": 0.006191950464396285, "ame": 0.006191950464396285, "commison": 0.006191950464396285, "ekjon": 0.006191950464396285, "in": 0.006191950464396285, "incentive": 0.006191950464396285, "janaben": 0.006191950464396285, "kno": 0.006191950464396285, "korle": 0.006191950464396285, "out": 0.006191950464396285, "pabo": 0.006191950464396285, "একজন": 0.006191950464396285, "একটা": 0.006191950464396285, "কাস্টমার": 0.006191950464396285, "কি": 0.006191950464396285, "কিভাবে": 0.006191950464396285, "কে": 0.006191950464396285, "চাচ্ছি": 0.006191950464396285, "দিলে": 0.006191950464396285, "দেয়": 0.006191950464396285, "বলবেন": 0.006191950464396285, "লাব": 0.006191950464396285, "লাভ": 0.006191950464396285, "স্যার": 0.006191950464396285, "হবে": 0.006191950464396285, ">>": 0.0030959752321981426, "a": 0.0030959752321981426, "accha": 0.0030959752321981426, "akon": 0.0030959752321981426, "an": 0.0030959752321981426, "apnader": 0.0030959752321981426, "asa": 0.0030959752321981426, "ba": 0.0030959752321981426, "bebsa": 0.0030959752321981426, "benefits": 0.0030959752321981426, "bepare": 0.0030959752321981426, "bishoi": 0.0030959752321981426, "bolben": 0.0030959752321981426, "bonus": 0.0030959752321981426, "bosilam": 0.0030959752321981426, "can": 0.0030959752321981426, "chai": 0.0030959752321981426, "comison": 0.0030959752321981426, "commision": 0.0030959752321981426, "commißon": 0.0030959752321981426, "customer": 0.0030959752321981426, "dei": 0.0030959752321981426, "dile": 0.0030959752321981426, "dokana": 0.0030959752321981426, "ektu": 0.0030959752321981426, "from": 0.0030959752321981426, "gahoke": 0.0030959752321981426, "get": 0.0030959752321981426, "have": 0.0030959752321981426, "here": 0.0030959752321981426, "holder": 0.0030959752321981426, "how": 0.0030959752321981426, "information": 0.0030959752321981426, "janbo": 0.0030959752321981426, "jante": 0.0030959752321981426, "jonno": 0.0030959752321981426, "kamne": 0.0030959752321981426, "kesu": 0.0030959752321981426, "khule": 0.0030959752321981426, "khulle": 0.0030959752321981426, "kirokom": 0.0030959752321981426, "know": 0.0030959752321981426, "kore": 0.0030959752321981426, "lenden": 0.0030959752321981426, "luv": 0.0030959752321981426, "monthly": 0.0030959752321981426, "much": 0.0030959752321981426, "my": 0.0030959752321981426, "naki": 0.0030959752321981426, "of": 0.0030959752321981426, "paabee": 0.0030959752321981426, "pabe": 0.0030959752321981426, "pai": 0.0030959752321981426, "proti": 0.0030959752321981426, "provide": 0.0030959752321981426, "royece": 0.0030959752321981426, "sim": 0.0030959752321981426, "subida": 0.0030959752321981426, "taka": 0.0030959752321981426, "the": 0.0030959752321981426, "to": 0.0030959752321981426, "tottho": 0.0030959752321981426, "want": 0.0030959752321981426, "you": 0.0030959752321981426, "অথবা": 0.0030959752321981426, "আমরা": 0.0030959752321981426, "আমাকে": 0.0030959752321981426, "একদম": 0.0030959752321981426, "এহন": 0.0030959752321981426, "করলাম": 0.0030959752321981426, "করা": 0.0030959752321981426, "করি": 0.0030959752321981426, "কিছু": 0.0030959752321981426, "কোনো": 0.0030959752321981426, "ক্ষেত্রে": 0.0030959752321981426, "গ্রাহক": 0.0030959752321981426, "জন্য": 0.0030959752321981426, "জানতে": 0.0030959752321981426, "জানব": 0.0030959752321981426, "জানান": 0.0030959752321981426, "টাকার": 0.0030959752321981426, "তাই": 0.0030959752321981426, "তাহলে": 0.0030959752321981426, "দিবেন": 0.0030959752321981426, "দিয়ে": 0.0030959752321981426, "দেওয়ার": 0.0030959752321981426, "দোকান": 0.0030959752321981426, "নিতে": 0.0030959752321981426, "নিয়ে": 0.0030959752321981426, "নিয়েছি": 0.0030959752321981426, "পাব": 0.0030959752321981426, "পারি": 0.0030959752321981426, "পেতে": 0.0030959752321981426, "পেমেন্ট": 0.0030959752321981426, "প্রদান": 0.0030959752321981426, "বলল": 0.0030959752321981426, "বলেন": 0.0030959752321981426, "বিকাশের": 0.0030959752321981426, "বিষয়": 0.0030959752321981426, "বিষয়ে": 0.0030959752321981426, "বিস্তারিত": 0.0030959752321981426, "বেপারে": 0.0030959752321981426, "ব্যবসা": 0.0030959752321981426, "মাঝে": 0.0030959752321981426, "মাসে": 0.0030959752321981426, "যদি": 0.0030959752321981426, "রেজিস্ট্রেশন": 0.0030959752321981426, "লভ্যাংশ": 0.0030959752321981426, "শুরু": 0.0030959752321981426, "সব": 0.0030959752321981426, "সম্পর্কে": 0.0030959752321981426, "হাজারে": 0.0030959752321981426, "হয়": 0.0030959752321981426}