{"এজেন্ট": 0.051470588235294115, "agent": 0.0392156862745098, "বিকাশ": 0.0392156862745098, "account": 0.03431372549019608, "আমি": 0.029411764705882353, "ki": 0.01715686274509804, "আমার": 0.01715686274509804, "না": 0.01715686274509804, "korte": 0.014705882352941176, "একটা": 0.012254901960784314, "একাউন্ট": 0.012254901960784314, "করতে": 0.012254901960784314, "বলছি": 0.012254901960784314, "ajent": 0.00980392156862745, "amar": 0.00980392156862745, "kora": 0.00980392156862745, "sir": 0.00980392156862745, "ta": 0.00980392156862745, "একজন": 0.00980392156862745, "bkash": 0.007352941176470588, "kore": 0.007352941176470588, "my": 0.007352941176470588, "na": 0.007352941176470588, "ওপেন": 0.007352941176470588, "কোনো": 0.007352941176470588, "গ্রাহক": 0.007352941176470588, "চালু": 0.007352941176470588, "পারছি": 0.007352941176470588, "বন্ধ": 0.007352941176470588, "সিম": 0.007352941176470588, "স্যার": 0.007352941176470588, "akhn": 0.004901960784313725, "arek": 0.004901960784313725, "bikash": 0.004901960784313725, "block": 0.004901960784313725, "cassi": 0.004901960784313725, "chai": 0.004901960784313725, "dokan": 0.004901960784313725, "er": 0.004901960784313725, "geche": 0.004901960784313725, "hoise": 0.004901960784313725, "hoye": 0.004901960784313725, "isthan": 0.004901960784313725, "joner": 0.004901960784313725, "khulbo": 0.004901960784313725, "lagbe": 0.004901960784313725, "namber": 0.004901960784313725, "name": 0.004901960784313725, "o": 0.004901960784313725, "off": 0.004901960784313725, "open": 0.004901960784313725, "pin": 0.004901960784313725, "r": 0.004901960784313725, "reset": 0.004901960784313725, "statement": 0.004901960784313725, "sudu": 0.004901960784313725, "ted": 0.004901960784313725, "thakbe": 0.004901960784313725, "the": 0.004901960784313725, "to": 0.004901960784313725, "want": 0.004901960784313725, "you": 0.004901960784313725, "অ্যাপস": 0.004901960784313725, "আছে": 0.004901960784313725, "আনবার": 0.004901960784313725, "এ": 0.004901960784313725, "এখনও": 0.004901960784313725, "এজেন্টের": 0.004901960784313725, "কি": 0.004901960784313725, "কুমিল্লা": 0.004901960784313725, "কোড": 0.004901960784313725, "খোলা": 0.004901960784313725, "চাই": 0.004901960784313725, "টি": 0.004901960784313725, "থাকে": 0.004901960784313725, "নাম্বার": 0.004901960784313725, "নিয়েছি": 0.004901960784313725, "পাইনি": 0.004901960784313725, "বার": 0.004901960784313725, "বিকাশের": 0.004901960784313725, "মাসিক": 0.004901960784313725, "ম্যাপ": 0.004901960784313725, "যাচ্ছেনা": 0.004901960784313725, "সমাধান": 0.004901960784313725, "হইতেছে": 0.004901960784313725, "হতে": 0.004901960784313725, "হল": 0.004901960784313725, "aa": 0.0024509803921568627, "access": 0.0024509803921568627, "an": 0.0024509803921568627, "back": 0.0024509803921568627, "blocked": 0.0024509803921568627, "cacchi": 0.0024509803921568627, "can": 0.0024509803921568627, "change": 0.0024509803921568627, "dhukte": 0.0024509803921568627, "do": 0.0024509803921568627, "don't": 0.0024509803921568627, "eki": 0.0024509803921568627, "ektu": 0.0024509803921568627, "eta": 0.0024509803921568627, "get": 0.0024509803921568627, "help": 0.0024509803921568627, "hlp": 0.0024509803921568627, "hocce": 0.0024509803921568627, "hocche": 0.0024509803921568627, "how": 0.0024509803921568627, "i": 0.0024509803921568627, "is": 0.0024509803921568627, "it": 0.0024509803921568627, "jai": 0.0024509803921568627, "janaben": 0.0024509803921568627, "jay": 0.0024509803921568627, "ken": 0.0024509803921568627, "keno": 0.0024509803921568627, "koren": 0.0024509803921568627, "licens": 0.0024509803921568627, "license": 0.0024509803921568627, "mane": 0.0024509803921568627, "map": 0.0024509803921568627, "me": 0.0024509803921568627, "nite": 0.0024509803921568627, "niye": 0.0024509803921568627, "not": 0.0024509803921568627, "number": 0.0024509803921568627, "of": 0.0024509803921568627, "oitai": 0.0024509803921568627, "on": 0.0024509803921568627, "onek": 0.0024509803921568627, "onn": 0.0024509803921568627, "parchi": 0.0024509803921568627, "please": 0.0024509803921568627, "pls": 0.0024509803921568627, "porechi": 0.0024509803921568627, "poriborton": 0.0024509803921568627, "shomvob": 0.0024509803921568627, "show": 0.0024509803921568627, "somoshay": 0.0024509803921568627, "take": 0.0024509803921568627, "unbar": 0.0024509803921568627, "vhaai": 0.0024509803921568627, "vhai": 0.0024509803921568627, "when": 0.0024509803921568627, "why": 0.0024509803921568627, "অবস্থায়": 0.0024509803921568627, "অ্যাকাউন্ট": 0.0024509803921568627, "অ্যাকাউন্টটা": 0.0024509803921568627, "অ্যাপ": 0.0024509803921568627, "আপ": 0.0024509803921568627, "এই": 0.0024509803921568627, "একাউন্টে": 0.0024509803921568627, "এক্ষুনি": 0.0024509803921568627, "এখন": 0.0024509803921568627, "এখনো": 0.0024509803921568627, "এজেনট": 0.0024509803921568627, "এর": 0.0024509803921568627, "কখন": 0.0024509803921568627, "করে": 0.0024509803921568627, "করেছি": 0.0024509803921568627, "কিন্তু": 0.0024509803921568627, "কিভাবে": 0.0024509803921568627, "কী": 0.0024509803921568627, "কেনো": 0.0024509803921568627, "কোন": 0.0024509803921568627, "গেছে": 0.0024509803921568627, "ছিলো": 0.0024509803921568627, "জানতে": 0.0024509803921568627, "টা": 0.0024509803921568627, "টার্গেট": 0.0024509803921568627, "তারগেট": 0.0024509803921568627, "দিন": 0.0024509803921568627, "দেখবেন": 0.0024509803921568627, "দেখাচ্ছে": 0.0024509803921568627, "নং": 0.0024509803921568627, "নাম্বারটি": 0.0024509803921568627, "পাব": 0.0024509803921568627, "পাবো": 0.0024509803921568627, "পারি": 0.0024509803921568627, "পুনারায়": 0.0024509803921568627, "পেলাম": 0.0024509803921568627, "প্রায়": 0.0024509803921568627, "প্লিজ": 0.0024509803921568627, "পয়েন্ট": 0.0024509803921568627, "বছর": 0.0024509803921568627, "ব্যালেন্স": 0.0024509803921568627, "ভাবে": 0.0024509803921568627, "রিপলেস": 0.0024509803921568627, "রিপ্লেস": 0.0024509803921568627, "শো": 0.0024509803921568627, "সমস্যাটা": 0.0024509803921568627, "সেটা": 0.0024509803921568627, "হচ্ছে": 0.0024509803921568627, "হঠাৎ": 0.0024509803921568627, "হবে": 0.0024509803921568627, "হয়ে": 0.0024509803921568627, "হলাম": 0.0024509803921568627, "হয়েছে": 0.0024509803921568627}