{"agent": 0.06303724928366762, "account": 0.06017191977077364, "personal": 0.04871060171919771, "number": 0.03724928366762178, "ki": 0.034383954154727794, "amar": 0.022922636103151862, "একাউন্ট": 0.02005730659025788, "korte": 0.017191977077363897, "to": 0.017191977077363897, "এজেন্ট": 0.017191977077363897, "ache": 0.014326647564469913, "bkash": 0.014326647564469913, "kora": 0.014326647564469913, "আমার": 0.014326647564469913, "বিকাশ": 0.014326647564469913, "aa": 0.011461318051575931, "ami": 0.011461318051575931, "e": 0.011461318051575931, "ekhon": 0.011461318051575931, "i": 0.011461318051575931, "possible": 0.011461318051575931, "আমি": 0.011461318051575931, "পার্সোনাল": 0.011461318051575931, "a": 0.008595988538681949, "can": 0.008595988538681949, "chaai": 0.008595988538681949, "ee": 0.008595988538681949, "id": 0.008595988538681949, "jabe": 0.008595988538681949, "kivabe": 0.008595988538681949, "korbo": 0.008595988538681949, "theke": 0.008595988538681949, "transfer": 0.008595988538681949, "কি": 0.008595988538681949, "টা": 0.008595988538681949, "bikas": 0.0057306590257879654, "chai": 0.0057306590257879654, "change": 0.0057306590257879654, "customer": 0.0057306590257879654, "how": 0.0057306590257879654, "is": 0.0057306590257879654, "ke": 0.0057306590257879654, "khulte": 0.0057306590257879654, "my": 0.0057306590257879654, "parbo": 0.0057306590257879654, "perosnal": 0.0057306590257879654, "ta": 0.0057306590257879654, "vhai": 0.0057306590257879654, "আছে": 0.0057306590257879654, "এই": 0.0057306590257879654, "এখন": 0.0057306590257879654, "এজেন্টে": 0.0057306590257879654, "করতে": 0.0057306590257879654, "করবো": 0.0057306590257879654, "কীভাবে": 0.0057306590257879654, "খোলা": 0.0057306590257879654, "নাম্বারে": 0.0057306590257879654, "পরিণত": 0.0057306590257879654, "পারি": 0.0057306590257879654, "ব্যক্তিগত": 0.0057306590257879654, "যাবে": 0.0057306590257879654, "accounta": 0.0028653295128939827, "ace": 0.0028653295128939827, "agant": 0.0028653295128939827, "agen": 0.0028653295128939827, "ai": 0.0028653295128939827, "ame": 0.0028653295128939827, "an": 0.0028653295128939827, "apnader": 0.0028653295128939827, "banate": 0.0028653295128939827, "bkasht": 0.0028653295128939827, "bl": 0.0028653295128939827, "cacchi": 0.0028653295128939827, "convert": 0.0028653295128939827, "den": 0.0028653295128939827, "dokan": 0.0028653295128939827, "dorkar": 0.0028653295128939827, "ekjon": 0.0028653295128939827, "ekta": 0.0028653295128939827, "ektai": 0.0028653295128939827, "ektu": 0.0028653295128939827, "eta": 0.0028653295128939827, "from": 0.0028653295128939827, "help": 0.0028653295128939827, "hole": 0.0028653295128939827, "into": 0.0028653295128939827, "it": 0.0028653295128939827, "ja": 0.0028653295128939827, "jaay": 0.0028653295128939827, "jay": 0.0028653295128939827, "jodi": 0.0028653295128939827, "k": 0.0028653295128939827, "keo": 0.0028653295128939827, "khub": 0.0028653295128939827, "kivvabe": 0.0028653295128939827, "kore": 0.0028653295128939827, "koren": 0.0028653295128939827, "koronio": 0.0028653295128939827, "korta": 0.0028653295128939827, "kota": 0.0028653295128939827, "mane": 0.0028653295128939827, "naa": 0.0028653295128939827, "nambare": 0.0028653295128939827, "newa": 0.0028653295128939827, "nibo": 0.0028653295128939827, "normal": 0.0028653295128939827, "oi": 0.0028653295128939827, "parba": 0.0028653295128939827, "pari": 0.0028653295128939827, "porinoto": 0.0028653295128939827, "puran": 0.0028653295128939827, "puraton": 0.0028653295128939827, "sa": 0.0028653295128939827, "seta": 0.0028653295128939827, "switch": 0.0028653295128939827, "taa": 0.0028653295128939827, "tahole": 0.0028653295128939827, "this": 0.0028653295128939827, "turn": 0.0028653295128939827, "vhaai": 0.0028653295128939827, "want": 0.0028653295128939827, "অই": 0.0028653295128939827, "অনুগ্রহ": 0.0028653295128939827, "অ্যাকাউন্ট": 0.0028653295128939827, "অ্যাকাউন্টটিকে": 0.0028653295128939827, "আবার": 0.0028653295128939827, "এ": 0.0028653295128939827, "করা": 0.0028653295128939827, "করে": 0.0028653295128939827, "কিভাবে": 0.0028653295128939827, "খুলতে": 0.0028653295128939827, "চাচ্ছি": 0.0028653295128939827, "ট্রান্সফার": 0.0028653295128939827, "নম্বর": 0.0028653295128939827, "নম্বরে": 0.0028653295128939827, "নরমাল": 0.0028653295128939827, "নাম্বার": 0.0028653295128939827, "নাম্বারটিকে": 0.0028653295128939827, "নিয়মটি": 0.0028653295128939827, "পরিবর্তন": 0.0028653295128939827, "প্লিজ": 0.0028653295128939827, "বলবেন": 0.0028653295128939827, "বলুন": 0.0028653295128939827, "বানানো": 0.0028653295128939827, "যায়": 0.0028653295128939827, "যেই": 0.0028653295128939827, "হিসেবে": 0.0028653295128939827}