{"hide": 0.04712041884816754, "balance": 0.03926701570680628, "bkash": 0.034031413612565446, "app": 0.031413612565445025, "বিকাশ": 0.031413612565445025, "টাকা": 0.02356020942408377, "হাইড": 0.02356020942408377, "option": 0.020942408376963352, "taka": 0.020942408376963352, "bikash": 0.018324607329842934, "আমি": 0.018324607329842934, "এর": 0.018324607329842934, "ব্যালান্স": 0.018324607329842934, "amar": 0.015706806282722512, "how": 0.015706806282722512, "kore": 0.015706806282722512, "অ্যাপ": 0.015706806282722512, "রাখতে": 0.015706806282722512, "ami": 0.013089005235602094, "er": 0.013089005235602094, "my": 0.013089005235602094, "to": 0.013089005235602094, "আমার": 0.013089005235602094, "can": 0.010471204188481676, "korar": 0.010471204188481676, "me": 0.010471204188481676, "rakhte": 0.010471204188481676, "tell": 0.010471204188481676, "আছে": 0.010471204188481676, "এ": 0.010471204188481676, "করার": 0.010471204188481676, "কি": 0.010471204188481676, "কিভাবে": 0.010471204188481676, "পারবো": 0.010471204188481676, "dekhun": 0.007853403141361256, "e": 0.007853403141361256, "from": 0.007853403141361256, "in": 0.007853403141361256, "kivabe": 0.007853403141361256, "kono": 0.007853403141361256, "korte": 0.007853403141361256, "ta": 0.007853403141361256, "করে": 0.007853403141361256, "জানাবেন": 0.007853403141361256, "লুকিয়ে": 0.007853403141361256, "about": 0.005235602094240838, "ase": 0.005235602094240838, "button": 0.005235602094240838, "cacchi": 0.005235602094240838, "chai": 0.005235602094240838, "i": 0.005235602094240838, "jai": 0.005235602094240838, "parbo": 0.005235602094240838, "pari": 0.005235602094240838, "please": 0.005235602094240838, "process": 0.005235602094240838, "r": 0.005235602094240838, "you": 0.005235602094240838, "অপশন": 0.005235602094240838, "অপ্সন": 0.005235602094240838, "গুলো": 0.005235602094240838, "চাচ্ছি": 0.005235602094240838, "টি": 0.005235602094240838, "বর্তমান": 0.005235602094240838, "রাখার": 0.005235602094240838, "acha": 0.002617801047120419, "bikase": 0.002617801047120419, "bolben": 0.002617801047120419, "bondho": 0.002617801047120419, "chacchi": 0.002617801047120419, "current": 0.002617801047120419, "delete": 0.002617801047120419, "diye": 0.002617801047120419, "doya": 0.002617801047120419, "ektu": 0.002617801047120419, "eta": 0.002617801047120419, "gulo": 0.002617801047120419, "hibe": 0.002617801047120419, "hidekorte": 0.002617801047120419, "jabe": 0.002617801047120419, "janaben": 0.002617801047120419, "keno": 0.002617801047120419, "khuje": 0.002617801047120419, "ki": 0.002617801047120419, "konovabe": 0.002617801047120419, "kora": 0.002617801047120419, "lukano": 0.002617801047120419, "lukiye": 0.002617801047120419, "niyom": 0.002617801047120419, "of": 0.002617801047120419, "on": 0.002617801047120419, "opshonti": 0.002617801047120419, "pacchina": 0.002617801047120419, "para": 0.002617801047120419, "plz": 0.002617801047120419, "procedure": 0.002617801047120419, "rakha": 0.002617801047120419, "rekhte": 0.002617801047120419, "remove": 0.002617801047120419, "show": 0.002617801047120419, "showing": 0.002617801047120419, "sorate": 0.002617801047120419, "the": 0.002617801047120419, "theke": 0.002617801047120419, "upay": 0.002617801047120419, "vabe": 0.002617801047120419, "way": 0.002617801047120419, "আচ্ছা": 0.002617801047120419, "আছা": 0.002617801047120419, "একাউন্ট": 0.002617801047120419, "এরকম": 0.002617801047120419, "কত": 0.002617801047120419, "করতে": 0.002617801047120419, "করবো": 0.002617801047120419, "করা": 0.002617801047120419, "কারনে": 0.002617801047120419, "কিছু": 0.002617801047120419, "কেনো": 0.002617801047120419, "কোনো": 0.002617801047120419, "খুজে": 0.002617801047120419, "চাছি": 0.002617801047120419, "জন্য": 0.002617801047120419, "জানতে": 0.002617801047120419, "টা": 0.002617801047120419, "দেখার": 0.002617801047120419, "দয়ে": 0.002617801047120419, "নিরাপদ": 0.002617801047120419, "নিয়ম": 0.002617801047120419, "নিয়মটি": 0.002617801047120419, "পারছিনা": 0.002617801047120419, "পারবেন": 0.002617801047120419, "পারি": 0.002617801047120419, "প্রক্রিয়া": 0.002617801047120419, "বন্ধ": 0.002617801047120419, "বর্তমানে": 0.002617801047120419, "বিকাশের": 0.002617801047120419, "ব্যালেন্স": 0.002617801047120419, "যায়": 0.002617801047120419, "যে": 0.002617801047120419, "লুকানোর": 0.002617801047120419, "সিস্টেম": 0.002617801047120419, "সেইটা": 0.002617801047120419, "স্যার": 0.002617801047120419}