{"app": 0.04618937644341801, "bkash": 0.03926096997690531, "অ্যাপ": 0.03695150115473441, "বিকাশ": 0.03464203233256351, "version": 0.027713625866050806, "আমার": 0.025404157043879907, "amar": 0.023094688221709004, "android": 0.020785219399538105, "চালাতে": 0.018475750577367205, "phone": 0.016166281755196306, "ame": 0.013856812933025403, "install": 0.013856812933025403, "ki": 0.013856812933025403, "puraton": 0.013856812933025403, "পুরাতন": 0.013856812933025403, "ফোন": 0.013856812933025403, "chalate": 0.011547344110854502, "i": 0.011547344110854502, "is": 0.011547344110854502, "the": 0.011547344110854502, "to": 0.011547344110854502, "use": 0.011547344110854502, "কি": 0.011547344110854502, "ios": 0.009237875288683603, "what": 0.009237875288683603, "আমি": 0.009237875288683603, "কত": 0.009237875288683603, "handset": 0.0069284064665127015, "in": 0.0069284064665127015, "my": 0.0069284064665127015, "of": 0.0069284064665127015, "old": 0.0069284064665127015, "parina": 0.0069284064665127015, "আইফন": 0.0069284064665127015, "মোবাইল": 0.0069284064665127015, "মোবাইলে": 0.0069284064665127015, "লাগবে": 0.0069284064665127015, "লাগে": 0.0069284064665127015, "স্যার": 0.0069284064665127015, "a": 0.004618937644341801, "ami": 0.004618937644341801, "bikash": 0.004618937644341801, "but": 0.004618937644341801, "can't": 0.004618937644341801, "e": 0.004618937644341801, "er": 0.004618937644341801, "for": 0.004618937644341801, "four": 0.004618937644341801, "help": 0.004618937644341801, "kano": 0.004618937644341801, "kintu": 0.004618937644341801, "kora": 0.004618937644341801, "please": 0.004618937644341801, "recuirement": 0.004618937644341801, "ta": 0.004618937644341801, "using": 0.004618937644341801, "want": 0.004618937644341801, "অনেক": 0.004618937644341801, "আইফোন": 0.004618937644341801, "আপনাদের": 0.004618937644341801, "কারন": 0.004618937644341801, "কেন": 0.004618937644341801, "কোন": 0.004618937644341801, "চালাই": 0.004618937644341801, "না": 0.004618937644341801, "ভার্শন": 0.004618937644341801, "হলে": 0.004618937644341801, "about": 0.0023094688221709007, "accont": 0.0023094688221709007, "age": 0.0023094688221709007, "am": 0.0023094688221709007, "and": 0.0023094688221709007, "applicable": 0.0023094688221709007, "babar": 0.0023094688221709007, "bikah": 0.0023094688221709007, "bole": 0.0023094688221709007, "chai": 0.0023094688221709007, "chalabo": 0.0023094688221709007, "chalai": 0.0023094688221709007, "chalano": 0.0023094688221709007, "chalatam": 0.0023094688221709007, "cholena": 0.0023094688221709007, "condition": 0.0023094688221709007, "conditon": 0.0023094688221709007, "drkr": 0.0023094688221709007, "ekti": 0.0023094688221709007, "five": 0.0023094688221709007, "fs": 0.0023094688221709007, "harai": 0.0023094688221709007, "have": 0.0023094688221709007, "hoina": 0.0023094688221709007, "howai": 0.0023094688221709007, "iphone": 0.0023094688221709007, "jabe": 0.0023094688221709007, "jai": 0.0023094688221709007, "jawai": 0.0023094688221709007, "kamne": 0.0023094688221709007, "khub": 0.0023094688221709007, "kinsi": 0.0023094688221709007, "kitkat": 0.0023094688221709007, "korte": 0.0023094688221709007, "koto": 0.0023094688221709007, "lage": 0.0023094688221709007, "me": 0.0023094688221709007, "model": 0.0023094688221709007, "na": 0.0023094688221709007, "nicche": 0.0023094688221709007, "not": 0.0023094688221709007, "onek": 0.0023094688221709007, "oppo": 0.0023094688221709007, "or": 0.0023094688221709007, "parbo": 0.0023094688221709007, "parbona": 0.0023094688221709007, "question": 0.0023094688221709007, "reason": 0.0023094688221709007, "requirement": 0.0023094688221709007, "samsung": 0.0023094688221709007, "screenshot_--": 0.0023094688221709007, "set": 0.0023094688221709007, "setate": 0.0023094688221709007, "somossa": 0.0023094688221709007, "tell": 0.0023094688221709007, "ten": 0.0023094688221709007, "when": 0.0023094688221709007, "which": 0.0023094688221709007, "অটো": 0.0023094688221709007, "অর": 0.0023094688221709007, "আইফনে": 0.0023094688221709007, "আগের": 0.0023094688221709007, "আচ্ছা": 0.0023094688221709007, "আপে": 0.0023094688221709007, "আমাকে": 0.0023094688221709007, "ইউজার": 0.0023094688221709007, "এ": 0.0023094688221709007, "একজন": 0.0023094688221709007, "একটা": 0.0023094688221709007, "একটি": 0.0023094688221709007, "একটু": 0.0023094688221709007, "এখন": 0.0023094688221709007, "এজেন্ট": 0.0023094688221709007, "এনদ্রএদ": 0.0023094688221709007, "এন্ড": 0.0023094688221709007, "এন্দ্রএদ": 0.0023094688221709007, "এর": 0.0023094688221709007, "কতটুকু": 0.0023094688221709007, "করতেছে": 0.0023094688221709007, "করা": 0.0023094688221709007, "করার": 0.0023094688221709007, "করুন": 0.0023094688221709007, "কিন্তু": 0.0023094688221709007, "কিরকম": 0.0023094688221709007, "কুত": 0.0023094688221709007, "চলবেনা": 0.0023094688221709007, "চলে": 0.0023094688221709007, "চলেনা": 0.0023094688221709007, "চাই": 0.0023094688221709007, "চালানর": 0.0023094688221709007, "ছলেনা": 0.0023094688221709007, "ছোট": 0.0023094688221709007, "জন্য": 0.0023094688221709007, "ডাটা": 0.0023094688221709007, "ডিভাইস": 0.0023094688221709007, "ঢুকেনা": 0.0023094688221709007, "তারা": 0.0023094688221709007, "থেকে": 0.0023094688221709007, "দিচ্ছে": 0.0023094688221709007, "দিন": 0.0023094688221709007, "দুই": 0.0023094688221709007, "দেখা": 0.0023094688221709007, "নামেই": 0.0023094688221709007, "নিছে": 0.0023094688221709007, "নুন্নতম": 0.0023094688221709007, "পাবো": 0.0023094688221709007, "পারব": 0.0023094688221709007, "পারেনা": 0.0023094688221709007, "প্রয়োজন": 0.0023094688221709007, "ফোনে": 0.0023094688221709007, "ফোনের": 0.0023094688221709007, "বন্ধ": 0.0023094688221709007, "বলুন": 0.0023094688221709007, "বিকাশে": 0.0023094688221709007, "বিক্যাশ": 0.0023094688221709007, "ব্যবহার": 0.0023094688221709007, "ভাই": 0.0023094688221709007, "ভারশন": 0.0023094688221709007, "ভার্শনে": 0.0023094688221709007, "ভার্শনের": 0.0023094688221709007, "মডেল": 0.0023094688221709007, "যদিও": 0.0023094688221709007, "যাদের": 0.0023094688221709007, "যায়": 0.0023094688221709007, "যোগ্যতা": 0.0023094688221709007, "সমস্যা": 0.0023094688221709007, "সাপোট": 0.0023094688221709007, "হেল্প": 0.0023094688221709007, "হয়ে": 0.0023094688221709007}