{"sim": 0.03877551020408163, "bkash": 0.030612244897959183, "বিকাশ": 0.030612244897959183, "app": 0.028571428571428574, "সিম": 0.02653061224489796, "আমার": 0.02448979591836735, "use": 0.022448979591836737, "ফোনে": 0.020408163265306124, "আমি": 0.018367346938775512, "phone": 0.0163265306122449, "i": 0.012244897959183675, "korte": 0.012244897959183675, "to": 0.012244897959183675, "অন্য": 0.012244897959183675, "না": 0.012244897959183675, "in": 0.010204081632653062, "কি": 0.010204081632653062, "ফোন": 0.010204081632653062, "লগ": 0.010204081632653062, "a": 0.00816326530612245, "ami": 0.00816326530612245, "na": 0.00816326530612245, "the": 0.00816326530612245, "অ্যাপ": 0.00816326530612245, "ইন": 0.00816326530612245, "করতে": 0.00816326530612245, "থাকলে": 0.00816326530612245, "থেকে": 0.00816326530612245, "বাটন": 0.00816326530612245, "ব্যবহার": 0.00816326530612245, "can": 0.006122448979591837, "card": 0.006122448979591837, "is": 0.006122448979591837, "it": 0.006122448979591837, "ki": 0.006122448979591837, "login": 0.006122448979591837, "my": 0.006122448979591837, "on": 0.006122448979591837, "rekhe": 0.006122448979591837, "want": 0.006122448979591837, "without": 0.006122448979591837, "এ": 0.006122448979591837, "করা": 0.006122448979591837, "কেন": 0.006122448979591837, "খোলা": 0.006122448979591837, "ছাড়া": 0.006122448979591837, "টাচ": 0.006122448979591837, "মোবাইলে": 0.006122448979591837, "যাবে": 0.006122448979591837, "লগইন": 0.006122448979591837, "amr": 0.004081632653061225, "bebohar": 0.004081632653061225, "device": 0.004081632653061225, "do": 0.004081632653061225, "e": 0.004081632653061225, "i've": 0.004081632653061225, "kivabe": 0.004081632653061225, "korbo": 0.004081632653061225, "mobile": 0.004081632653061225, "other": 0.004081632653061225, "possible": 0.004081632653061225, "same": 0.004081632653061225, "অ্যাপে": 0.004081632653061225, "আর": 0.004081632653061225, "আলাদা": 0.004081632653061225, "একটা": 0.004081632653061225, "একাউন্ট": 0.004081632653061225, "এপস": 0.004081632653061225, "এবং": 0.004081632653061225, "এর": 0.004081632653061225, "এ্যাপ": 0.004081632653061225, "করবো": 0.004081632653061225, "করি": 0.004081632653061225, "কার্ড": 0.004081632653061225, "কিন্তু": 0.004081632653061225, "জি": 0.004081632653061225, "দিয়ে": 0.004081632653061225, "নাই": 0.004081632653061225, "বাটুন": 0.004081632653061225, "ব্যাবহার": 0.004081632653061225, "ভাই": 0.004081632653061225, "ভাবে": 0.004081632653061225, "মোবাইল": 0.004081632653061225, "যদি": 0.004081632653061225, "সিমে": 0.004081632653061225, "সেটি": 0.004081632653061225, "ac": 0.0020408163265306124, "acc": 0.0020408163265306124, "account": 0.0020408163265306124, "activ": 0.0020408163265306124, "activated": 0.0020408163265306124, "amar": 0.0020408163265306124, "and": 0.0020408163265306124, "android": 0.0020408163265306124, "another": 0.0020408163265306124, "apps": 0.0020408163265306124, "ar": 0.0020408163265306124, "baade": 0.0020408163265306124, "babe": 0.0020408163265306124, "bade": 0.0020408163265306124, "bt": 0.0020408163265306124, "but": 0.0020408163265306124, "button": 0.0020408163265306124, "cai": 0.0020408163265306124, "cant": 0.0020408163265306124, "cara": 0.0020408163265306124, "chaile": 0.0020408163265306124, "coltese": 0.0020408163265306124, "dhukiye": 0.0020408163265306124, "different": 0.0020408163265306124, "ekhon": 0.0020408163265306124, "fail": 0.0020408163265306124, "fone": 0.0020408163265306124, "have": 0.0020408163265306124, "hobe": 0.0020408163265306124, "if": 0.0020408163265306124, "keep": 0.0020408163265306124, "keno": 0.0020408163265306124, "kno": 0.0020408163265306124, "log": 0.0020408163265306124, "lost": 0.0020408163265306124, "mean": 0.0020408163265306124, "means": 0.0020408163265306124, "not": 0.0020408163265306124, "oi": 0.0020408163265306124, "onno": 0.0020408163265306124, "parbo": 0.0020408163265306124, "parbona": 0.0020408163265306124, "pari": 0.0020408163265306124, "partisina": 0.0020408163265306124, "sara": 0.0020408163265306124, "slot": 0.0020408163265306124, "smartphone": 0.0020408163265306124, "thaakte": 0.0020408163265306124, "thakbo": 0.0020408163265306124, "that": 0.0020408163265306124, "touch": 0.0020408163265306124, "verification": 0.0020408163265306124, "while": 0.0020408163265306124, "why": 0.0020408163265306124, "wihtout": 0.0020408163265306124, "with": 0.0020408163265306124, "you": 0.0020408163265306124, "অইনা": 0.0020408163265306124, "অনেক": 0.0020408163265306124, "অবস্থায়": 0.0020408163265306124, "অ্যাপস": 0.0020408163265306124, "অ্যাপের": 0.0020408163265306124, "অ্যাফে": 0.0020408163265306124, "আউট": 0.0020408163265306124, "আছে": 0.0020408163265306124, "আপস": 0.0020408163265306124, "আবার": 0.0020408163265306124, "আল-মামুন": 0.0020408163265306124, "একটি": 0.0020408163265306124, "একাউন্টটি": 0.0020408163265306124, "এনড্রোয়েট": 0.0020408163265306124, "এনড্রোয়েটে": 0.0020408163265306124, "এন্ড্রয়েড": 0.0020408163265306124, "এপ": 0.0020408163265306124, "এপ্যস": 0.0020408163265306124, "করছি": 0.0020408163265306124, "করছিলাম": 0.0020408163265306124, "করব": 0.0020408163265306124, "করে": 0.0020408163265306124, "কিন্ত": 0.0020408163265306124, "কিভাবে": 0.0020408163265306124, "কেনো": 0.0020408163265306124, "কোড": 0.0020408163265306124, "খুলে": 0.0020408163265306124, "চাইতেসি": 0.0020408163265306124, "চাচ্ছি": 0.0020408163265306124, "চারা": 0.0020408163265306124, "চালাত": 0.0020408163265306124, "চালাতে": 0.0020408163265306124, "চালানো": 0.0020408163265306124, "চায়": 0.0020408163265306124, "চেষ্টা": 0.0020408163265306124, "জন্য": 0.0020408163265306124, "জাই": 0.0020408163265306124, "জুয়েল": 0.0020408163265306124, "টা": 0.0020408163265306124, "টাস": 0.0020408163265306124, "ডাউনলোড": 0.0020408163265306124, "তাহলে": 0.0020408163265306124, "তুললে": 0.0020408163265306124, "থাকা": 0.0020408163265306124, "দুই": 0.0020408163265306124, "দেন": 0.0020408163265306124, "নরমাল": 0.0020408163265306124, "নাম্বারটা": 0.0020408163265306124, "নেয়া": 0.0020408163265306124, "নয়": 0.0020408163265306124, "পারছি": 0.0020408163265306124, "পারছিনা": 0.0020408163265306124, "পারব": 0.0020408163265306124, "পারবো": 0.0020408163265306124, "ফেললে": 0.0020408163265306124, "বাটনে": 0.0020408163265306124, "বার": 0.0020408163265306124, "মাধ্যমে": 0.0020408163265306124, "যাই": 0.0020408163265306124, "যায়": 0.0020408163265306124, "যে": 0.0020408163265306124, "যেই": 0.0020408163265306124, "যেখানে": 0.0020408163265306124, "লাগা": 0.0020408163265306124, "লাগিয়ে": 0.0020408163265306124, "লেখা": 0.0020408163265306124, "সমাদান": 0.0020408163265306124, "সমেস্যা": 0.0020408163265306124, "সম্ভব": 0.0020408163265306124, "সিমটা": 0.0020408163265306124, "সিমটি": 0.0020408163265306124, "সুধু": 0.0020408163265306124, "সেটে": 0.0020408163265306124, "স্যর": 0.0020408163265306124, "স্লট": 0.0020408163265306124, "হচ্ছে": 0.0020408163265306124, "হলে": 0.0020408163265306124, "হয়": 0.0020408163265306124, "হয়না": 0.0020408163265306124, "হয়ে": 0.0020408163265306124, "য়াবে": 0.0020408163265306124}