{"বিকাশ": 0.05989110707803993, "অ্যাপ": 0.034482758620689655, "জন্য": 0.030852994555353903, "ব্যবহার": 0.030852994555353903, "use": 0.021778584392014518, "দুঃখিত": 0.021778584392014518, "লেখা": 0.021778584392014518, "আসছে": 0.01633393829401089, "এই": 0.01633393829401089, "করতে": 0.01633393829401089, "কি": 0.01633393829401089, "ভিপিএন": 0.01633393829401089, "bangladesh": 0.014519056261343012, "bkash": 0.014519056261343012, "বাংলাদেশের": 0.014519056261343012, "আমি": 0.012704174228675136, "এর": 0.012704174228675136, "কেনো": 0.012704174228675136, "বাংলাদেশ": 0.012704174228675136, "ব্যাবহার": 0.012704174228675136, "শুধু": 0.012704174228675136, "app": 0.010889292196007259, "অ্যাপটি": 0.010889292196007259, "আমার": 0.010889292196007259, "বাংলাদেশে": 0.010889292196007259, "to": 0.009074410163339382, "ব্যবহারযোগ্য": 0.009074410163339382, "শুধুমাত্র": 0.009074410163339382, "e": 0.007259528130671506, "is": 0.007259528130671506, "keno": 0.007259528130671506, "এ": 0.007259528130671506, "এখন": 0.007259528130671506, "এ্যাপ": 0.007259528130671506, "করার": 0.007259528130671506, "চালাতে": 0.007259528130671506, "না": 0.007259528130671506, "প্রযোজ্য": 0.007259528130671506, "মাঝে": 0.007259528130671506, "যোগ্য": 0.007259528130671506, "ami": 0.0054446460980036296, "for": 0.0054446460980036296, "it": 0.0054446460980036296, "likha": 0.0054446460980036296, "the": 0.0054446460980036296, "আসে": 0.0054446460980036296, "এটা": 0.0054446460980036296, "ওপেন": 0.0054446460980036296, "করলে": 0.0054446460980036296, "করি": 0.0054446460980036296, "গেলে": 0.0054446460980036296, "পারছিনা": 0.0054446460980036296, "পারবো": 0.0054446460980036296, "বলছে": 0.0054446460980036296, "ভাই": 0.0054446460980036296, "a": 0.003629764065335753, "ashse": 0.003629764065335753, "be": 0.003629764065335753, "ei": 0.003629764065335753, "i": 0.003629764065335753, "in": 0.003629764065335753, "jabe": 0.003629764065335753, "kora": 0.003629764065335753, "korle": 0.003629764065335753, "na": 0.003629764065335753, "only": 0.003629764065335753, "problem": 0.003629764065335753, "shudhu": 0.003629764065335753, "sorry": 0.003629764065335753, "vpn": 0.003629764065335753, "whether": 0.003629764065335753, "why": 0.003629764065335753, "will": 0.003629764065335753, "আছে": 0.003629764065335753, "ইনস্টল": 0.003629764065335753, "ইন্টারনেট": 0.003629764065335753, "এইটা": 0.003629764065335753, "এটি": 0.003629764065335753, "এপসাটা": 0.003629764065335753, "ও": 0.003629764065335753, "করনীয়": 0.003629764065335753, "করা": 0.003629764065335753, "করেছি": 0.003629764065335753, "কারণ": 0.003629764065335753, "কিন্তু": 0.003629764065335753, "কেন": 0.003629764065335753, "চালানো": 0.003629764065335753, "ডুকতে": 0.003629764065335753, "দুখিতো": 0.003629764065335753, "দেখায়": 0.003629764065335753, "নয়": 0.003629764065335753, "পারছি": 0.003629764065335753, "পারি": 0.003629764065335753, "বাংলাদেশই": 0.003629764065335753, "ব্যাবহারকারীদের": 0.003629764065335753, "যাবে": 0.003629764065335753, "যে": 0.003629764065335753, "রেখে": 0.003629764065335753, "লেখাটি": 0.003629764065335753, "শুধুমাথ": 0.003629764065335753, "হেলো": 0.003629764065335753, "হোমস্ক্রিনে": 0.003629764065335753, "aa": 0.0018148820326678765, "achen": 0.0018148820326678765, "achi": 0.0018148820326678765, "aj": 0.0018148820326678765, "amr": 0.0018148820326678765, "apss": 0.0018148820326678765, "asi": 0.0018148820326678765, "astache": 0.0018148820326678765, "bagladesh": 0.0018148820326678765, "bhaiya": 0.0018148820326678765, "bikas": 0.0018148820326678765, "bolche": 0.0018148820326678765, "bujlam": 0.0018148820326678765, "calano": 0.0018148820326678765, "can't": 0.0018148820326678765, "connect": 0.0018148820326678765, "dekhay": 0.0018148820326678765, "dekhben": 0.0018148820326678765, "ekrom": 0.0018148820326678765, "ektu": 0.0018148820326678765, "eta": 0.0018148820326678765, "go": 0.0018148820326678765, "grohonjoggo": 0.0018148820326678765, "hlw": 0.0018148820326678765, "j": 0.0018148820326678765, "jonno": 0.0018148820326678765, "korar": 0.0018148820326678765, "korte": 0.0018148820326678765, "matro": 0.0018148820326678765, "my": 0.0018148820326678765, "o": 0.0018148820326678765, "open": 0.0018148820326678765, "parchi": 0.0018148820326678765, "r": 0.0018148820326678765, "say": 0.0018148820326678765, "sir": 0.0018148820326678765, "sombob": 0.0018148820326678765, "somoy": 0.0018148820326678765, "sudu": 0.0018148820326678765, "tarpor": 0.0018148820326678765, "they": 0.0018148820326678765, "toh": 0.0018148820326678765, "vhaai": 0.0018148820326678765, "when": 0.0018148820326678765, "wifi": 0.0018148820326678765, "অবস্থান": 0.0018148820326678765, "অ্যাপে": 0.0018148820326678765, "আপনাদের": 0.0018148820326678765, "আসি": 0.0018148820326678765, "ইন্সটল": 0.0018148820326678765, "ইয়েস": 0.0018148820326678765, "উঠে": 0.0018148820326678765, "উপরে": 0.0018148820326678765, "একদম": 0.0018148820326678765, "এতা": 0.0018148820326678765, "এরকম": 0.0018148820326678765, "এ‍্যাপ": 0.0018148820326678765, "এ‍্যাপে": 0.0018148820326678765, "ওই": 0.0018148820326678765, "ওয়াইফাই": 0.0018148820326678765, "করে": 0.0018148820326678765, "কানেক্ট": 0.0018148820326678765, "গ্রহ্নন": 0.0018148820326678765, "চাইলে": 0.0018148820326678765, "চালু": 0.0018148820326678765, "ছাড়া": 0.0018148820326678765, "ঠিক": 0.0018148820326678765, "তখন": 0.0018148820326678765, "তারপর": 0.0018148820326678765, "থেকে": 0.0018148820326678765, "দেখায়": 0.0018148820326678765, "পর": 0.0018148820326678765, "বলতেছি": 0.0018148820326678765, "বলতেসে": 0.0018148820326678765, "বলেন": 0.0018148820326678765, "বা": 0.0018148820326678765, "বারবার": 0.0018148820326678765, "ব্যাবাহর": 0.0018148820326678765, "ব‍্যাবহার": 0.0018148820326678765, "মাত্র": 0.0018148820326678765, "মাধ্যমে": 0.0018148820326678765, "যখন": 0.0018148820326678765, "যায়": 0.0018148820326678765, "যুগো": 0.0018148820326678765, "লেখার": 0.0018148820326678765, "সত্বেও": 0.0018148820326678765, "সমস্যা": 0.0018148820326678765, "সমস‍্যা": 0.0018148820326678765, "সময়": 0.0018148820326678765, "সেবার": 0.0018148820326678765, "হবে": 0.0018148820326678765, "হুম": 0.0018148820326678765}