{"pin": 0.056, "atm": 0.048, "theke": 0.03466666666666667, "পিন": 0.032, "er": 0.024, "আউট": 0.024, "ক্যাশ": 0.024, "cashout": 0.021333333333333333, "somoy": 0.021333333333333333, "এম": 0.021333333333333333, "bank": 0.018666666666666668, "korar": 0.018666666666666668, "এটি": 0.018666666666666668, "alada": 0.016, "এর": 0.016, "থেকে": 0.016, "bkash": 0.013333333333333334, "deoya": 0.013333333333333334, "out": 0.013333333333333334, "a": 0.010666666666666666, "cash": 0.010666666666666666, "dibo": 0.010666666666666666, "e": 0.010666666666666666, "from": 0.010666666666666666, "keno": 0.010666666666666666, "kono": 0.010666666666666666, "to": 0.010666666666666666, "আলাদা": 0.010666666666666666, "এ": 0.010666666666666666, "এটিএম": 0.010666666666666666, "বুথ": 0.010666666666666666, "সময়": 0.010666666666666666, "at": 0.008, "booth": 0.008, "brac": 0.008, "chai": 0.008, "extra": 0.008, "give": 0.008, "is": 0.008, "it": 0.008, "kashout": 0.008, "lagbe": 0.008, "necessary": 0.008, "separate": 0.008, "আর": 0.008, "করার": 0.008, "বিকাশ": 0.008, "ব্যাংক": 0.008, "লাগে": 0.008, "ami": 0.005333333333333333, "ase": 0.005333333333333333, "dei": 0.005333333333333333, "i": 0.005333333333333333, "je": 0.005333333333333333, "ki": 0.005333333333333333, "need": 0.005333333333333333, "number": 0.005333333333333333, "oita": 0.005333333333333333, "otp": 0.005333333333333333, "seita": 0.005333333333333333, "somoye": 0.005333333333333333, "taka": 0.005333333333333333, "একই": 0.005333333333333333, "কি": 0.005333333333333333, "কেন": 0.005333333333333333, "কোনো": 0.005333333333333333, "চায়": 0.005333333333333333, "জানাবেন": 0.005333333333333333, "দেওয়া": 0.005333333333333333, "accha": 0.0026666666666666666, "ajke": 0.0026666666666666666, "amake": 0.0026666666666666666, "amar": 0.0026666666666666666, "and": 0.0026666666666666666, "basic": 0.0026666666666666666, "be": 0.0026666666666666666, "cacche": 0.0026666666666666666, "can": 0.0026666666666666666, "chaichilo": 0.0026666666666666666, "chaitacilo": 0.0026666666666666666, "did": 0.0026666666666666666, "help": 0.0026666666666666666, "hishabe": 0.0026666666666666666, "hlw": 0.0026666666666666666, "ific": 0.0026666666666666666, "jai": 0.0026666666666666666, "jamuna": 0.0026666666666666666, "janaben": 0.0026666666666666666, "janben": 0.0026666666666666666, "kash": 0.0026666666666666666, "know": 0.0026666666666666666, "laagbe": 0.0026666666666666666, "loging": 0.0026666666666666666, "ltd": 0.0026666666666666666, "me": 0.0026666666666666666, "please": 0.0026666666666666666, "same": 0.0026666666666666666, "should": 0.0026666666666666666, "sokale": 0.0026666666666666666, "teke": 0.0026666666666666666, "tell": 0.0026666666666666666, "temporary": 0.0026666666666666666, "that": 0.0026666666666666666, "tular": 0.0026666666666666666, "tulte": 0.0026666666666666666, "want": 0.0026666666666666666, "why": 0.0026666666666666666, "you": 0.0026666666666666666, "অন্যান্য": 0.0026666666666666666, "অস্থায়ী": 0.0026666666666666666, "আচ্ছা": 0.0026666666666666666, "আমাকে": 0.0026666666666666666, "আমার": 0.0026666666666666666, "একটাই": 0.0026666666666666666, "একটি": 0.0026666666666666666, "এক্সট্রা": 0.0026666666666666666, "কোন": 0.0026666666666666666, "ক্ষেত্রে": 0.0026666666666666666, "চাইলো": 0.0026666666666666666, "ছিলো": 0.0026666666666666666, "জন্য": 0.0026666666666666666, "টি": 0.0026666666666666666, "থাকতে": 0.0026666666666666666, "থাকে": 0.0026666666666666666, "পার্টনার": 0.0026666666666666666, "প্রশ্ন": 0.0026666666666666666, "যমুনা": 0.0026666666666666666, "যে": 0.0026666666666666666, "লাগছে": 0.0026666666666666666, "লাগবে": 0.0026666666666666666, "সেইটা": 0.0026666666666666666, "হবে": 0.0026666666666666666}