{"add": 0.046242774566473986, "bank": 0.046242774566473986, "থেকে": 0.046242774566473986, "ব্যাংক": 0.038535645472061654, "money": 0.036608863198458574, "টাকা": 0.03275529865125241, "অ্যাড": 0.028901734104046242, "করতে": 0.028901734104046242, "theke": 0.026974951830443163, "bkash": 0.023121387283236993, "পারবো": 0.021194605009633914, "মানি": 0.021194605009633914, "can": 0.019267822736030827, "i": 0.019267822736030827, "আমি": 0.019267822736030827, "কোন": 0.019267822736030827, "বিকাশ": 0.017341040462427747, "korte": 0.015414258188824663, "এ": 0.015414258188824663, "বিকাশে": 0.015414258188824663, "ami": 0.013487475915221581, "list": 0.013487475915221581, "taka": 0.013487475915221581, "of": 0.011560693641618497, "parbo": 0.011560693641618497, "কি": 0.011560693641618497, "পারি": 0.011560693641618497, "e": 0.009633911368015413, "kora": 0.009633911368015413, "a": 0.007707129094412331, "jay": 0.007707129094412331, "ki": 0.007707129094412331, "kon": 0.007707129094412331, "me": 0.007707129094412331, "pari": 0.007707129094412331, "to": 0.007707129094412331, "আনতে": 0.007707129094412331, "banks": 0.005780346820809248, "dbbl": 0.005780346820809248, "from": 0.005780346820809248, "maney": 0.005780346820809248, "which": 0.005780346820809248, "অব": 0.005780346820809248, "আনা": 0.005780346820809248, "কমার্স": 0.005780346820809248, "না": 0.005780346820809248, "বাংলাদেশ": 0.005780346820809248, "ab": 0.0038535645472061657, "account": 0.0038535645472061657, "ana": 0.0038535645472061657, "ibanking": 0.0038535645472061657, "islami": 0.0038535645472061657, "jabe": 0.0038535645472061657, "jai": 0.0038535645472061657, "kun": 0.0038535645472061657, "na": 0.0038535645472061657, "provide": 0.0038535645472061657, "pubali": 0.0038535645472061657, "tell": 0.0038535645472061657, "tk": 0.0038535645472061657, "trust": 0.0038535645472061657, "একটা": 0.0038535645472061657, "একাউন্ট": 0.0038535645472061657, "এড": 0.0038535645472061657, "পারব": 0.0038535645472061657, "বাংক": 0.0038535645472061657, "ব্যাংকের": 0.0038535645472061657, "ভাইয়া": 0.0038535645472061657, "যাবে": 0.0038535645472061657, "সাউথইস্ট": 0.0038535645472061657, "সিটি": 0.0038535645472061657, "ad": 0.0019267822736030828, "akadek": 0.0019267822736030828, "akhhon": 0.0019267822736030828, "anbo": 0.0019267822736030828, "ante": 0.0019267822736030828, "ashraf": 0.0019267822736030828, "bhaiya": 0.0019267822736030828, "bikash": 0.0019267822736030828, "bk": 0.0019267822736030828, "cai": 0.0019267822736030828, "card": 0.0019267822736030828, "cardl": 0.0019267822736030828, "citibank": 0.0019267822736030828, "city": 0.0019267822736030828, "dbb": 0.0019267822736030828, "diye": 0.0019267822736030828, "ebl": 0.0019267822736030828, "exim": 0.0019267822736030828, "hi": 0.0019267822736030828, "hlw": 0.0019267822736030828, "i-banking": 0.0019267822736030828, "international": 0.0019267822736030828, "jumuna": 0.0019267822736030828, "kivabe": 0.0019267822736030828, "krte": 0.0019267822736030828, "neoa": 0.0019267822736030828, "number": 0.0019267822736030828, "please": 0.0019267822736030828, "sonali": 0.0019267822736030828, "teke": 0.0019267822736030828, "thaka": 0.0019267822736030828, "thake": 0.0019267822736030828, "thele": 0.0019267822736030828, "আচ্ছা": 0.0019267822736030828, "আপনাদের": 0.0019267822736030828, "আমার": 0.0019267822736030828, "আসে": 0.0019267822736030828, "ইছলামি": 0.0019267822736030828, "ইনফর্মেশন": 0.0019267822736030828, "ইসলামি": 0.0019267822736030828, "ইসলামী": 0.0019267822736030828, "এডমানি": 0.0019267822736030828, "এপস": 0.0019267822736030828, "এর": 0.0019267822736030828, "এ্যাড": 0.0019267822736030828, "কত": 0.0019267822736030828, "করব": 0.0019267822736030828, "করলাম": 0.0019267822736030828, "করা": 0.0019267822736030828, "কিভাবে": 0.0019267822736030828, "কী": 0.0019267822736030828, "ক্ষেত্রে": 0.0019267822736030828, "কয়টা": 0.0019267822736030828, "ট্রাই": 0.0019267822736030828, "ট্রাস্ট": 0.0019267822736030828, "দিন": 0.0019267822736030828, "নিতে": 0.0019267822736030828, "নেই": 0.0019267822736030828, "বেংক": 0.0019267822736030828, "ব্রাক": 0.0019267822736030828, "ভাই": 0.0019267822736030828, "মাধ্যমে": 0.0019267822736030828, "মানিতে": 0.0019267822736030828, "যাচ্ছে": 0.0019267822736030828, "যায়": 0.0019267822736030828, "যেকোন": 0.0019267822736030828, "যেকোনো": 0.0019267822736030828, "রুপালী": 0.0019267822736030828, "লাগবে": 0.0019267822736030828, "লাগে": 0.0019267822736030828, "সময়": 0.0019267822736030828, "সাথে": 0.0019267822736030828, "সেবার": 0.0019267822736030828, "সোনালী": 0.0019267822736030828, "হলো": 0.0019267822736030828}