{"কিভাবে": 0.04597701149425287, "ব্যাংক": 0.04597701149425287, "add": 0.043103448275862065, "bank": 0.043103448275862065, "থেকে": 0.043103448275862065, "money": 0.03735632183908046, "theke": 0.034482758620689655, "kivabe": 0.028735632183908046, "টাকা": 0.028735632183908046, "বিকাশে": 0.02586206896551724, "bkash": 0.022988505747126436, "korbo": 0.022988505747126436, "অ্যাড": 0.022988505747126436, "মানি": 0.022988505747126436, "করতে": 0.020114942528735632, "account": 0.014367816091954023, "i": 0.014367816091954023, "taka": 0.014367816091954023, "পারি": 0.014367816091954023, "process": 0.011494252873563218, "করবো": 0.011494252873563218, "banking": 0.008620689655172414, "how": 0.008620689655172414, "korte": 0.008620689655172414, "tk": 0.008620689655172414, "to": 0.008620689655172414, "আমি": 0.008620689655172414, "বিকাশ": 0.008620689655172414, "সোনালি": 0.008620689655172414, "a": 0.005747126436781609, "asia": 0.005747126436781609, "can": 0.005747126436781609, "e": 0.005747126436781609, "er": 0.005747126436781609, "from": 0.005747126436781609, "fund": 0.005747126436781609, "jamuna": 0.005747126436781609, "ki": 0.005747126436781609, "madhome": 0.005747126436781609, "pari": 0.005747126436781609, "r": 0.005747126436781609, "say": 0.005747126436781609, "transfer": 0.005747126436781609, "অ্যাডমানি": 0.005747126436781609, "ইন্টারনেট": 0.005747126436781609, "একাউন্ট": 0.005747126436781609, "এর": 0.005747126436781609, "এশিয়া": 0.005747126436781609, "করার": 0.005747126436781609, "চাই": 0.005747126436781609, "টা": 0.005747126436781609, "নিয়ম": 0.005747126436781609, "পারবো": 0.005747126436781609, "বলেন": 0.005747126436781609, "ব্যাংকিং": 0.005747126436781609, "মাধ্যমে": 0.005747126436781609, "সোনালী": 0.005747126436781609, "about": 0.0028735632183908046, "ami": 0.0028735632183908046, "ana": 0.0028735632183908046, "anbo": 0.0028735632183908046, "anear": 0.0028735632183908046, "ante": 0.0028735632183908046, "any": 0.0028735632183908046, "app": 0.0028735632183908046, "bhai": 0.0028735632183908046, "bkashba": 0.0028735632183908046, "bolben": 0.0028735632183908046, "bt": 0.0028735632183908046, "chai": 0.0028735632183908046, "exime": 0.0028735632183908046, "hobe": 0.0028735632183908046, "hotea": 0.0028735632183908046, "islami": 0.0028735632183908046, "it": 0.0028735632183908046, "jaay": 0.0028735632183908046, "jonno": 0.0028735632183908046, "kibaba": 0.0028735632183908046, "kibabay": 0.0028735632183908046, "kivabea": 0.0028735632183908046, "maddhome": 0.0028735632183908046, "many": 0.0028735632183908046, "me": 0.0028735632183908046, "porss": 0.0028735632183908046, "shuvo": 0.0028735632183908046, "sokal": 0.0028735632183908046, "sonali": 0.0028735632183908046, "ta": 0.0028735632183908046, "tell": 0.0028735632183908046, "thaka": 0.0028735632183908046, "thakay": 0.0028735632183908046, "tulbo": 0.0028735632183908046, "vabe": 0.0028735632183908046, "want": 0.0028735632183908046, "অ্যাপ": 0.0028735632183908046, "আছে": 0.0028735632183908046, "আনব": 0.0028735632183908046, "আনবো": 0.0028735632183908046, "আনার": 0.0028735632183908046, "আনে": 0.0028735632183908046, "আমাকে": 0.0028735632183908046, "আমার": 0.0028735632183908046, "উপায়": 0.0028735632183908046, "এ": 0.0028735632183908046, "একটু": 0.0028735632183908046, "একাউন্টের": 0.0028735632183908046, "এড": 0.0028735632183908046, "এশিয়া": 0.0028735632183908046, "করব": 0.0028735632183908046, "করে": 0.0028735632183908046, "চাচ্ছি": 0.0028735632183908046, "জন্য": 0.0028735632183908046, "জানতে": 0.0028735632183908046, "ট্রান্সফার": 0.0028735632183908046, "নিতে": 0.0028735632183908046, "নিবো": 0.0028735632183908046, "পাঠাতে": 0.0028735632183908046, "ফান্ড": 0.0028735632183908046, "বলবেন": 0.0028735632183908046, "বিকাশের": 0.0028735632183908046, "ব্যবহার": 0.0028735632183908046, "ব্যাংকে": 0.0028735632183908046, "ভাই": 0.0028735632183908046, "যমুনা": 0.0028735632183908046, "যোগ": 0.0028735632183908046, "সাথে": 0.0028735632183908046, "হতে": 0.0028735632183908046}