{"update": 0.07364341085271317, "information": 0.046511627906976744, "eligible": 0.031007751937984496, "তথ্য": 0.027131782945736437, "ami": 0.023255813953488372, "app": 0.023255813953488372, "for": 0.023255813953488372, "jonno": 0.023255813953488372, "ki": 0.023255813953488372, "আমি": 0.023255813953488372, "check": 0.01937984496124031, "i": 0.01937984496124031, "can": 0.015503875968992248, "korte": 0.015503875968992248, "উপযুক্ত": 0.015503875968992248, "জন্য": 0.015503875968992248, "eligibility": 0.011627906976744186, "joggo": 0.011627906976744186, "kina": 0.011627906976744186, "my": 0.011627906976744186, "theke": 0.011627906976744186, "tottho": 0.011627906976744186, "totthyo": 0.011627906976744186, "করতে": 0.011627906976744186, "কি": 0.011627906976744186, "চাই": 0.011627906976744186, "যোগ্য": 0.011627906976744186, "হালনাগাদের": 0.011627906976744186, "biometric": 0.007751937984496124, "er": 0.007751937984496124, "halnagader": 0.007751937984496124, "i'm": 0.007751937984496124, "if": 0.007751937984496124, "info": 0.007751937984496124, "korar": 0.007751937984496124, "naki": 0.007751937984496124, "nirdishto": 0.007751937984496124, "not": 0.007751937984496124, "or": 0.007751937984496124, "parbe": 0.007751937984496124, "parbo": 0.007751937984496124, "please": 0.007751937984496124, "service": 0.007751937984496124, "shobai": 0.007751937984496124, "the": 0.007751937984496124, "to": 0.007751937984496124, "upojugto": 0.007751937984496124, "আপডেট": 0.007751937984496124, "কিনা": 0.007751937984496124, "হালনাগাদ": 0.007751937984496124, "a": 0.003875968992248062, "account": 0.003875968992248062, "am": 0.003875968992248062, "an": 0.003875968992248062, "apps": 0.003875968992248062, "are": 0.003875968992248062, "be": 0.003875968992248062, "biomtric": 0.003875968992248062, "biu": 0.003875968992248062, "bkash": 0.003875968992248062, "bojhbo": 0.003875968992248062, "bolen": 0.003875968992248062, "cek": 0.003875968992248062, "existing": 0.003875968992248062, "feature": 0.003875968992248062, "from": 0.003875968992248062, "grahok": 0.003875968992248062, "halnagater": 0.003875968992248062, "hote": 0.003875968992248062, "how": 0.003875968992248062, "in": 0.003875968992248062, "introduced": 0.003875968992248062, "janan": 0.003875968992248062, "ke": 0.003875968992248062, "kemne": 0.003875968992248062, "keu": 0.003875968992248062, "kibhabe": 0.003875968992248062, "know": 0.003875968992248062, "kore": 0.003875968992248062, "koren": 0.003875968992248062, "need": 0.003875968992248062, "new": 0.003875968992248062, "newly": 0.003875968992248062, "nid": 0.003875968992248062, "on": 0.003875968992248062, "pabe": 0.003875968992248062, "pari": 0.003875968992248062, "pleease": 0.003875968992248062, "ra": 0.003875968992248062, "sheba": 0.003875968992248062, "shudhu": 0.003875968992248062, "sir": 0.003875968992248062, "tekhe": 0.003875968992248062, "through": 0.003875968992248062, "toh": 0.003875968992248062, "totho": 0.003875968992248062, "want": 0.003875968992248062, "who": 0.003875968992248062, "you": 0.003875968992248062, "অ্যাপ": 0.003875968992248062, "আপডেটের": 0.003875968992248062, "আপডেত": 0.003875968992248062, "আমার": 0.003875968992248062, "ইনফো": 0.003875968992248062, "উপযুক্ততা": 0.003875968992248062, "এর": 0.003875968992248062, "করার": 0.003875968992248062, "কিভাবে": 0.003875968992248062, "কীভাবে": 0.003875968992248062, "কেন": 0.003875968992248062, "চাচ্ছিলাম": 0.003875968992248062, "জানতে": 0.003875968992248062, "তত্থ্য": 0.003875968992248062, "থেকে": 0.003875968992248062, "না": 0.003875968992248062, "পাচ্ছি": 0.003875968992248062, "বুঝবো": 0.003875968992248062, "যাচাই": 0.003875968992248062, "সার্ভিসটি": 0.003875968992248062, "হব": 0.003875968992248062}