{"তথ্য": 0.034482758620689655, "update": 0.03201970443349754, "হালনাগাদ": 0.02463054187192118, "কি": 0.022167487684729065, "information": 0.019704433497536946, "আবার": 0.019704433497536946, "করতে": 0.019704433497536946, "app": 0.017241379310344827, "i": 0.017241379310344827, "অ্যাপ": 0.017241379310344827, "না": 0.017241379310344827, "korte": 0.014778325123152709, "করা": 0.014778325123152709, "থেকে": 0.014778325123152709, "abar": 0.01231527093596059, "kora": 0.01231527093596059, "theke": 0.01231527093596059, "কেন": 0.01231527093596059, "a": 0.009852216748768473, "in": 0.009852216748768473, "tottho": 0.009852216748768473, "why": 0.009852216748768473, "আমি": 0.009852216748768473, "আসে": 0.009852216748768473, "দিনের": 0.009852216748768473, "মধ্যে": 0.009852216748768473, "again": 0.007389162561576354, "ami": 0.007389162561576354, "ekbar": 0.007389162561576354, "gele": 0.007389162561576354, "it": 0.007389162561576354, "jay": 0.007389162561576354, "ki": 0.007389162561576354, "kyc": 0.007389162561576354, "month": 0.007389162561576354, "na": 0.007389162561576354, "times": 0.007389162561576354, "to": 0.007389162561576354, "আপডেট": 0.007389162561576354, "একবার": 0.007389162561576354, "একবারের": 0.007389162561576354, "এখন": 0.007389162561576354, "বেশি": 0.007389162561576354, "যাবে": 0.007389162561576354, "able": 0.0049261083743842365, "am": 0.0049261083743842365, "apps": 0.0049261083743842365, "can": 0.0049261083743842365, "dine": 0.0049261083743842365, "diner": 0.0049261083743842365, "ekhon": 0.0049261083743842365, "from": 0.0049261083743842365, "halnagad": 0.0049261083743842365, "mashe": 0.0049261083743842365, "moddhe": 0.0049261083743842365, "multiple": 0.0049261083743842365, "my": 0.0049261083743842365, "not": 0.0049261083743842365, "once": 0.0049261083743842365, "problem": 0.0049261083743842365, "service": 0.0049261083743842365, "take": 0.0049261083743842365, "teke": 0.0049261083743842365, "the": 0.0049261083743842365, "অপশন": 0.0049261083743842365, "অ্যাপ্স": 0.0049261083743842365, "করলে": 0.0049261083743842365, "করেছি": 0.0049261083743842365, "কিন্তু": 0.0049261083743842365, "কয়বার": 0.0049261083743842365, "তত্য": 0.0049261083743842365, "তাহলে": 0.0049261083743842365, "তেকে": 0.0049261083743842365, "দিনে": 0.0049261083743842365, "পারমু": 0.0049261083743842365, "পারসি": 0.0049261083743842365, "বার": 0.0049261083743842365, "মাসে": 0.0049261083743842365, "লেখা": 0.0049261083743842365, "সমস্যা": 0.0049261083743842365, "সেবা": 0.0049261083743842365, "হালনাগাত": 0.0049261083743842365, "acc": 0.0024630541871921183, "ago": 0.0024630541871921183, "almost": 0.0024630541871921183, "any": 0.0024630541871921183, "ashtase": 0.0024630541871921183, "ashtese": 0.0024630541871921183, "be": 0.0024630541871921183, "before": 0.0024630541871921183, "beshi": 0.0024630541871921183, "bole": 0.0024630541871921183, "but": 0.0024630541871921183, "can't": 0.0024630541871921183, "days": 0.0024630541871921183, "din": 0.0024630541871921183, "do": 0.0024630541871921183, "does": 0.0024630541871921183, "ek": 0.0024630541871921183, "ekbari": 0.0024630541871921183, "ekbarrer": 0.0024630541871921183, "fails": 0.0024630541871921183, "for": 0.0024630541871921183, "halnagat": 0.0024630541871921183, "hocche": 0.0024630541871921183, "how": 0.0024630541871921183, "hoyna": 0.0024630541871921183, "if": 0.0024630541871921183, "info": 0.0024630541871921183, "jabe": 0.0024630541871921183, "joruri": 0.0024630541871921183, "ken": 0.0024630541871921183, "korbo": 0.0024630541871921183, "korechi": 0.0024630541871921183, "korsi": 0.0024630541871921183, "kothay": 0.0024630541871921183, "kotobar": 0.0024630541871921183, "koybar": 0.0024630541871921183, "many": 0.0024630541871921183, "mase": 0.0024630541871921183, "more": 0.0024630541871921183, "need": 0.0024630541871921183, "parben": 0.0024630541871921183, "parbona": 0.0024630541871921183, "partasina": 0.0024630541871921183, "pore": 0.0024630541871921183, "possibl": 0.0024630541871921183, "show": 0.0024630541871921183, "than": 0.0024630541871921183, "there": 0.0024630541871921183, "tho": 0.0024630541871921183, "tht": 0.0024630541871921183, "totthyo": 0.0024630541871921183, "updated": 0.0024630541871921183, "week": 0.0024630541871921183, "will": 0.0024630541871921183, "worked": 0.0024630541871921183, "অ্যাপে": 0.0024630541871921183, "অ্যাফ": 0.0024630541871921183, "অয়না": 0.0024630541871921183, "আগে": 0.0024630541871921183, "আপডেত": 0.0024630541871921183, "আবারো": 0.0024630541871921183, "এই": 0.0024630541871921183, "এক": 0.0024630541871921183, "একমাসে": 0.0024630541871921183, "এপসে": 0.0024630541871921183, "এমন": 0.0024630541871921183, "করছি": 0.0024630541871921183, "করবার": 0.0024630541871921183, "করমু": 0.0024630541871921183, "করি": 0.0024630541871921183, "করেন": 0.0024630541871921183, "কিলিয়ার": 0.0024630541871921183, "কোনো": 0.0024630541871921183, "ক্লিক": 0.0024630541871921183, "কয়দিন": 0.0024630541871921183, "কয়েকদিন": 0.0024630541871921183, "গেলে": 0.0024630541871921183, "চাচ্ছি": 0.0024630541871921183, "ছাই": 0.0024630541871921183, "জায়": 0.0024630541871921183, "টা": 0.0024630541871921183, "তবে": 0.0024630541871921183, "থীকে": 0.0024630541871921183, "থেইকা": 0.0024630541871921183, "নিতে": 0.0024630541871921183, "নিয়েসিলাম": 0.0024630541871921183, "পরপর": 0.0024630541871921183, "পারবো": 0.0024630541871921183, "পারবোনা": 0.0024630541871921183, "পারমুনা": 0.0024630541871921183, "প্রতিমাসে": 0.0024630541871921183, "বলতেসে": 0.0024630541871921183, "বিকাশ": 0.0024630541871921183, "বেপার": 0.0024630541871921183, "যদি": 0.0024630541871921183, "যদিও": 0.0024630541871921183, "যায়": 0.0024630541871921183, "লাগে": 0.0024630541871921183, "স্যার": 0.0024630541871921183, "হচ্চে": 0.0024630541871921183, "হচ্ছে": 0.0024630541871921183, "হবে": 0.0024630541871921183, "হালনাগত": 0.0024630541871921183, "হালনাগদের": 0.0024630541871921183, "হালনাগাদের": 0.0024630541871921183, "হালনাগার": 0.0024630541871921183, "হাল্লনাগাত": 0.0024630541871921183, "হয়": 0.0024630541871921183}