{"nid": 0.038567493112947666, "update": 0.038567493112947666, "app": 0.03581267217630854, "তথ্য": 0.02479338842975207, "information": 0.02203856749311295, "theke": 0.019283746556473833, "to": 0.019283746556473833, "ki": 0.01652892561983471, "হালনাগাদ": 0.01652892561983471, "from": 0.013774104683195593, "i": 0.013774104683195593, "is": 0.013774104683195593, "কি": 0.013774104683195593, "থেকে": 0.013774104683195593, "can": 0.011019283746556474, "er": 0.011019283746556474, "korte": 0.011019283746556474, "the": 0.011019283746556474, "tottho": 0.011019283746556474, "with": 0.011019283746556474, "ছাড়া": 0.011019283746556474, "দিয়ে": 0.011019283746556474, "account": 0.008264462809917356, "apps": 0.008264462809917356, "chara": 0.008264462809917356, "diya": 0.008264462809917356, "halnagad": 0.008264462809917356, "info": 0.008264462809917356, "jonno": 0.008264462809917356, "my": 0.008264462809917356, "passport": 0.008264462809917356, "registered": 0.008264462809917356, "অ্যাপ": 0.008264462809917356, "করা": 0.008264462809917356, "কেন": 0.008264462809917356, "না": 0.008264462809917356, "পাসপোর্ট": 0.008264462809917356, "ami": 0.005509641873278237, "card": 0.005509641873278237, "dorkar": 0.005509641873278237, "driving": 0.005509641873278237, "for": 0.005509641873278237, "it": 0.005509641873278237, "keno": 0.005509641873278237, "korar": 0.005509641873278237, "na": 0.005509641873278237, "not": 0.005509641873278237, "service": 0.005509641873278237, "shudhu": 0.005509641873278237, "using": 0.005509641873278237, "why": 0.005509641873278237, "your": 0.005509641873278237, "অ্যাফ": 0.005509641873278237, "আইডি": 0.005509641873278237, "আপডেট": 0.005509641873278237, "আমি": 0.005509641873278237, "করতে": 0.005509641873278237, "করবো": 0.005509641873278237, "কার্ড": 0.005509641873278237, "জাতীয়": 0.005509641873278237, "বিকাশ": 0.005509641873278237, "সম্ভব": 0.005509641873278237, "accha": 0.0027548209366391185, "amar": 0.0027548209366391185, "ame": 0.0027548209366391185, "apnara": 0.0027548209366391185, "avail": 0.0027548209366391185, "be": 0.0027548209366391185, "bolen": 0.0027548209366391185, "by": 0.0027548209366391185, "caisi": 0.0027548209366391185, "cara": 0.0027548209366391185, "diye": 0.0027548209366391185, "e": 0.0027548209366391185, "ee": 0.0027548209366391185, "ei": 0.0027548209366391185, "eita": 0.0027548209366391185, "halnadar": 0.0027548209366391185, "halnagar": 0.0027548209366391185, "halnagat": 0.0027548209366391185, "hanadar": 0.0027548209366391185, "have": 0.0027548209366391185, "hobo": 0.0027548209366391185, "id": 0.0027548209366391185, "imp": 0.0027548209366391185, "infor": 0.0027548209366391185, "infromation": 0.0027548209366391185, "jayna": 0.0027548209366391185, "jonmo": 0.0027548209366391185, "jonne": 0.0027548209366391185, "joruri": 0.0027548209366391185, "kano": 0.0027548209366391185, "kemne": 0.0027548209366391185, "ken": 0.0027548209366391185, "khola": 0.0027548209366391185, "kkeno": 0.0027548209366391185, "kora": 0.0027548209366391185, "korata": 0.0027548209366391185, "korbar": 0.0027548209366391185, "korbo": 0.0027548209366391185, "kormu": 0.0027548209366391185, "lagbe": 0.0027548209366391185, "lagbo": 0.0027548209366391185, "licence": 0.0027548209366391185, "license": 0.0027548209366391185, "maddhodhe": 0.0027548209366391185, "mandatory": 0.0027548209366391185, "national": 0.0027548209366391185, "necessary": 0.0027548209366391185, "needed": 0.0027548209366391185, "nite": 0.0027548209366391185, "onek": 0.0027548209366391185, "option": 0.0027548209366391185, "out": 0.0027548209366391185, "parbona": 0.0027548209366391185, "parmu": 0.0027548209366391185, "parum": 0.0027548209366391185, "problem": 0.0027548209366391185, "proyojon": 0.0027548209366391185, "receive": 0.0027548209366391185, "reg": 0.0027548209366391185, "rekhechen": 0.0027548209366391185, "sebati": 0.0027548209366391185, "self": 0.0027548209366391185, "sonod": 0.0027548209366391185, "sudhu": 0.0027548209366391185, "take": 0.0027548209366391185, "teke": 0.0027548209366391185, "tekhe": 0.0027548209366391185, "thaika": 0.0027548209366391185, "thaka": 0.0027548209366391185, "totho": 0.0027548209366391185, "totthoi": 0.0027548209366391185, "totthy": 0.0027548209366391185, "totto": 0.0027548209366391185, "want": 0.0027548209366391185, "what": 0.0027548209366391185, "অ্যাপের": 0.0027548209366391185, "আই": 0.0027548209366391185, "আচ্ছা": 0.0027548209366391185, "আপনাদের": 0.0027548209366391185, "আপ্নাগ": 0.0027548209366391185, "আবার": 0.0027548209366391185, "আমার": 0.0027548209366391185, "এখানে": 0.0027548209366391185, "এটা": 0.0027548209366391185, "এটাই": 0.0027548209366391185, "এন": 0.0027548209366391185, "এনআইডি": 0.0027548209366391185, "এফ": 0.0027548209366391185, "করবার": 0.0027548209366391185, "কাজ": 0.0027548209366391185, "কারনে": 0.0027548209366391185, "কিন্তু": 0.0027548209366391185, "খোলা": 0.0027548209366391185, "চাই": 0.0027548209366391185, "জন্য": 0.0027548209366391185, "জাইবনা": 0.0027548209366391185, "জানা": 0.0027548209366391185, "জোনে": 0.0027548209366391185, "ডি": 0.0027548209366391185, "ড্রাইভিং": 0.0027548209366391185, "তত্ত্ব": 0.0027548209366391185, "তাহলে": 0.0027548209366391185, "তেখে": 0.0027548209366391185, "ন": 0.0027548209366391185, "নাই": 0.0027548209366391185, "ন্যাশনাল": 0.0027548209366391185, "পত্র": 0.0027548209366391185, "পরিচয়": 0.0027548209366391185, "পরিচয়পত্র": 0.0027548209366391185, "পরিচয়পত্রের": 0.0027548209366391185, "পারবনা": 0.0027548209366391185, "পারসি": 0.0027548209366391185, "বুজলাম": 0.0027548209366391185, "ভাই": 0.0027548209366391185, "মাধ্যমে": 0.0027548209366391185, "যাবে": 0.0027548209366391185, "যায়না": 0.0027548209366391185, "যে": 0.0027548209366391185, "লাইসেন্স": 0.0027548209366391185, "সেবা": 0.0027548209366391185, "সেলফ": 0.0027548209366391185, "হতেই": 0.0027548209366391185, "হবে": 0.0027548209366391185, "হালনাগাত": 0.0027548209366391185, "হালনাগাদা": 0.0027548209366391185, "হালনাদা": 0.0027548209366391185, "হয়": 0.0027548209366391185}