{"আমি": 0.036269430051813475, "bkash": 0.031088082901554404, "বিকাশ": 0.025906735751295335, "app": 0.023316062176165806, "থেকে": 0.023316062176165806, "ami": 0.02072538860103627, "use": 0.02072538860103627, "করতে": 0.02072538860103627, "কি": 0.02072538860103627, "i": 0.018134715025906738, "ki": 0.018134715025906738, "to": 0.018134715025906738, "korte": 0.012953367875647668, "parbo": 0.012953367875647668, "চাই": 0.012953367875647668, "সৌদি": 0.012953367875647668, "the": 0.010362694300518135, "আমার": 0.010362694300518135, "চালাতে": 0.010362694300518135, "পারবো": 0.010362694300518135, "ব্যবহার": 0.010362694300518135, "ব্যাবহার": 0.010362694300518135, "account": 0.007772020725388601, "desher": 0.007772020725388601, "now": 0.007772020725388601, "theke": 0.007772020725388601, "আরব": 0.007772020725388601, "থাকি": 0.007772020725388601, "বিকাশের": 0.007772020725388601, "বিদেশ": 0.007772020725388601, "ভাবে": 0.007772020725388601, "amar": 0.0051813471502590676, "arabia": 0.0051813471502590676, "baire": 0.0051813471502590676, "bidesh": 0.0051813471502590676, "but": 0.0051813471502590676, "can": 0.0051813471502590676, "ekhon": 0.0051813471502590676, "is": 0.0051813471502590676, "kora": 0.0051813471502590676, "na": 0.0051813471502590676, "nite": 0.0051813471502590676, "open": 0.0051813471502590676, "outside": 0.0051813471502590676, "pay": 0.0051813471502590676, "saudi": 0.0051813471502590676, "taka": 0.0051813471502590676, "thaki": 0.0051813471502590676, "ti": 0.0051813471502590676, "uae": 0.0051813471502590676, "অ্যাপ": 0.0051813471502590676, "আছি": 0.0051813471502590676, "আছে": 0.0051813471502590676, "আরবে": 0.0051813471502590676, "একাউন্ট": 0.0051813471502590676, "এখন": 0.0051813471502590676, "করা": 0.0051813471502590676, "করে": 0.0051813471502590676, "করেছি": 0.0051813471502590676, "কিভাবে": 0.0051813471502590676, "তে": 0.0051813471502590676, "দুবাই": 0.0051813471502590676, "পারি": 0.0051813471502590676, "বাংলাদেশে": 0.0051813471502590676, "ব্যবসা": 0.0051813471502590676, "যে": 0.0051813471502590676, "যেভাবে": 0.0051813471502590676, "a": 0.0025906735751295338, "able": 0.0025906735751295338, "age": 0.0025906735751295338, "agent": 0.0025906735751295338, "ai": 0.0025906735751295338, "all": 0.0025906735751295338, "am": 0.0025906735751295338, "amra": 0.0025906735751295338, "apnadder": 0.0025906735751295338, "apnar": 0.0025906735751295338, "apps": 0.0025906735751295338, "ar": 0.0025906735751295338, "associated": 0.0025906735751295338, "babe": 0.0025906735751295338, "bahira": 0.0025906735751295338, "bahire": 0.0025906735751295338, "bangladesh": 0.0025906735751295338, "bangladesher": 0.0025906735751295338, "be": 0.0025906735751295338, "bebohar": 0.0025906735751295338, "before": 0.0025906735751295338, "bikash": 0.0025906735751295338, "bill": 0.0025906735751295338, "bills": 0.0025906735751295338, "bksh": 0.0025906735751295338, "business": 0.0025906735751295338, "by": 0.0025906735751295338, "chai": 0.0025906735751295338, "chaile": 0.0025906735751295338, "chalate": 0.0025906735751295338, "chilo": 0.0025906735751295338, "country": 0.0025906735751295338, "e": 0.0025906735751295338, "ekohn": 0.0025906735751295338, "for": 0.0025906735751295338, "from": 0.0025906735751295338, "germany": 0.0025906735751295338, "have": 0.0025906735751295338, "how": 0.0025906735751295338, "hoyna": 0.0025906735751295338, "i'm": 0.0025906735751295338, "india": 0.0025906735751295338, "it": 0.0025906735751295338, "jabeki": 0.0025906735751295338, "jay": 0.0025906735751295338, "karo": 0.0025906735751295338, "kichu": 0.0025906735751295338, "kono": 0.0025906735751295338, "kortam": 0.0025906735751295338, "leaving": 0.0025906735751295338, "maddome": 0.0025906735751295338, "madhome": 0.0025906735751295338, "money": 0.0025906735751295338, "move": 0.0025906735751295338, "my": 0.0025906735751295338, "next": 0.0025906735751295338, "of": 0.0025906735751295338, "on": 0.0025906735751295338, "othano": 0.0025906735751295338, "pari": 0.0025906735751295338, "partachi": 0.0025906735751295338, "planning": 0.0025906735751295338, "possible": 0.0025906735751295338, "probash": 0.0025906735751295338, "procedure": 0.0025906735751295338, "safort": 0.0025906735751295338, "seba": 0.0025906735751295338, "send": 0.0025906735751295338, "session": 0.0025906735751295338, "sir": 0.0025906735751295338, "te": 0.0025906735751295338, "those": 0.0025906735751295338, "through": 0.0025906735751295338, "uk": 0.0025906735751295338, "used": 0.0025906735751295338, "using": 0.0025906735751295338, "utility": 0.0025906735751295338, "vabe": 0.0025906735751295338, "very": 0.0025906735751295338, "vpn": 0.0025906735751295338, "which": 0.0025906735751295338, "will": 0.0025906735751295338, "আপ": 0.0025906735751295338, "আমিরাতে": 0.0025906735751295338, "আরবতে": 0.0025906735751295338, "আলাইকুম": 0.0025906735751295338, "আসসালামু": 0.0025906735751295338, "আ্যপ": 0.0025906735751295338, "ইন্টারনেট": 0.0025906735751295338, "উপায়": 0.0025906735751295338, "এই": 0.0025906735751295338, "একইভাবে": 0.0025906735751295338, "একটু": 0.0025906735751295338, "এখান": 0.0025906735751295338, "এপ": 0.0025906735751295338, "এপ্স": 0.0025906735751295338, "ওপেন": 0.0025906735751295338, "করার": 0.0025906735751295338, "কোন": 0.0025906735751295338, "কোনো": 0.0025906735751295338, "খোলা": 0.0025906735751295338, "জাবে": 0.0025906735751295338, "দিয়ে": 0.0025906735751295338, "দেশের": 0.0025906735751295338, "দয়া": 0.0025906735751295338, "না": 0.0025906735751295338, "নাম্বার": 0.0025906735751295338, "নি": 0.0025906735751295338, "নিয়ন্ত্রণ": 0.0025906735751295338, "পরবলেম": 0.0025906735751295338, "পারব": 0.0025906735751295338, "প্রবাহে": 0.0025906735751295338, "প্রান্তে": 0.0025906735751295338, "বলবেন": 0.0025906735751295338, "বলে": 0.0025906735751295338, "বাংলাদের": 0.0025906735751295338, "বাংলাদেশের": 0.0025906735751295338, "বাইরে": 0.0025906735751295338, "বাবে": 0.0025906735751295338, "বাহিরে": 0.0025906735751295338, "বিকাস": 0.0025906735751295338, "বিকাসে": 0.0025906735751295338, "বিজনেস": 0.0025906735751295338, "বিদেশে": 0.0025906735751295338, "বৈধ": 0.0025906735751295338, "ভাভে": 0.0025906735751295338, "মাধ্যমে": 0.0025906735751295338, "মালাইশি": 0.0025906735751295338, "যাবে": 0.0025906735751295338, "যায়": 0.0025906735751295338, "শুধু": 0.0025906735751295338, "সাপোর্ট": 0.0025906735751295338, "সার": 0.0025906735751295338, "সেইভাবে": 0.0025906735751295338, "সেটা": 0.0025906735751295338, "হয়": 0.0025906735751295338}