{"bank": 0.05446293494704993, "টাকা": 0.048411497730711045, "transfer": 0.046898638426626324, "bkash": 0.04084720121028745, "charge": 0.04084720121028745, "থেকে": 0.03479576399394856, "বিকাশ": 0.03177004538577912, "koto": 0.030257186081694403, "to": 0.030257186081694403, "money": 0.028744326777609682, "কত": 0.027231467473524965, "account": 0.0226928895612708, "চার্জ": 0.0226928895612708, "ব্যাংকে": 0.0226928895612708, "a": 0.021180030257186084, "taka": 0.015128593040847202, "from": 0.012102874432677761, "theke": 0.012102874432677761, "e": 0.010590015128593042, "korle": 0.010590015128593042, "কাটে": 0.010590015128593042, "ট্রান্সফার": 0.010590015128593042, "ব্যাংক": 0.010590015128593042, "the": 0.009077155824508321, "tk": 0.009077155824508321, "করলে": 0.009077155824508321, "কাটবে": 0.009077155824508321, "ki": 0.007564296520423601, "এ": 0.007564296520423601, "কি": 0.007564296520423601, "পাঠাতে": 0.007564296520423601, "হবে": 0.007564296520423601, "ific": 0.006051437216338881, "is": 0.006051437216338881, "kate": 0.006051437216338881, "what": 0.006051437216338881, "একাউন্টে": 0.006051437216338881, "করতে": 0.006051437216338881, "খরচ": 0.006051437216338881, "পাঠালে": 0.006051437216338881, "bikash": 0.0045385779122541605, "city": 0.0045385779122541605, "cost": 0.0045385779122541605, "fee": 0.0045385779122541605, "i": 0.0045385779122541605, "korte": 0.0045385779122541605, "kto": 0.0045385779122541605, "sonali": 0.0045385779122541605, "আমার": 0.0045385779122541605, "আমি": 0.0045385779122541605, "একাউন্ট": 0.0045385779122541605, "টান্সফার": 0.0045385779122541605, "দিতে": 0.0045385779122541605, "মানি": 0.0045385779122541605, "সোনালী": 0.0045385779122541605, "হাজারে": 0.0045385779122541605, "for": 0.0030257186081694403, "have": 0.0030257186081694403, "how": 0.0030257186081694403, "if": 0.0030257186081694403, "katbe": 0.0030257186081694403, "kono": 0.0030257186081694403, "lagbe": 0.0030257186081694403, "much": 0.0030257186081694403, "of": 0.0030257186081694403, "thaka": 0.0030257186081694403, "thake": 0.0030257186081694403, "আই": 0.0030257186081694403, "আইএফআইসি": 0.0030257186081694403, "কোন": 0.0030257186081694403, "চাই": 0.0030257186081694403, "চার্য": 0.0030257186081694403, "ব্যংক": 0.0030257186081694403, "মানিতে": 0.0030257186081694403, "সিটি": 0.0030257186081694403, "হয়": 0.0030257186081694403, "=": 0.0015128593040847202, "about": 0.0015128593040847202, "acca": 0.0015128593040847202, "ace": 0.0015128593040847202, "advise": 0.0015128593040847202, "amar": 0.0015128593040847202, "ami": 0.0015128593040847202, "amr": 0.0015128593040847202, "any": 0.0015128593040847202, "be": 0.0015128593040847202, "bkshs": 0.0015128593040847202, "brack": 0.0015128593040847202, "brak": 0.0015128593040847202, "cai": 0.0015128593040847202, "carge": 0.0015128593040847202, "charal": 0.0015128593040847202, "charch": 0.0015128593040847202, "charges": 0.0015128593040847202, "chrg": 0.0015128593040847202, "cutbe": 0.0015128593040847202, "do": 0.0015128593040847202, "eastern": 0.0015128593040847202, "er": 0.0015128593040847202, "fund": 0.0015128593040847202, "hote": 0.0015128593040847202, "janaben": 0.0015128593040847202, "jodi": 0.0015128593040847202, "ketbe": 0.0015128593040847202, "khiroch": 0.0015128593040847202, "khrch": 0.0015128593040847202, "know": 0.0015128593040847202, "konu": 0.0015128593040847202, "kore": 0.0015128593040847202, "lage": 0.0015128593040847202, "limited": 0.0015128593040847202, "me": 0.0015128593040847202, "mony": 0.0015128593040847202, "my": 0.0015128593040847202, "parbu": 0.0015128593040847202, "patai": 0.0015128593040847202, "patate": 0.0015128593040847202, "pathabo": 0.0015128593040847202, "pathale": 0.0015128593040847202, "pathte": 0.0015128593040847202, "pay": 0.0015128593040847202, "per": 0.0015128593040847202, "percent": 0.0015128593040847202, "pls": 0.0015128593040847202, "plz": 0.0015128593040847202, "tahole": 0.0015128593040847202, "te": 0.0015128593040847202, "then": 0.0015128593040847202, "thke": 0.0015128593040847202, "thousands": 0.0015128593040847202, "tranafer": 0.0015128593040847202, "transfar": 0.0015128593040847202, "transferring": 0.0015128593040847202, "want": 0.0015128593040847202, "will": 0.0015128593040847202, "xtra": 0.0015128593040847202, "you": 0.0015128593040847202, "অ্যাকাউন্টে": 0.0015128593040847202, "আপনি": 0.0015128593040847202, "ইস্টান": 0.0015128593040847202, "ইস্টার্ন": 0.0015128593040847202, "একটা": 0.0015128593040847202, "এফ": 0.0015128593040847202, "করে": 0.0015128593040847202, "কাটা": 0.0015128593040847202, "কিনা": 0.0015128593040847202, "কেমন": 0.0015128593040847202, "চর্জ": 0.0015128593040847202, "টাকায়": 0.0015128593040847202, "টানাসফার": 0.0015128593040847202, "ট্রন্সফারে": 0.0015128593040847202, "ট্রান্সপার": 0.0015128593040847202, "ট্রান্সফর": 0.0015128593040847202, "ট্রান্সফারের": 0.0015128593040847202, "তথ্য": 0.0015128593040847202, "দিবেন": 0.0015128593040847202, "নিতে": 0.0015128593040847202, "পাঠাইতে": 0.0015128593040847202, "পারসোনাল": 0.0015128593040847202, "পার্সেন": 0.0015128593040847202, "প্রতি": 0.0015128593040847202, "ফি": 0.0015128593040847202, "বস": 0.0015128593040847202, "বিকাস": 0.0015128593040847202, "ব্যাক": 0.0015128593040847202, "ব্রাক": 0.0015128593040847202, "ব্র্যাক": 0.0015128593040847202, "যদি": 0.0015128593040847202, "লাগবে": 0.0015128593040847202, "লাগে": 0.0015128593040847202, "সার্ভিস": 0.0015128593040847202, "সি": 0.0015128593040847202, "স্যার": 0.0015128593040847202, "হয়": 0.0015128593040847202}