{"to": 0.056818181818181816, "bkash": 0.05113636363636364, "বিকাশ": 0.03409090909090909, "money": 0.03125, "থেকে": 0.03125, "account": 0.028409090909090908, "e": 0.028409090909090908, "theke": 0.028409090909090908, "টাকা": 0.02556818181818182, "নগদ": 0.02556818181818182, "rocket": 0.022727272727272724, "taka": 0.022727272727272724, "from": 0.019886363636363636, "my": 0.019886363636363636, "nagad": 0.019886363636363636, "send": 0.019886363636363636, "nogod": 0.017045454545454544, "jay": 0.014204545454545454, "ki": 0.014204545454545454, "bikash": 0.011363636363636362, "i": 0.011363636363636362, "kora": 0.011363636363636362, "possible": 0.011363636363636362, "transfer": 0.011363636363636362, "করা": 0.011363636363636362, "লেনদেন": 0.011363636363636362, "amar": 0.008522727272727272, "pathano": 0.008522727272727272, "procedure": 0.008522727272727272, "the": 0.008522727272727272, "কি": 0.008522727272727272, "যাবে": 0.008522727272727272, "can": 0.005681818181818181, "is": 0.005681818181818181, "jai": 0.005681818181818181, "kivabe": 0.005681818181818181, "korte": 0.005681818181818181, "like": 0.005681818181818181, "naki": 0.005681818181818181, "othoba": 0.005681818181818181, "service": 0.005681818181818181, "tk": 0.005681818181818181, "transaction": 0.005681818181818181, "upay": 0.005681818181818181, "want": 0.005681818181818181, "what's": 0.005681818181818181, "অথবা": 0.005681818181818181, "আমি": 0.005681818181818181, "উপায়": 0.005681818181818181, "একাউণ্টে": 0.005681818181818181, "একাউন্ট": 0.005681818181818181, "চাই": 0.005681818181818181, "ট্রান্সফার": 0.005681818181818181, "নগদে": 0.005681818181818181, "পাঠাতে": 0.005681818181818181, "যায়": 0.005681818181818181, "able": 0.0028409090909090906, "accounter": 0.0028409090909090906, "activated": 0.0028409090909090906, "ana": 0.0028409090909090906, "any": 0.0028409090909090906, "balance": 0.0028409090909090906, "bikas": 0.0028409090909090906, "bksh": 0.0028409090909090906, "chai": 0.0028409090909090906, "dbbl": 0.0028409090909090906, "do": 0.0028409090909090906, "dorkar": 0.0028409090909090906, "emne": 0.0028409090909090906, "er": 0.0028409090909090906, "financial": 0.0028409090909090906, "financing": 0.0028409090909090906, "hbe": 0.0028409090909090906, "hoise": 0.0028409090909090906, "if": 0.0028409090909090906, "jabe": 0.0028409090909090906, "korbo": 0.0028409090909090906, "krleo": 0.0028409090909090906, "lenden": 0.0028409090909090906, "nagod": 0.0028409090909090906, "nexus": 0.0028409090909090906, "neya": 0.0028409090909090906, "nite": 0.0028409090909090906, "nogode": 0.0028409090909090906, "nogud": 0.0028409090909090906, "other": 0.0028409090909090906, "others": 0.0028409090909090906, "parb": 0.0028409090909090906, "parbo": 0.0028409090909090906, "pathamu": 0.0028409090909090906, "pathanu": 0.0028409090909090906, "perssonal": 0.0028409090909090906, "sent": 0.0028409090909090906, "shotti": 0.0028409090909090906, "shuru": 0.0028409090909090906, "system": 0.0028409090909090906, "te": 0.0028409090909090906, "tenesper": 0.0028409090909090906, "that": 0.0028409090909090906, "thekeo": 0.0028409090909090906, "there": 0.0028409090909090906, "transffer": 0.0028409090909090906, "upday": 0.0028409090909090906, "would": 0.0028409090909090906, "অন্য": 0.0028409090909090906, "অন্যান্য": 0.0028409090909090906, "অপারেটরে": 0.0028409090909090906, "আমার": 0.0028409090909090906, "আসে": 0.0028409090909090906, "উপায়ে": 0.0028409090909090906, "এ": 0.0028409090909090906, "একাউন্টে": 0.0028409090909090906, "করতে": 0.0028409090909090906, "করেছ": 0.0028409090909090906, "কিভাবে": 0.0028409090909090906, "গেসে": 0.0028409090909090906, "টু": 0.0028409090909090906, "টেনাসপার": 0.0028409090909090906, "ত": 0.0028409090909090906, "নাই": 0.0028409090909090906, "নিবো": 0.0028409090909090906, "নেওয়া": 0.0028409090909090906, "পাটানো": 0.0028409090909090906, "পাথাইতে": 0.0028409090909090906, "পারব": 0.0028409090909090906, "পারুম": 0.0028409090909090906, "বিকাশে": 0.0028409090909090906, "ব্যাংকিং": 0.0028409090909090906, "ভাই": 0.0028409090909090906, "ভাইয়ের": 0.0028409090909090906, "মোবাইল": 0.0028409090909090906, "যায়": 0.0028409090909090906, "রকেটে": 0.0028409090909090906, "হয়": 0.0028409090909090906}