{"job": 0.048192771084337345, "bkash": 0.045180722891566265, "বিকাশ": 0.030120481927710843, "can": 0.024096385542168672, "i": 0.024096385542168672, "জব": 0.024096385542168672, "ki": 0.021084337349397592, "to": 0.021084337349397592, "circular": 0.018072289156626505, "how": 0.018072289156626505, "আমি": 0.018072289156626505, "get": 0.015060240963855422, "me": 0.015060240963855422, "with": 0.015060240963855422, "work": 0.015060240963855422, "you": 0.015060240963855422, "এ": 0.015060240963855422, "করতে": 0.015060240963855422, "e": 0.012048192771084336, "recruitment": 0.012048192771084336, "কি": 0.012048192771084336, "ami": 0.009036144578313253, "korte": 0.009036144578313253, "please": 0.009036144578313253, "provide": 0.009036144578313253, "আপনাদের": 0.009036144578313253, "কোন": 0.009036144578313253, "চাই": 0.009036144578313253, "জন্য": 0.009036144578313253, "দিবেন": 0.009036144578313253, "ভাইয়া": 0.009036144578313253, "a": 0.006024096385542168, "akhane": 0.006024096385542168, "apnader": 0.006024096385542168, "chai": 0.006024096385542168, "er": 0.006024096385542168, "info": 0.006024096385542168, "jonno": 0.006024096385542168, "kivabe": 0.006024096385542168, "kono": 0.006024096385542168, "korta": 0.006024096385542168, "lage": 0.006024096385542168, "qualification": 0.006024096385542168, "tell": 0.006024096385542168, "theke": 0.006024096385542168, "want": 0.006024096385542168, "would": 0.006024096385542168, "আছে": 0.006024096385542168, "আমার": 0.006024096385542168, "একটু": 0.006024096385542168, "এর": 0.006024096385542168, "করার": 0.006024096385542168, "করে": 0.006024096385542168, "কিভাবে": 0.006024096385542168, "টা": 0.006024096385542168, "থেকে": 0.006024096385542168, "দেখতে": 0.006024096385542168, "পারবো": 0.006024096385542168, "পারি": 0.006024096385542168, "বিকাশে": 0.006024096385542168, "বিকাশের": 0.006024096385542168, "লিংক": 0.006024096385542168, "লোক": 0.006024096385542168, "about": 0.003012048192771084, "ac": 0.003012048192771084, "akta": 0.003012048192771084, "amr": 0.003012048192771084, "any": 0.003012048192771084, "apply": 0.003012048192771084, "bhaiya": 0.003012048192771084, "bikase": 0.003012048192771084, "bikash": 0.003012048192771084, "call": 0.003012048192771084, "career": 0.003012048192771084, "center": 0.003012048192771084, "chakri": 0.003012048192771084, "chkri": 0.003012048192771084, "circuler": 0.003012048192771084, "company": 0.003012048192771084, "dao": 0.003012048192771084, "dorkar": 0.003012048192771084, "gele": 0.003012048192771084, "help": 0.003012048192771084, "hii": 0.003012048192771084, "hlw": 0.003012048192771084, "hoye": 0.003012048192771084, "hoyeche": 0.003012048192771084, "if": 0.003012048192771084, "in": 0.003012048192771084, "information": 0.003012048192771084, "is": 0.003012048192771084, "jai": 0.003012048192771084, "khane": 0.003012048192771084, "kno": 0.003012048192771084, "know": 0.003012048192771084, "kon": 0.003012048192771084, "korar": 0.003012048192771084, "kothai": 0.003012048192771084, "lagbe": 0.003012048192771084, "link": 0.003012048192771084, "nao": 0.003012048192771084, "need": 0.003012048192771084, "nite": 0.003012048192771084, "oi": 0.003012048192771084, "pabo": 0.003012048192771084, "page": 0.003012048192771084, "parbo": 0.003012048192771084, "pari": 0.003012048192771084, "pete": 0.003012048192771084, "plz": 0.003012048192771084, "published": 0.003012048192771084, "recently": 0.003012048192771084, "regarding": 0.003012048192771084, "sabbir": 0.003012048192771084, "ta": 0.003012048192771084, "there": 0.003012048192771084, "will": 0.003012048192771084, "your": 0.003012048192771084, "অনলাইন": 0.003012048192771084, "অনেক": 0.003012048192771084, "ইমেইল": 0.003012048192771084, "উন্নতি": 0.003012048192771084, "একটা": 0.003012048192771084, "এখানে": 0.003012048192771084, "এড্রেসটি": 0.003012048192771084, "কাজ": 0.003012048192771084, "কাজের": 0.003012048192771084, "কিছু": 0.003012048192771084, "কোথায়": 0.003012048192771084, "কোনো": 0.003012048192771084, "কোম্পানিতে": 0.003012048192771084, "ক্যারিয়ারের": 0.003012048192771084, "গুলো": 0.003012048192771084, "চাকরি": 0.003012048192771084, "চাকরির": 0.003012048192771084, "ছিল": 0.003012048192771084, "জবের": 0.003012048192771084, "জানার": 0.003012048192771084, "তথ্য": 0.003012048192771084, "দরকার": 0.003012048192771084, "নিচ্ছে": 0.003012048192771084, "নেওয়া": 0.003012048192771084, "নেয়া": 0.003012048192771084, "পাওয়া": 0.003012048192771084, "পেইজ": 0.003012048192771084, "প্রয়োজন": 0.003012048192771084, "প্লিজ": 0.003012048192771084, "বেপারে": 0.003012048192771084, "বেশি": 0.003012048192771084, "ভবিষ্যতে": 0.003012048192771084, "যাবে": 0.003012048192771084, "যায়": 0.003012048192771084, "সকল": 0.003012048192771084, "সব": 0.003012048192771084, "সার্কুলার": 0.003012048192771084, "সুযোগ": 0.003012048192771084, "হবে": 0.003012048192771084}