{"bank": 0.050505050505050504, "transfer": 0.04473304473304473, "টাকা": 0.03607503607503607, "বিকাশ": 0.03463203463203463, "ট্রান্সফার": 0.02886002886002886, "ব্যাংক": 0.02886002886002886, "bkash": 0.027417027417027416, "money": 0.027417027417027416, "থেকে": 0.025974025974025976, "এ": 0.024531024531024532, "kon": 0.023088023088023088, "আমি": 0.023088023088023088, "korte": 0.021645021645021644, "e": 0.020202020202020204, "করতে": 0.020202020202020204, "কি": 0.017316017316017316, "theke": 0.015873015873015872, "কোন": 0.01443001443001443, "পারি": 0.01443001443001443, "মানি": 0.01443001443001443, "ami": 0.012987012987012988, "পাঠাতে": 0.012987012987012988, "can": 0.011544011544011544, "ki": 0.011544011544011544, "parbo": 0.011544011544011544, "to": 0.011544011544011544, "পারবো": 0.011544011544011544, "i": 0.010101010101010102, "pari": 0.010101010101010102, "কিভাবে": 0.010101010101010102, "মাধ্যমে": 0.008658008658008658, "a": 0.007215007215007215, "এর": 0.007215007215007215, "ব্যাংকে": 0.007215007215007215, "ব্যাংকের": 0.007215007215007215, "যায়": 0.007215007215007215, "account": 0.005772005772005772, "er": 0.005772005772005772, "kivabe": 0.005772005772005772, "kora": 0.005772005772005772, "me": 0.005772005772005772, "procedure": 0.005772005772005772, "taka": 0.005772005772005772, "tk": 0.005772005772005772, "একটু": 0.005772005772005772, "পাঠানো": 0.005772005772005772, "dbbl": 0.004329004329004329, "from": 0.004329004329004329, "korbo": 0.004329004329004329, "please": 0.004329004329004329, "tell": 0.004329004329004329, "you": 0.004329004329004329, "করা": 0.004329004329004329, "জানতে": 0.004329004329004329, "টু": 0.004329004329004329, "না": 0.004329004329004329, "বলতেন": 0.004329004329004329, "বিকাশের": 0.004329004329004329, "যদি": 0.004329004329004329, "সম্পর্কে": 0.004329004329004329, "সাথে": 0.004329004329004329, "সোনালী": 0.004329004329004329, "about": 0.002886002886002886, "amar": 0.002886002886002886, "asia": 0.002886002886002886, "bhai": 0.002886002886002886, "bhaiya": 0.002886002886002886, "chai": 0.002886002886002886, "hi": 0.002886002886002886, "hlw": 0.002886002886002886, "islami": 0.002886002886002886, "jaina": 0.002886002886002886, "jante": 0.002886002886002886, "know": 0.002886002886002886, "list": 0.002886002886002886, "system": 0.002886002886002886, "teke": 0.002886002886002886, "through": 0.002886002886002886, "want": 0.002886002886002886, "which": 0.002886002886002886, "ইসলামি": 0.002886002886002886, "একাউন্ট": 0.002886002886002886, "একাউন্টে": 0.002886002886002886, "করবো": 0.002886002886002886, "করে": 0.002886002886002886, "কৃষি": 0.002886002886002886, "চাই": 0.002886002886002886, "চাচ্ছি": 0.002886002886002886, "জমা": 0.002886002886002886, "নিয়ম": 0.002886002886002886, "পারব": 0.002886002886002886, "ফান্ড": 0.002886002886002886, "বিস্তারিত": 0.002886002886002886, "ভাইয়া": 0.002886002886002886, "মধুমতি": 0.002886002886002886, "যাবে": 0.002886002886002886, "শাখাতে": 0.002886002886002886, "accept": 0.001443001443001443, "aktu": 0.001443001443001443, "any": 0.001443001443001443, "apnader": 0.001443001443001443, "assa": 0.001443001443001443, "ata": 0.001443001443001443, "balance": 0.001443001443001443, "banks": 0.001443001443001443, "bapare": 0.001443001443001443, "bcash": 0.001443001443001443, "bks": 0.001443001443001443, "bksh": 0.001443001443001443, "bolten": 0.001443001443001443, "brac": 0.001443001443001443, "chacchi": 0.001443001443001443, "details": 0.001443001443001443, "diben": 0.001443001443001443, "ektu": 0.001443001443001443, "hii": 0.001443001443001443, "hsbc": 0.001443001443001443, "ific": 0.001443001443001443, "islamic": 0.001443001443001443, "jai": 0.001443001443001443, "jay": 0.001443001443001443, "jodi": 0.001443001443001443, "kemon": 0.001443001443001443, "kina": 0.001443001443001443, "kindly": 0.001443001443001443, "mani": 0.001443001443001443, "nite": 0.001443001443001443, "of": 0.001443001443001443, "option": 0.001443001443001443, "patate": 0.001443001443001443, "provide": 0.001443001443001443, "service": 0.001443001443001443, "sonali": 0.001443001443001443, "ta": 0.001443001443001443, "take": 0.001443001443001443, "te": 0.001443001443001443, "transer": 0.001443001443001443, "trnasfer": 0.001443001443001443, "trust": 0.001443001443001443, "vabe": 0.001443001443001443, "vau": 0.001443001443001443, "would": 0.001443001443001443, "অামি": 0.001443001443001443, "আগ্রনী": 0.001443001443001443, "আমার": 0.001443001443001443, "এটা": 0.001443001443001443, "এশিয়া": 0.001443001443001443, "কত": 0.001443001443001443, "চাচ্ছিলাম": 0.001443001443001443, "জানান": 0.001443001443001443, "টান্সপার": 0.001443001443001443, "ট্রাস্ট": 0.001443001443001443, "দেওয়া": 0.001443001443001443, "পঠানো": 0.001443001443001443, "পাঠানোর": 0.001443001443001443, "পারে": 0.001443001443001443, "বলবেন": 0.001443001443001443, "ব্যংকে": 0.001443001443001443, "মেথডট": 0.001443001443001443, "রাখতে": 0.001443001443001443, "লাগতে": 0.001443001443001443, "লেনদেন": 0.001443001443001443, "সময়": 0.001443001443001443, "সিটি": 0.001443001443001443, "সেবার": 0.001443001443001443, "হবে": 0.001443001443001443}