{"campaign": 0.19047619047619047, "link": 0.19047619047619047, "bp": 0.12698412698412698, "kivabe": 0.047619047619047616, "pabo": 0.047619047619047616, "ami": 0.031746031746031744, "dile": 0.031746031746031744, "ki": 0.031746031746031744, "lagbe": 0.031746031746031744, "number": 0.031746031746031744, "serial": 0.031746031746031744, "amar": 0.015873015873015872, "cai": 0.015873015873015872, "dei": 0.015873015873015872, "den": 0.015873015873015872, "dia": 0.015873015873015872, "give": 0.015873015873015872, "i": 0.015873015873015872, "kaj": 0.015873015873015872, "korbo": 0.015873015873015872, "me": 0.015873015873015872, "please": 0.015873015873015872, "vabe": 0.015873015873015872, "want": 0.015873015873015872}