{"my": 0.052770448548812667, "আমার": 0.044854881266490766, "option": 0.036939313984168866, "amar": 0.026385224274406333, "কেন": 0.0237467018469657, "bkash": 0.021108179419525065, "challange": 0.021108179419525065, "challenge": 0.018469656992084433, "nai": 0.018469656992084433, "চ্যালেঞ্জ": 0.018469656992084433, "না": 0.018469656992084433, "a": 0.0158311345646438, "account": 0.0158311345646438, "new": 0.0158311345646438, "ta": 0.0158311345646438, "app": 0.013192612137203167, "chalange": 0.013192612137203167, "আমি": 0.013192612137203167, "বিকাশ": 0.013192612137203167, "মাই": 0.013192612137203167, "but": 0.010554089709762533, "to": 0.010554089709762533, "অপশন": 0.010554089709762533, "অপশনটি": 0.010554089709762533, "কিন্তু": 0.010554089709762533, "নাই": 0.010554089709762533, "নেই": 0.010554089709762533, "ai": 0.0079155672823219, "na": 0.0079155672823219, "চ্যালেন্জ": 0.0079155672823219, "বিকাশে": 0.0079155672823219, "''": 0.005277044854881266, "ashe": 0.005277044854881266, "challeng": 0.005277044854881266, "ektu": 0.005277044854881266, "have": 0.005277044854881266, "help": 0.005277044854881266, "i": 0.005277044854881266, "is": 0.005277044854881266, "ken": 0.005277044854881266, "keno": 0.005277044854881266, "khulchi": 0.005277044854881266, "ki": 0.005277044854881266, "kno": 0.005277044854881266, "koi": 0.005277044854881266, "korse": 0.005277044854881266, "opson": 0.005277044854881266, "show": 0.005277044854881266, "sir": 0.005277044854881266, "where": 0.005277044854881266, "আসছে": 0.005277044854881266, "আসে": 0.005277044854881266, "এ": 0.005277044854881266, "এই": 0.005277044854881266, "এপ্স": 0.005277044854881266, "করছে": 0.005277044854881266, "কাজ": 0.005277044854881266, "কেনো": 0.005277044854881266, "তো": 0.005277044854881266, "দিন": 0.005277044854881266, "সেটা": 0.005277044854881266, "স্যার": 0.005277044854881266, "হলো": 0.005277044854881266, ">>": 0.002638522427440633, "aa": 0.002638522427440633, "amake": 0.002638522427440633, "ami": 0.002638522427440633, "amon": 0.002638522427440633, "amr": 0.002638522427440633, "appe": 0.002638522427440633, "ar": 0.002638522427440633, "asar": 0.002638522427440633, "aseni": 0.002638522427440633, "astece": 0.002638522427440633, "astesena": 0.002638522427440633, "bkas": 0.002638522427440633, "chaleng": 0.002638522427440633, "chalenge": 0.002638522427440633, "challenges": 0.002638522427440633, "chalnage": 0.002638522427440633, "change": 0.002638522427440633, "couldn't": 0.002638522427440633, "dekhen": 0.002638522427440633, "dilam": 0.002638522427440633, "don't": 0.002638522427440633, "dukhte": 0.002638522427440633, "ekta": 0.002638522427440633, "er": 0.002638522427440633, "ey": 0.002638522427440633, "facebooke": 0.002638522427440633, "find": 0.002638522427440633, "hello": 0.002638522427440633, "hobe": 0.002638522427440633, "home": 0.002638522427440633, "its": 0.002638522427440633, "kareon": 0.002638522427440633, "karon": 0.002638522427440633, "khulechi": 0.002638522427440633, "kintu": 0.002638522427440633, "kono": 0.002638522427440633, "korben": 0.002638522427440633, "korte": 0.002638522427440633, "kortese": 0.002638522427440633, "kothai": 0.002638522427440633, "mar": 0.002638522427440633, "me": 0.002638522427440633, "missing": 0.002638522427440633, "money": 0.002638522427440633, "naii": 0.002638522427440633, "nam": 0.002638522427440633, "nea": 0.002638522427440633, "nh": 0.002638522427440633, "ni": 0.002638522427440633, "nki": 0.002638522427440633, "not": 0.002638522427440633, "onek": 0.002638522427440633, "oneke": 0.002638522427440633, "ooption": 0.002638522427440633, "open": 0.002638522427440633, "parchi": 0.002638522427440633, "please": 0.002638522427440633, "por": 0.002638522427440633, "post": 0.002638522427440633, "r": 0.002638522427440633, "te": 0.002638522427440633, "ti": 0.002638522427440633, "update": 0.002638522427440633, "vaia": 0.002638522427440633, "working": 0.002638522427440633, "yet": 0.002638522427440633, "অথচ": 0.002638522427440633, "অপ্সন": 0.002638522427440633, "অফশন": 0.002638522427440633, "অফশান": 0.002638522427440633, "অফারটা": 0.002638522427440633, "অফারটি": 0.002638522427440633, "অ্যাপ": 0.002638522427440633, "অ্যাপে": 0.002638522427440633, "আছে": 0.002638522427440633, "আজ": 0.002638522427440633, "আমাার": 0.002638522427440633, "আর": 0.002638522427440633, "আসতেছেনা": 0.002638522427440633, "একটা": 0.002638522427440633, "একাউন্ট": 0.002638522427440633, "এতে": 0.002638522427440633, "এর": 0.002638522427440633, "ওপেন": 0.002638522427440633, "করলাম": 0.002638522427440633, "করি": 0.002638522427440633, "করেছি": 0.002638522427440633, "কি": 0.002638522427440633, "খুলছি": 0.002638522427440633, "খুলেছি": 0.002638522427440633, "চালু": 0.002638522427440633, "চ্যালনে্জ": 0.002638522427440633, "চ্যালেঞ্জটা": 0.002638522427440633, "চ্যালেঞ্জের": 0.002638522427440633, "জানতে": 0.002638522427440633, "তথ্য": 0.002638522427440633, "দিয়ে": 0.002638522427440633, "নতুন": 0.002638522427440633, "নামের": 0.002638522427440633, "পাইনা": 0.002638522427440633, "পারি": 0.002638522427440633, "প্রকার": 0.002638522427440633, "বলছিলাম": 0.002638522427440633, "বলে": 0.002638522427440633, "বাট": 0.002638522427440633, "বেশি": 0.002638522427440633, "ব্যবহার": 0.002638522427440633, "মাইচ্যালেন্জ": 0.002638522427440633, "সকল": 0.002638522427440633, "হয়": 0.002638522427440633, "হালনাগাদ": 0.002638522427440633}