{"offer": 0.054835124120044466, "recharge": 0.047795479807336054, "অফার": 0.04260837347165618, "ki": 0.03593923675435347, "কি": 0.035198221563542055, "আছে": 0.03297517599110782, "kono": 0.02297147091515376, "রিচার্জ": 0.02223045572434235, "cashback": 0.02037791774731382, "a": 0.01963690255650241, "কোন": 0.018895887365691, "bkash": 0.018525379770285292, "e": 0.017043349388662466, "ক্যাশব্যাক": 0.017043349388662466, "back": 0.016672841793256763, "মোবাইল": 0.016302334197851057, "ase": 0.01593182660244535, "mobile": 0.015561319007039645, "cash": 0.015190811411633939, "ace": 0.01333827343460541, "ache": 0.01148573545757688, "বিকাশ": 0.011115227862171175, "রিচার্জে": 0.009633197480548352, "কোনো": 0.008151167098925528, "উপর": 0.007410151908114116, "er": 0.007039644312708411, "ক্যাশ": 0.007039644312708411, "থেকে": 0.007039644312708411, "জানতে": 0.0062986291218969995, "ব্যাক": 0.0062986291218969995, "gp": 0.005928121526491293, "বিকাশে": 0.005928121526491293, "আজকে": 0.005557613931085587, "রিচার্জের": 0.005187106335679882, "robi": 0.004816598740274176, "এর": 0.00444609114486847, "রিচাজে": 0.00444609114486847, "রয়েছে": 0.00444609114486847, "korle": 0.004075583549462764, "আমার": 0.004075583549462764, "রিচাজ": 0.004075583549462764, "রিচাজের": 0.004075583549462764, "airtel": 0.003705075954057058, "number": 0.003705075954057058, "এ": 0.003705075954057058, "চাই": 0.003705075954057058, "নতুন": 0.003705075954057058, "ar": 0.0033345683586513525, "jonno": 0.0033345683586513525, "kuno": 0.0033345683586513525, "sim": 0.0033345683586513525, "করলে": 0.0033345683586513525, "টাকা": 0.0033345683586513525, "না": 0.0033345683586513525, "নাম্বারে": 0.0033345683586513525, "নিদিষ্ট": 0.0033345683586513525, "new": 0.0029640607632456465, "reacharge": 0.0029640607632456465, "আমাকে": 0.0029640607632456465, "জন্য": 0.0029640607632456465, "বর্তমানে": 0.0029640607632456465, "amar": 0.002593553167839941, "any": 0.002593553167839941, "asa": 0.002593553167839941, "banglalink": 0.002593553167839941, "te": 0.002593553167839941, "এয়ারটেল": 0.002593553167839941, "available": 0.002223045572434235, "casback": 0.002223045572434235, "kno": 0.002223045572434235, "theke": 0.002223045572434235, "tk": 0.002223045572434235, "year": 0.002223045572434235, "আফার": 0.002223045572434235, "আমি": 0.002223045572434235, "বোনাস": 0.002223045572434235, "রবি": 0.002223045572434235, "account": 0.001852537977028529, "akhon": 0.001852537977028529, "jante": 0.001852537977028529, "koto": 0.001852537977028529, "pabo": 0.001852537977028529, "taka": 0.001852537977028529, "এই": 0.001852537977028529, "একাউন্ট": 0.001852537977028529, "ওপর": 0.001852537977028529, "কত": 0.001852537977028529, "করে": 0.001852537977028529, "কী": 0.001852537977028529, "চেক": 0.001852537977028529, "জানান": 0.001852537977028529, "জানাবেন": 0.001852537977028529, "জিপি": 0.001852537977028529, "বলবেন": 0.001852537977028529, "বিস্তারিত": 0.001852537977028529, "সম্পর্কে": 0.001852537977028529, "সিমে": 0.001852537977028529, "and": 0.0014820303816228233, "chai": 0.0014820303816228233, "gulo": 0.0014820303816228233, "on": 0.0014820303816228233, "recharg": 0.0014820303816228233, "sobar": 0.0014820303816228233, "কিনা": 0.0014820303816228233, "ক্যাসব্যাক": 0.0014820303816228233, "চলছে": 0.0014820303816228233, "চাচ্ছি": 0.0014820303816228233, "পাব": 0.0014820303816228233, "পারি": 0.0014820303816228233, "বছর": 0.0014820303816228233, "রবিতে": 0.0014820303816228233, "রির্চাজ": 0.0014820303816228233, "সেটা": 0.0014820303816228233, "acha": 0.0011115227862171174, "ajke": 0.0011115227862171174, "amr": 0.0011115227862171174, "app": 0.0011115227862171174, "bolen": 0.0011115227862171174, "coltece": 0.0011115227862171174, "i": 0.0011115227862171174, "my": 0.0011115227862171174, "phone": 0.0011115227862171174, "recherche": 0.0011115227862171174, "sir": 0.0011115227862171174, "special": 0.0011115227862171174, "telitalk": 0.0011115227862171174, "to": 0.0011115227862171174, "উপলক্ষে": 0.0011115227862171174, "এখন": 0.0011115227862171174, "কাশবাক": 0.0011115227862171174, "কেসবেক": 0.0011115227862171174, "দিলে": 0.0011115227862171174, "রিচার্ড": 0.0011115227862171174, "সকল": 0.0011115227862171174, "সবার": 0.0011115227862171174, "aca": 0.0007410151908114116, "ai": 0.0007410151908114116, "aj": 0.0007410151908114116, "ajker": 0.0007410151908114116, "akon": 0.0007410151908114116, "ami": 0.0007410151908114116, "apps": 0.0007410151908114116, "bak": 0.0007410151908114116, "bikash": 0.0007410151908114116, "bolun": 0.0007410151908114116, "bonas": 0.0007410151908114116, "bortoman": 0.0007410151908114116, "by": 0.0007410151908114116, "case": 0.0007410151908114116, "chek": 0.0007410151908114116, "disse": 0.0007410151908114116, "diye": 0.0007410151908114116, "ekhon": 0.0007410151908114116, "for": 0.0007410151908114116, "going": 0.0007410151908114116, "grameenphone": 0.0007410151908114116, "hello": 0.0007410151908114116, "hobe": 0.0007410151908114116, "jabe": 0.0007410151908114116, "janaben": 0.0007410151908114116, "kash": 0.0007410151908114116, "kore": 0.0007410151908114116, "minte": 0.0007410151908114116, "mobail": 0.0007410151908114116, "nai": 0.0007410151908114116, "naki": 0.0007410151908114116, "ofar": 0.0007410151908114116, "offers": 0.0007410151908114116, "pawa": 0.0007410151908114116, "rcrg": 0.0007410151908114116, "reacherge": 0.0007410151908114116, "recharj": 0.0007410151908114116, "richarge": 0.0007410151908114116, "richarj": 0.0007410151908114116, "sate": 0.0007410151908114116, "somporke": 0.0007410151908114116, "teke": 0.0007410151908114116, "teletalk": 0.0007410151908114116, "thaka": 0.0007410151908114116, "the": 0.0007410151908114116, "upolokkhe": 0.0007410151908114116, "upor": 0.0007410151908114116, "অাছে": 0.0007410151908114116, "অ্যাপ": 0.0007410151908114116, "আজ": 0.0007410151908114116, "আপনি": 0.0007410151908114116, "উত্তর": 0.0007410151908114116, "একটুখানি": 0.0007410151908114116, "এটা": 0.0007410151908114116, "কেন": 0.0007410151908114116, "কেশবেক": 0.0007410151908114116, "ক্যাশবেক": 0.0007410151908114116, "ক‍্যাশব‍্যাক": 0.0007410151908114116, "গ্রামীন": 0.0007410151908114116, "চলতেছে": 0.0007410151908114116, "চালু": 0.0007410151908114116, "জি": 0.0007410151908114116, "তারিখ": 0.0007410151908114116, "তাড়াতাড়ি": 0.0007410151908114116, "থাকে": 0.0007410151908114116, "দিবেন": 0.0007410151908114116, "নাকি": 0.0007410151908114116, "নির্দিষ্ট": 0.0007410151908114116, "পাওয়া": 0.0007410151908114116, "পাবে": 0.0007410151908114116, "পাবো": 0.0007410151908114116, "পার্সেন্ট": 0.0007410151908114116, "প্রিয়জনের": 0.0007410151908114116, "প্লিজ": 0.0007410151908114116, "বর্তমান": 0.0007410151908114116, "বলেন": 0.0007410151908114116, "বাংলালিংক": 0.0007410151908114116, "বিকাশের": 0.0007410151908114116, "বিকাস": 0.0007410151908114116, "বেক": 0.0007410151908114116, "মিনিটে": 0.0007410151908114116, "যে": 0.0007410151908114116, "রির্জাজে": 0.0007410151908114116, "রিসার্চ": 0.0007410151908114116, "লাভ": 0.0007410151908114116, "শুধু": 0.0007410151908114116, "সত্যি": 0.0007410151908114116, "+জানুয়ারি": 0.0003705075954057058, "247": 0.0003705075954057058, "aa": 0.0003705075954057058, "aboleble": 0.0003705075954057058, "accha": 0.0003705075954057058, "accout": 0.0003705075954057058, "acge": 0.0003705075954057058, "achay": 0.0003705075954057058, "aci": 0.0003705075954057058, "ajkar": 0.0003705075954057058, "akn": 0.0003705075954057058, "akto": 0.0003705075954057058, "all": 0.0003705075954057058, "amair": 0.0003705075954057058, "amer": 0.0003705075954057058, "amount": 0.0003705075954057058, "ark": 0.0003705075954057058, "asche": 0.0003705075954057058, "b": 0.0003705075954057058, "ba": 0.0003705075954057058, "benefit": 0.0003705075954057058, "besi": 0.0003705075954057058, "between": 0.0003705075954057058, "bhai": 0.0003705075954057058, "bikas": 0.0003705075954057058, "bkase": 0.0003705075954057058, "bl": 0.0003705075954057058, "blnbn": 0.0003705075954057058, "bonus": 0.0003705075954057058, "bortomana": 0.0003705075954057058, "bortomane": 0.0003705075954057058, "bosorer": 0.0003705075954057058,