{"ki": 0.039975772259236826, "কি": 0.03937007874015748, "নতুন": 0.03815869170199879, "new": 0.03573591762568141, "বিকাশ": 0.03391883706844337, "bkash": 0.030284675953967295, "একাউন্ট": 0.030284675953967295, "account": 0.027256208358570563, "offer": 0.027256208358570563, "বোনাস": 0.026044821320411873, "টাকা": 0.021199273167777106, "অফার": 0.01756511205330103, "খুললে": 0.015748031496062995, "আমি": 0.014536644457904301, "কত": 0.013930950938824955, "করলে": 0.013930950938824955, "পাবো": 0.013930950938824955, "pabo": 0.01150817686250757, "ami": 0.010902483343428226, "app": 0.010902483343428226, "আছে": 0.009691096305269533, "bonus": 0.009085402786190189, "kono": 0.009085402786190189, "a": 0.008479709267110842, "এখন": 0.008479709267110842, "ase": 0.0072683222289521504, "er": 0.0072683222289521504, "korle": 0.0072683222289521504, "taka": 0.006662628709872805, "tk": 0.006662628709872805, "পাব": 0.006662628709872805, "e": 0.0060569351907934586, "koto": 0.005451241671714113, "login": 0.005451241671714113, "notun": 0.005451241671714113, "কোন": 0.005451241671714113, "khulle": 0.004845548152634767, "এ": 0.004845548152634767, "ache": 0.004239854633555421, "theke": 0.004239854633555421, "খুলছি": 0.004239854633555421, "খুলে": 0.004239854633555421, "লগইন": 0.004239854633555421, "bonas": 0.0036341611144760752, "খুলেছি": 0.0036341611144760752, "পর": 0.0036341611144760752, "পাওয়া": 0.0036341611144760752, "যাবে": 0.0036341611144760752, "ace": 0.0030284675953967293, "user": 0.0030284675953967293, "অ্যাকাউন্ট": 0.0030284675953967293, "আমার": 0.0030284675953967293, "ইন": 0.0030284675953967293, "করে": 0.0030284675953967293, "থেকে": 0.0030284675953967293, "বার": 0.0030284675953967293, "বিকাশে": 0.0030284675953967293, "লগিন": 0.0030284675953967293, "kto": 0.0024227740763173833, "por": 0.0024227740763173833, "st": 0.0024227740763173833, "time": 0.0024227740763173833, "অ্যাপে": 0.0024227740763173833, "একটু": 0.0024227740763173833, "এপস": 0.0024227740763173833, "এর": 0.0024227740763173833, "কতো": 0.0024227740763173833, "করার": 0.0024227740763173833, "কিভাবে": 0.0024227740763173833, "কী": 0.0024227740763173833, "কোনো": 0.0024227740763173833, "ক্যাশব্যাক": 0.0024227740763173833, "জানাবেন": 0.0024227740763173833, "নিউ": 0.0024227740763173833, "বলবেন": 0.0024227740763173833, "ম": 0.0024227740763173833, "রিচার্জ": 0.0024227740763173833, "লগ": 0.0024227740763173833, "aca": 0.0018170805572380376, "acount": 0.0018170805572380376, "amar": 0.0018170805572380376, "bikash": 0.0018170805572380376, "bonous": 0.0018170805572380376, "cashback": 0.0018170805572380376, "create": 0.0018170805572380376, "ekhn": 0.0018170805572380376, "fast": 0.0018170805572380376, "jabe": 0.0018170805572380376, "jodi": 0.0018170805572380376, "jonno": 0.0018170805572380376, "khulci": 0.0018170805572380376, "kivabe": 0.0018170805572380376, "kulle": 0.0018170805572380376, "open": 0.0018170805572380376, "pawa": 0.0018170805572380376, "vabe": 0.0018170805572380376, "অ্যাপ": 0.0018170805572380376, "আজকে": 0.0018170805572380376, "আফার": 0.0018170805572380376, "আর": 0.0018170805572380376, "এপ": 0.0018170805572380376, "করেছি": 0.0018170805572380376, "চলছে": 0.0018170805572380376, "না": 0.0018170805572380376, "পাওয়া": 0.0018170805572380376, "পেতে": 0.0018170805572380376, "প্রথম": 0.0018170805572380376, "বিকাশের": 0.0018170805572380376, "বিস্তারিত": 0.0018170805572380376, "ব্যবহার": 0.0018170805572380376, "মোবাইল": 0.0018170805572380376, "রিচাজ": 0.0018170805572380376, "রেজিষ্ট্রেশন": 0.0018170805572380376, "akn": 0.0012113870381586917, "aktu": 0.0012113870381586917, "apps": 0.0012113870381586917, "bolben": 0.0012113870381586917, "bouns": 0.0012113870381586917, "bunas": 0.0012113870381586917, "first": 0.0012113870381586917, "id": 0.0012113870381586917, "in": 0.0012113870381586917, "janaben": 0.0012113870381586917, "ke": 0.0012113870381586917, "kholar": 0.0012113870381586917, "khule": 0.0012113870381586917, "khulla": 0.0012113870381586917, "koi": 0.0012113870381586917, "kolle": 0.0012113870381586917, "krle": 0.0012113870381586917, "log": 0.0012113870381586917, "na": 0.0012113870381586917, "naki": 0.0012113870381586917, "noton": 0.0012113870381586917, "pabe": 0.0012113870381586917, "paoya": 0.0012113870381586917, "recharge": 0.0012113870381586917, "sir": 0.0012113870381586917, "ta": 0.0012113870381586917, "অ্যাপস": 0.0012113870381586917, "ইউস": 0.0012113870381586917, "একটা": 0.0012113870381586917, "এটা": 0.0012113870381586917, "এপ্স": 0.0012113870381586917, "কতটাকা": 0.0012113870381586917, "করলেই": 0.0012113870381586917, "কিন্তু": 0.0012113870381586917, "ক্যাশ": 0.0012113870381586917, "চাচ্ছি": 0.0012113870381586917, "জানতে": 0.0012113870381586917, "টা": 0.0012113870381586917, "তো": 0.0012113870381586917, "দেয়": 0.0012113870381586917, "পাইছি": 0.0012113870381586917, "পারি": 0.0012113870381586917, "বিকাস": 0.0012113870381586917, "ভাই": 0.0012113870381586917, "যায়": 0.0012113870381586917, "যে": 0.0012113870381586917, "লেন্দেন": 0.0012113870381586917, "সম্পর্কে": 0.0012113870381586917, "হিসাবে": 0.0012113870381586917, "ac": 0.0006056935190793458, "acc": 0.0006056935190793458, "accaound": 0.0006056935190793458, "accounts": 0.0006056935190793458, "accout": 0.0006056935190793458, "acnt": 0.0006056935190793458, "agent": 0.0006056935190793458, "ai": 0.0006056935190793458, "aimatro": 0.0006056935190793458, "aj": 0.0006056935190793458, "ajke": 0.0006056935190793458, "akhon": 0.0006056935190793458, "akta": 0.0006056935190793458, "akti": 0.0006056935190793458, "ame": 0.0006056935190793458, "amer": 0.0006056935190793458, "amr": 0.0006056935190793458, "apnadrr": 0.0006056935190793458, "appe": 0.0006056935190793458, "aps": 0.0006056935190793458, "ar": 0.0006056935190793458, "asa": 0.0006056935190793458, "asca": 0.0006056935190793458, "asla": 0.0006056935190793458, "assi": 0.0006056935190793458, "ayca": 0.0006056935190793458, "baki": 0.0006056935190793458, "bar": 0.0006056935190793458, "batom": 0.0006056935190793458, "bekash": 0.0006056935190793458, "bikas": 0.0006056935190793458, "bikhas": 0.0006056935190793458, "bks": 0.0006056935190793458, "bksh": 0.0006056935190793458, "bln": 0.0006056935190793458, "bolce": 0.0006056935190793458, "bolen": 0.0006056935190793458, "bonaos": 0.0006056935190793458, "chacci": 0.0006056935190793458, "chassi": 0.0006056935190793458, "chi": 0.0006056935190793458, "cimmition": 0.0006056935190793458, "de": 0.0006056935190793458, "den": 0.0006056935190793458, "der": 0.0006056935190793458, "details": 0.0006056935190793458, "dewa": 0.0006056935190793458, "dhoroner": 0.0006056935190793458, "dia": 0.0006056935190793458, "dici": 0.0006056935190793458, "diye": 0.0006056935190793458, "e-kyc": 0.0006056935190793458, "ei": 0.0006056935190793458, "ekon": 0.0006056935190793458, "ese": 0.0006056935190793458, "eta": 0.0006056935190793458, "gift": 0.0006056935190793458, "grahok": 0.0006056935190793458, "gula": 0.0006056935190793458, "gulu": 0.0006056935190793458, "hi": 0.0006056935190793458, "hisabe": 0.0006056935190793458, "hobe": 0.0006056935190793458, "jababen": 0.0006056935190793458, "jai": 0.0006056935190793458, "janan": 0.0006056935190793458, "jante": 0.0006056935190793458, "jave": 0.0006056935190793458, "jay": 0.0006056935190793458, "jono": 0.0006056935190793458, "kalke": 0.0006056935190793458, "kemne": 0.0006056935190793458, "kholci": 0.0006056935190793458, "khole": 0.0006056935190793458, "kholle": 0.0006056935190793458, "khosi": 0.0006056935190793458, "khul": 0.0006056935190793458, "khulce": 0.0006056935190793458, "khulesay": 0.0006056935190793458, "khulesi": 0.0006056935190793458, "khuli": 0.0006056935190793458, "khullam": 0.0006056935190793458, "kii": 0.0006056935190793458, "kivaba": 0.0006056935190793458, "kolar": 0.0006056935190793458, "kolte": 0.0006056935190793458, "korar": 0.0006056935190793458, "korci": 0.0006056935190793458, "kormu": 0.0006056935190793458, "kulla": 0.0006056935190793458, "lam": 0.0006056935190793458, "lenden": 0.0006056935190793458, "loging": 0.0006056935190793458, "long": 0.0006056935190793458,