{"card": 0.05970149253731343, "add": 0.0472636815920398, "money": 0.04228855721393035, "কার্ড": 0.03980099502487562, "e": 0.029850746268656716, "theke": 0.029850746268656716, "bkash": 0.02736318407960199, "থেকে": 0.02487562189054726, "টাকা": 0.01990049751243781, "মানি": 0.01990049751243781, "jai": 0.017412935323383085, "ki": 0.017412935323383085, "kora": 0.017412935323383085, "parbo": 0.017412935323383085, "taka": 0.017412935323383085, "অ্যাড": 0.017412935323383085, "atm": 0.014925373134328358, "bangla": 0.014925373134328358, "diye": 0.014925373134328358, "international": 0.014925373134328358, "korte": 0.014925373134328358, "কি": 0.014925373134328358, "বিকাশ": 0.014925373134328358, "ante": 0.01243781094527363, "আনতে": 0.01243781094527363, "এ": 0.01243781094527363, "দিয়ে": 0.01243781094527363, "ami": 0.009950248756218905, "can": 0.009950248756218905, "for": 0.009950248756218905, "i": 0.009950248756218905, "nexus": 0.009950248756218905, "pari": 0.009950248756218905, "use": 0.009950248756218905, "করতে": 0.009950248756218905, "পারবো": 0.009950248756218905, "পারি": 0.009950248756218905, "বি": 0.009950248756218905, "বিকাশে": 0.009950248756218905, "bikash": 0.007462686567164179, "duch": 0.007462686567164179, "dutch": 0.007462686567164179, "visa": 0.007462686567164179, "আমি": 0.007462686567164179, "এড": 0.007462686567164179, "করা": 0.007462686567164179, "ডেবিট": 0.007462686567164179, "যেকোনো": 0.007462686567164179, "a": 0.004975124378109453, "amex": 0.004975124378109453, "ana": 0.004975124378109453, "bank": 0.004975124378109453, "credit": 0.004975124378109453, "dbbl": 0.004975124378109453, "thake": 0.004975124378109453, "tk": 0.004975124378109453, "ইন্টারন্যাশনাল": 0.004975124378109453, "এল": 0.004975124378109453, "ডি": 0.004975124378109453, "দেশের": 0.004975124378109453, "ভিসা": 0.004975124378109453, "যাবে": 0.004975124378109453, "যায়": 0.004975124378109453, "যে": 0.004975124378109453, "amr": 0.0024875621890547263, "app": 0.0024875621890547263, "ard": 0.0024875621890547263, "babe": 0.0024875621890547263, "balance": 0.0024875621890547263, "bkashe": 0.0024875621890547263, "communiity": 0.0024875621890547263, "desher": 0.0024875621890547263, "er": 0.0024875621890547263, "islami": 0.0024875621890547263, "jabe": 0.0024875621890547263, "jay": 0.0024875621890547263, "jekono": 0.0024875621890547263, "jonno": 0.0024875621890547263, "kono": 0.0024875621890547263, "korar": 0.0024875621890547263, "korbe": 0.0024875621890547263, "korbo": 0.0024875621890547263, "master": 0.0024875621890547263, "seikhan": 0.0024875621890547263, "support": 0.0024875621890547263, "ta": 0.0024875621890547263, "thaka": 0.0024875621890547263, "thaki": 0.0024875621890547263, "usa": 0.0024875621890547263, "vaiya": 0.0024875621890547263, "অন্যজনের": 0.0024875621890547263, "অপশন": 0.0024875621890547263, "আছে": 0.0024875621890547263, "আনা": 0.0024875621890547263, "ইসলামী": 0.0024875621890547263, "এটিএম": 0.0024875621890547263, "এর": 0.0024875621890547263, "করবো": 0.0024875621890547263, "করার": 0.0024875621890547263, "করে": 0.0024875621890547263, "কাড": 0.0024875621890547263, "কোনো": 0.0024875621890547263, "গ্রহনযোগ্য": 0.0024875621890547263, "জন্য": 0.0024875621890547263, "টু": 0.0024875621890547263, "টূ": 0.0024875621890547263, "ডাচ": 0.0024875621890547263, "পারবও": 0.0024875621890547263, "বাংলা": 0.0024875621890547263, "বিকাশের": 0.0024875621890547263, "ব্যবহার": 0.0024875621890547263, "ব্যাংক": 0.0024875621890547263, "ভাই": 0.0024875621890547263, "ভাবে": 0.0024875621890547263, "মাস্টার": 0.0024875621890547263, "মাস্টারকার্ড": 0.0024875621890547263, "রকেট": 0.0024875621890547263, "হবে": 0.0024875621890547263}