{"charge": 0.07317073170731707, "in": 0.054878048780487805, "cash": 0.042682926829268296, "চার্জ": 0.03353658536585366, "বিকাশ": 0.024390243902439025, "ইন": 0.021341463414634148, "ক্যাশ": 0.021341463414634148, "টাকা": 0.021341463414634148, "e": 0.018292682926829267, "kono": 0.018292682926829267, "please": 0.018292682926829267, "theke": 0.018292682926829267, "এর": 0.018292682926829267, "agent": 0.01524390243902439, "from": 0.01524390243902439, "me": 0.01524390243902439, "taka": 0.01524390243902439, "কি": 0.01524390243902439, "থেকে": 0.01524390243902439, "দিতে": 0.01524390243902439, "about": 0.012195121951219513, "app": 0.012195121951219513, "bkash": 0.012195121951219513, "er": 0.012195121951219513, "hoye": 0.012195121951219513, "korte": 0.012195121951219513, "number": 0.012195121951219513, "tell": 0.012195121951219513, "এ": 0.012195121951219513, "এজেন্ট": 0.012195121951219513, "কত": 0.012195121951219513, "কোন": 0.012195121951219513, "জানাবেন": 0.012195121951219513, "ajent": 0.009146341463414634, "applicable": 0.009146341463414634, "bikash": 0.009146341463414634, "cashin": 0.009146341463414634, "dite": 0.009146341463414634, "kash": 0.009146341463414634, "kata": 0.009146341463414634, "koto": 0.009146341463414634, "আনলে": 0.009146341463414634, "করতে": 0.009146341463414634, "হবে": 0.009146341463414634, "amar": 0.006097560975609756, "ami": 0.006097560975609756, "any": 0.006097560975609756, "ase": 0.006097560975609756, "for": 0.006097560975609756, "hobe": 0.006097560975609756, "i": 0.006097560975609756, "is": 0.006097560975609756, "ki": 0.006097560975609756, "lagbe": 0.006097560975609756, "there": 0.006097560975609756, "you": 0.006097560975609756, "আচ্ছা": 0.006097560975609756, "আমি": 0.006097560975609756, "একাউন্ট": 0.006097560975609756, "কোনো": 0.006097560975609756, "দোকান": 0.006097560975609756, "নাম্বার": 0.006097560975609756, "লাগে": 0.006097560975609756, "হয়": 0.006097560975609756, "acha": 0.003048780487804878, "add": 0.003048780487804878, "akount": 0.003048780487804878, "be": 0.003048780487804878, "could": 0.003048780487804878, "diye": 0.003048780487804878, "fee": 0.003048780487804878, "give": 0.003048780487804878, "how": 0.003048780487804878, "if": 0.003048780487804878, "janaben": 0.003048780487804878, "kashin": 0.003048780487804878, "kirokom": 0.003048780487804878, "kkhetre": 0.003048780487804878, "know": 0.003048780487804878, "much": 0.003048780487804878, "nite": 0.003048780487804878, "personal": 0.003048780487804878, "plz": 0.003048780487804878, "rakhle": 0.003048780487804878, "rakhte": 0.003048780487804878, "shop": 0.003048780487804878, "that": 0.003048780487804878, "to": 0.003048780487804878, "ussd": 0.003048780487804878, "want": 0.003048780487804878, "will": 0.003048780487804878, "would": 0.003048780487804878, "অ্যাপ": 0.003048780487804878, "আমাকে": 0.003048780487804878, "আমার": 0.003048780487804878, "আলাদা": 0.003048780487804878, "করে": 0.003048780487804878, "ক্ষেত্রে": 0.003048780487804878, "ডুকাতে": 0.003048780487804878, "দিয়ে": 0.003048780487804878, "দোকানদার": 0.003048780487804878, "পয়েন্ট": 0.003048780487804878, "ফ্রি": 0.003048780487804878, "মাধ্যমে": 0.003048780487804878, "রাখতে": 0.003048780487804878, "লাগবে": 0.003048780487804878}