{"atm": 0.05942622950819672, "এটিএম": 0.0471311475409836, "out": 0.03688524590163935, "বুথ": 0.034836065573770496, "cash": 0.03278688524590164, "ক্যাশ": 0.026639344262295084, "booth": 0.02459016393442623, "থেকে": 0.02459016393442623, "theke": 0.022540983606557378, "আউট": 0.022540983606557378, "the": 0.018442622950819675, "korte": 0.01639344262295082, "location": 0.01639344262295082, "এর": 0.01639344262295082, "ami": 0.012295081967213115, "ase": 0.012295081967213115, "er": 0.012295081967213115, "kon": 0.012295081967213115, "kothay": 0.012295081967213115, "machine": 0.012295081967213115, "করতে": 0.012295081967213115, "কোথায়": 0.012295081967213115, "কোন": 0.012295081967213115, "is": 0.010245901639344263, "nearest": 0.010245901639344263, "parbo": 0.010245901639344263, "আমার": 0.010245901639344263, "যায়": 0.010245901639344263, "amar": 0.00819672131147541, "are": 0.00819672131147541, "bank": 0.00819672131147541, "bank's": 0.00819672131147541, "do": 0.00819672131147541, "eligible": 0.00819672131147541, "kash": 0.00819672131147541, "ki": 0.00819672131147541, "pashe": 0.00819672131147541, "to": 0.00819672131147541, "where": 0.00819672131147541, "which": 0.00819672131147541, "আছে": 0.00819672131147541, "করা": 0.00819672131147541, "কি": 0.00819672131147541, "টাকা": 0.00819672131147541, "পারব": 0.00819672131147541, "can": 0.006147540983606557, "i": 0.006147540983606557, "my": 0.006147540983606557, "of": 0.006147540983606557, "pabo": 0.006147540983606557, "কই": 0.006147540983606557, "চাই": 0.006147540983606557, "বিকাশ": 0.006147540983606557, "ashe": 0.004098360655737705, "basha": 0.004098360655737705, "bashar": 0.004098360655737705, "booth's": 0.004098360655737705, "booths": 0.004098360655737705, "brac": 0.004098360655737705, "card": 0.004098360655737705, "chai": 0.004098360655737705, "den": 0.004098360655737705, "e": 0.004098360655737705, "ei": 0.004098360655737705, "eikhane": 0.004098360655737705, "from": 0.004098360655737705, "jay": 0.004098360655737705, "jonno": 0.004098360655737705, "kora": 0.004098360655737705, "korar": 0.004098360655737705, "kothya": 0.004098360655737705, "lagbe": 0.004098360655737705, "locaton": 0.004098360655737705, "logo": 0.004098360655737705, "mohakhalir": 0.004098360655737705, "oikhane": 0.004098360655737705, "parb": 0.004098360655737705, "q": 0.004098360655737705, "rampura": 0.004098360655737705, "te": 0.004098360655737705, "thikana": 0.004098360655737705, "what": 0.004098360655737705, "অ্যাড্রেস": 0.004098360655737705, "আমি": 0.004098360655737705, "আশেপাশে": 0.004098360655737705, "করার": 0.004098360655737705, "কিউ": 0.004098360655737705, "জন্য": 0.004098360655737705, "জানাবেন": 0.004098360655737705, "থিকানা": 0.004098360655737705, "দেন": 0.004098360655737705, "পাব": 0.004098360655737705, "পাসের": 0.004098360655737705, "বলেন": 0.004098360655737705, "বাসার": 0.004098360655737705, "বুথের": 0.004098360655737705, "মহাখালির": 0.004098360655737705, "যেকোনো": 0.004098360655737705, "লোকেশান": 0.004098360655737705, "aasasar": 0.0020491803278688526, "available": 0.0020491803278688526, "banker": 0.0020491803278688526, "both": 0.0020491803278688526, "have": 0.0020491803278688526, "in": 0.0020491803278688526, "koi": 0.0020491803278688526, "m": 0.0020491803278688526, "nai": 0.0020491803278688526, "not": 0.0020491803278688526, "taka": 0.0020491803278688526, "tk": 0.0020491803278688526, "tular": 0.0020491803278688526, "tulte": 0.0020491803278688526, "এটি": 0.0020491803278688526, "এম": 0.0020491803278688526, "করে": 0.0020491803278688526, "কাছাকাছি": 0.0020491803278688526, "ঠিকানা": 0.0020491803278688526, "ডাচ": 0.0020491803278688526, "তুলতে": 0.0020491803278688526, "তুলা": 0.0020491803278688526, "পাবো": 0.0020491803278688526, "বাংলা": 0.0020491803278688526, "বিকাশের": 0.0020491803278688526, "বের": 0.0020491803278688526, "ব্যাংকের": 0.0020491803278688526, "ব্র্যাক": 0.0020491803278688526, "লোকেশন": 0.0020491803278688526, "সাপোর্ট": 0.0020491803278688526}