{"in": 0.02936630602782071, "number": 0.027820710973724887, "cash": 0.02627511591962906, "নাম্বারে": 0.02472952086553323, "টাকা": 0.0231839258114374, "agent": 0.02009273570324575, "ভুল": 0.02009273570324575, "i": 0.017001545595054096, "vul": 0.017001545595054096, "ইন": 0.017001545595054096, "করে": 0.015455950540958269, "ক্যাশ": 0.015455950540958269, "e": 0.013910355486862444, "taka": 0.013910355486862444, "কি": 0.013910355486862444, "tk": 0.012364760432766615, "এজেন্ট": 0.012364760432766615, "আমার": 0.01081916537867079, "ফেরত": 0.01081916537867079, "nambare": 0.00927357032457496, "the": 0.00927357032457496, "আনা": 0.00927357032457496, "আমি": 0.00927357032457496, "ক্যাশইন": 0.00927357032457496, "নাম্বার": 0.00927357032457496, "a": 0.0077279752704791345, "amar": 0.0077279752704791345, "back": 0.0077279752704791345, "ferot": 0.0077279752704791345, "ki": 0.0077279752704791345, "mistakenly": 0.0077279752704791345, "to": 0.0077279752704791345, "যাবে": 0.0077279752704791345, "anyway": 0.0061823802163833074, "by": 0.0061823802163833074, "do": 0.0061823802163833074, "gese": 0.0061823802163833074, "get": 0.0061823802163833074, "have": 0.0061823802163833074, "is": 0.0061823802163833074, "just": 0.0061823802163833074, "kore": 0.0061823802163833074, "mistakes": 0.0061823802163833074, "money": 0.0061823802163833074, "oi": 0.0061823802163833074, "অই": 0.0061823802163833074, "করতে": 0.0061823802163833074, "থেকে": 0.0061823802163833074, "akta": 0.00463678516228748, "ami": 0.00463678516228748, "can": 0.00463678516228748, "cashin": 0.00463678516228748, "jay": 0.00463678516228748, "jodi": 0.00463678516228748, "korbo": 0.00463678516228748, "onno": 0.00463678516228748, "vule": 0.00463678516228748, "what": 0.00463678516228748, "অন্য": 0.00463678516228748, "একটি": 0.00463678516228748, "এখন": 0.00463678516228748, "গিয়ে": 0.00463678516228748, "চলে": 0.00463678516228748, "ভুলে": 0.00463678516228748, "হয়ে": 0.00463678516228748, "account": 0.0030911901081916537, "ana": 0.0030911901081916537, "apnader": 0.0030911901081916537, "bkash": 0.0030911901081916537, "block": 0.0030911901081916537, "bul": 0.0030911901081916537, "chai": 0.0030911901081916537, "chole": 0.0030911901081916537, "customer": 0.0030911901081916537, "den": 0.0030911901081916537, "derot": 0.0030911901081916537, "digit": 0.0030911901081916537, "done": 0.0030911901081916537, "ekhn": 0.0030911901081916537, "ekjon": 0.0030911901081916537, "getback": 0.0030911901081916537, "if": 0.0030911901081916537, "j": 0.0030911901081916537, "kash": 0.0030911901081916537, "koira": 0.0030911901081916537, "korle": 0.0030911901081916537, "korse": 0.0030911901081916537, "korsi": 0.0030911901081916537, "my": 0.0030911901081916537, "naki": 0.0030911901081916537, "nambar": 0.0030911901081916537, "pamu": 0.0030911901081916537, "pathaiyse": 0.0030911901081916537, "pawar": 0.0030911901081916537, "please": 0.0030911901081916537, "refund": 0.0030911901081916537, "send": 0.0030911901081916537, "should": 0.0030911901081916537, "situation": 0.0030911901081916537, "so": 0.0030911901081916537, "tahole": 0.0030911901081916537, "thake": 0.0030911901081916537, "theke": 0.0030911901081916537, "there": 0.0030911901081916537, "vhul": 0.0030911901081916537, "way": 0.0030911901081916537, "অভিজগ": 0.0030911901081916537, "আমাকে": 0.0030911901081916537, "এ": 0.0030911901081916537, "এক": 0.0030911901081916537, "একটা": 0.0030911901081916537, "একন": 0.0030911901081916537, "করবে": 0.0030911901081916537, "করসি": 0.0030911901081916537, "করসে": 0.0030911901081916537, "কিন্তু": 0.0030911901081916537, "গিয়া": 0.0030911901081916537, "গেছে": 0.0030911901081916537, "গেলে": 0.0030911901081916537, "দিচ্ছে": 0.0030911901081916537, "না": 0.0030911901081916537, "নাম্বাররে": 0.0030911901081916537, "ফেললে": 0.0030911901081916537, "ফেলসি": 0.0030911901081916537, "ফেলেছে": 0.0030911901081916537, "বুল": 0.0030911901081916537, "ভাই": 0.0030911901081916537, "যায়": 0.0030911901081916537, "রাখেন": 0.0030911901081916537, "-": 0.0015455950540958269, "ache": 0.0015455950540958269, "active": 0.0015455950540958269, "ai": 0.0015455950540958269, "ak": 0.0015455950540958269, "akhn": 0.0015455950540958269, "akon": 0.0015455950540958269, "amount": 0.0015455950540958269, "another": 0.0015455950540958269, "apu": 0.0015455950540958269, "ar": 0.0015455950540958269, "ase": 0.0015455950540958269, "at": 0.0015455950540958269, "bhule": 0.0015455950540958269, "bondo": 0.0015455950540958269, "bt": 0.0015455950540958269, "bule": 0.0015455950540958269, "cacchena": 0.0015455950540958269, "cholea": 0.0015455950540958269, "closed": 0.0015455950540958269, "dite": 0.0015455950540958269, "diyechi": 0.0015455950540958269, "ea": 0.0015455950540958269, "ekta": 0.0015455950540958269, "er": 0.0015455950540958269, "financial": 0.0015455950540958269, "gasea": 0.0015455950540958269, "good": 0.0015455950540958269, "gula": 0.0015455950540958269, "help": 0.0015455950540958269, "hoi": 0.0015455950540958269, "hoye": 0.0015455950540958269, "hye": 0.0015455950540958269, "hyese": 0.0015455950540958269, "jabe": 0.0015455950540958269, "jake": 0.0015455950540958269, "jeye": 0.0015455950540958269, "kno": 0.0015455950540958269, "kono": 0.0015455950540958269, "kora": 0.0015455950540958269, "korechi": 0.0015455950540958269, "kori": 0.0015455950540958269, "korte": 0.0015455950540958269, "nai": 0.0015455950540958269, "not": 0.0015455950540958269, "pathanor": 0.0015455950540958269, "pathiye": 0.0015455950540958269, "pawa": 0.0015455950540958269, "pelsi": 0.0015455950540958269, "personal": 0.0015455950540958269, "seta": 0.0015455950540958269, "she": 0.0015455950540958269, "sheta": 0.0015455950540958269, "sim": 0.0015455950540958269, "something": 0.0015455950540958269, "somoy": 0.0015455950540958269, "ta": 0.0015455950540958269, "thakea": 0.0015455950540958269, "thika": 0.0015455950540958269, "this": 0.0015455950540958269, "tini": 0.0015455950540958269, "which": 0.0015455950540958269, "wrongly": 0.0015455950540958269, "অফিস": 0.0015455950540958269, "করণীয়": 0.0015455950540958269, "করেছেন": 0.0015455950540958269, "কী": 0.0015455950540958269, "কেশ": 0.0015455950540958269, "কোন": 0.0015455950540958269, "গতকাল": 0.0015455950540958269, "গেচে": 0.0015455950540958269, "গেছিল": 0.0015455950540958269, "জন্য": 0.0015455950540958269, "জ্বি": 0.0015455950540958269, "টা": 0.0015455950540958269, "টাকাও": 0.0015455950540958269, "টাকাটা": 0.0015455950540958269, "টি": 0.0015455950540958269, "ডিজিট": 0.0015455950540958269, "তার": 0.0015455950540958269, "তো": 0.0015455950540958269, "দাদা": 0.0015455950540958269, "দিছে": 0.0015455950540958269, "দিয়েছিলাম": 0.0015455950540958269, "দিলাম": 0.0015455950540958269, "দিয়ে": 0.0015455950540958269, "দোকানদার": 0.0015455950540958269, "নম": 0.0015455950540958269, "নম্বরে": 0.0015455950540958269, "নিতে": 0.0015455950540958269, "পরিবর্তে": 0.0015455950540958269, "পরে": 0.0015455950540958269, "পাওয়া": 0.0015455950540958269, "পাচ্চি": 0.0015455950540958269, "পাঠিয়েছি": 0.0015455950540958269, "পাব": 0.0015455950540958269, "পার্সোনাল": 0.0015455950540958269, "পেলছি": 0.0015455950540958269, "ফোন": 0.0015455950540958269, "বন্দ": 0.0015455950540958269, "বরের": 0.0015455950540958269, "বিকাশে": 0.0015455950540958269, "বুলছিল": 0.0015455950540958269, "ভাইয়া": 0.0015455950540958269, "ভাবে": 0.0015455950540958269, "ভুলবসত": 0.0015455950540958269, "মোবাইল": 0.0015455950540958269, "সেক্ষেত্রে": 0.0015455950540958269, "স্যার": 0.0015455950540958269, "হাজার": 0.0015455950540958269, "৳": 0.0015455950540958269}