{"টাকা": 0.036949685534591194, "আউট": 0.03537735849056604, "out": 0.03459119496855346, "charge": 0.0330188679245283, "ক্যাশ": 0.03223270440251572, "cash": 0.030660377358490566, "koto": 0.030660377358490566, "কত": 0.023584905660377357, "atm": 0.021226415094339625, "taka": 0.020440251572327046, "theke": 0.014150943396226415, "খরচ": 0.014150943396226415, "চার্জ": 0.014150943396226415, "বিকাশ": 0.014150943396226415, "tk": 0.012578616352201259, "bkash": 0.011792452830188678, "নাম্বারে": 0.010220125786163523, "প্রিয়": 0.009433962264150943, "cashout": 0.008647798742138365, "এজেন্ট": 0.008647798742138365, "আমি": 0.007861635220125786, "হাজারে": 0.007861635220125786, "করলে": 0.007075471698113208, "থেকে": 0.007075471698113208, "agent": 0.006289308176100629, "ki": 0.006289308176100629, "আমার": 0.006289308176100629, "কাটবে": 0.006289308176100629, "কাটে": 0.006289308176100629, "a": 0.005503144654088051, "ami": 0.005503144654088051, "kate": 0.005503144654088051, "করতে": 0.005503144654088051, "করে": 0.005503144654088051, "er": 0.0047169811320754715, "korte": 0.0047169811320754715, "number": 0.0047169811320754715, "এর": 0.0047169811320754715, "কেন": 0.0047169811320754715, "না": 0.0047169811320754715, "বিকাশে": 0.0047169811320754715, "e": 0.003930817610062893, "kora": 0.003930817610062893, "korle": 0.003930817610062893, "এ": 0.003930817610062893, "কি": 0.003930817610062893, "কেটে": 0.003930817610062893, "বেশি": 0.003930817610062893, "হবে": 0.003930817610062893, "হাজার": 0.003930817610062893, "at": 0.0031446540880503146, "bikash": 0.0031446540880503146, "cash-out": 0.0031446540880503146, "free": 0.0031446540880503146, "katbe": 0.0031446540880503146, "kore": 0.0031446540880503146, "এটিএম": 0.0031446540880503146, "কতো": 0.0031446540880503146, "নাম্বার": 0.0031446540880503146, "প্রতি": 0.0031446540880503146, "প্রিয়": 0.0031446540880503146, "স্যার": 0.0031446540880503146, "account": 0.0023584905660377358, "bank": 0.0023584905660377358, "booth": 0.0023584905660377358, "both": 0.0023584905660377358, "brac": 0.0023584905660377358, "case": 0.0023584905660377358, "extra": 0.0023584905660377358, "fee": 0.0023584905660377358, "hajare": 0.0023584905660377358, "is": 0.0023584905660377358, "kori": 0.0023584905660377358, "parbo": 0.0023584905660377358, "porbe": 0.0023584905660377358, "prio": 0.0023584905660377358, "priyo": 0.0023584905660377358, "ta": 0.0023584905660377358, "that": 0.0023584905660377358, "the": 0.0023584905660377358, "tulte": 0.0023584905660377358, "এটা": 0.0023584905660377358, "করা": 0.0023584905660377358, "করেছি": 0.0023584905660377358, "কিন্তু": 0.0023584905660377358, "কিভাবে": 0.0023584905660377358, "কেনো": 0.0023584905660377358, "চাই": 0.0023584905660377358, "চাজ": 0.0023584905660377358, "জানতে": 0.0023584905660377358, "তো": 0.0023584905660377358, "যদি": 0.0023584905660377358, "সম্পর্কে": 0.0023584905660377358, "হয়": 0.0023584905660377358, "ajent": 0.0015723270440251573, "amar": 0.0015723270440251573, "amount": 0.0015723270440251573, "amr": 0.0015723270440251573, "app": 0.0015723270440251573, "ber": 0.0015723270440251573, "beshi": 0.0015723270440251573, "biks": 0.0015723270440251573, "charging": 0.0015723270440251573, "chash": 0.0015723270440251573, "deduct": 0.0015723270440251573, "dine": 0.0015723270440251573, "for": 0.0015723270440251573, "gele": 0.0015723270440251573, "hajar": 0.0015723270440251573, "hobe": 0.0015723270440251573, "how": 0.0015723270440251573, "i": 0.0015723270440251573, "jodi": 0.0015723270440251573, "just": 0.0015723270440251573, "kano": 0.0015723270440251573, "katce": 0.0015723270440251573, "khoroc": 0.0015723270440251573, "kno": 0.0015723270440251573, "kono": 0.0015723270440251573, "korar": 0.0015723270440251573, "korbo": 0.0015723270440251573, "koroc": 0.0015723270440251573, "koti": 0.0015723270440251573, "lagbe": 0.0015723270440251573, "maximum": 0.0015723270440251573, "my": 0.0015723270440251573, "now": 0.0015723270440251573, "pathate": 0.0015723270440251573, "per": 0.0015723270440251573, "please": 0.0015723270440251573, "send": 0.0015723270440251573, "tahole": 0.0015723270440251573, "thaky": 0.0015723270440251573, "vai": 0.0015723270440251573, "অ্যাপে": 0.0015723270440251573, "আউটে": 0.0015723270440251573, "আগে": 0.0015723270440251573, "আপনাদের": 0.0015723270440251573, "একটি": 0.0015723270440251573, "একটু": 0.0015723270440251573, "একাউন্ট": 0.0015723270440251573, "এখন": 0.0015723270440251573, "এত": 0.0015723270440251573, "এপ": 0.0015723270440251573, "ওই": 0.0015723270440251573, "কাটছে": 0.0015723270440251573, "ক্যশ": 0.0015723270440251573, "ক্যাশআউট": 0.0015723270440251573, "ক্যাশাউট": 0.0015723270440251573, "কয়": 0.0015723270440251573, "চাচ্ছি": 0.0015723270440251573, "চার্য": 0.0015723270440251573, "টা": 0.0015723270440251573, "টাকার": 0.0015723270440251573, "টাকায়": 0.0015723270440251573, "তারিখ": 0.0015723270440251573, "তাহলে": 0.0015723270440251573, "নম্বর": 0.0015723270440251573, "নম্বরটি": 0.0015723270440251573, "পয়সা": 0.0015723270440251573, "পারব": 0.0015723270440251573, "পারসোনাল": 0.0015723270440251573, "প্লিজ": 0.0015723270440251573, "পয়সা": 0.0015723270440251573, "বলেন": 0.0015723270440251573, "যায়": 0.0015723270440251573, "যুক্ত": 0.0015723270440251573, "যেকোনো": 0.0015723270440251573, "সকাল": 0.0015723270440251573, "সময়": 0.0015723270440251573, "হাজারের": 0.0015723270440251573, "হিসেবে": 0.0015723270440251573, "৳": 0.0015723270440251573, "247": 0.0007861635220125787, "abar": 0.0007861635220125787, "aca": 0.0007861635220125787, "accha": 0.0007861635220125787, "ace": 0.0007861635220125787, "age": 0.0007861635220125787, "ajke": 0.0007861635220125787, "akhane": 0.0007861635220125787, "akhon": 0.0007861635220125787, "akn": 0.0007861635220125787, "aksathe": 0.0007861635220125787, "akta": 0.0007861635220125787, "akti": 0.0007861635220125787, "almost": 0.0007861635220125787, "amer": 0.0007861635220125787, "and": 0.0007861635220125787, "apps": 0.0007861635220125787, "ar": 0.0007861635220125787, "are": 0.0007861635220125787, "ase": 0.0007861635220125787, "ata": 0.0007861635220125787, "babe": 0.0007861635220125787, "bai": 0.0007861635220125787, "balance": 0.0007861635220125787, "bare": 0.0007861635220125787, "basi": 0.0007861635220125787, "be": 0.0007861635220125787, "bkas": 0.0007861635220125787, "bmw": 0.0007861635220125787, "bolen": 0.0007861635220125787, "bortomane": 0.0007861635220125787, "but": 0.0007861635220125787, "cashut": 0.0007861635220125787, "casout": 0.0007861635220125787, "cass": 0.0007861635220125787, "chai": 0.0007861635220125787, "chalo": 0.0007861635220125787, "change": 0.0007861635220125787, "chara": 0.0007861635220125787, "charg": 0.0007861635220125787, "charged": 0.0007861635220125787, "charj": 0.0007861635220125787, "chilo": 0.0007861635220125787, "cilo": 0.0007861635220125787, "cost": 0.0007861635220125787, "dail": 0.0007861635220125787, "diya": 0.0007861635220125787, "diye": 0.0007861635220125787, "eita": 0.0007861635220125787, "ek": 0.0007861635220125787, "favorite": 0.0007861635220125787, "favourite": 0.0007861635220125787, "from": 0.0007861635220125787, "have": 0.0007861635220125787, "hazar": 0.0007861635220125787, "heard": 0.0007861635220125787, "hello": 0.0007861635220125787, "help": 0.0007861635220125787, "hi": 0.0007861635220125787, "its": 0.0007861635220125787, "j": 0.0007861635220125787, "jai": 0.0007861635220125787, "janaben": 0.0007861635220125787, "jay": 0.0007861635220125787, "jonno": 0.0007861635220125787, "kal": 0.0007861635220125787, "karon": 0.0007861635220125787, "katay": 0.0007861635220125787, "katlo": 0.0007861635220125787, "kato": 0.0007861635220125787, "katy": 0.0007861635220125787, "kesuot": 0.0007861635220125787, "khoros": 0.0007861635220125787, "kicu": 0.0007861635220125787, "kintu": 0.0007861635220125787, "kmn": 0.0007861635220125787, "kombe": 0.0007861635220125787, "korchi": 0.0007861635220125787, "korechi": 0.0007861635220125787, "korla": 0.0007861635220125787, "korlam": 0.0007861635220125787, "korley": 0.0007861635220125787, "koroj": 0.0007861635220125787,