{"টাকা": 0.03379224030037547, "out": 0.028785982478097622, "আউট": 0.026282853566958697, "ক্যাশ": 0.026282853566958697, "cash": 0.025031289111389236, "কি": 0.02002503128911139, "আমি": 0.018773466833541926, "এজেন্ট": 0.018773466833541926, "agent": 0.017521902377972468, "নাম্বারে": 0.017521902377972468, "আমার": 0.015018773466833541, "e": 0.012515644555694618, "taka": 0.012515644555694618, "vul": 0.012515644555694618, "number": 0.011264080100125157, "amar": 0.010012515644555695, "ami": 0.010012515644555695, "i": 0.010012515644555695, "money": 0.010012515644555695, "the": 0.010012515644555695, "এখন": 0.010012515644555695, "করেছি": 0.010012515644555695, "না": 0.010012515644555695, "ভুল": 0.010012515644555695, "er": 0.008760951188986234, "ki": 0.008760951188986234, "যায়": 0.008760951188986234, "that": 0.007509386733416771, "tk": 0.007509386733416771, "to": 0.007509386733416771, "দিচ্ছে": 0.007509386733416771, "নাই": 0.007509386733416771, "kintu": 0.006257822277847309, "me": 0.006257822277847309, "এ": 0.006257822277847309, "কাছে": 0.006257822277847309, "কিন্তু": 0.006257822277847309, "গেছে": 0.006257822277847309, "থেকে": 0.006257822277847309, "নাম্বার": 0.006257822277847309, "app": 0.0050062578222778474, "back": 0.0050062578222778474, "he": 0.0050062578222778474, "is": 0.0050062578222778474, "namber": 0.0050062578222778474, "should": 0.0050062578222778474, "what": 0.0050062578222778474, "wrong": 0.0050062578222778474, "এর": 0.0050062578222778474, "করতে": 0.0050062578222778474, "টাকাটা": 0.0050062578222778474, "তার": 0.0050062578222778474, "দিতে": 0.0050062578222778474, "নাকি": 0.0050062578222778474, "পর": 0.0050062578222778474, "ভুলে": 0.0050062578222778474, "a": 0.0037546933667083854, "but": 0.0037546933667083854, "korbo": 0.0037546933667083854, "kore": 0.0037546933667083854, "korsi": 0.0037546933667083854, "oi": 0.0037546933667083854, "onno": 0.0037546933667083854, "ta": 0.0037546933667083854, "tini": 0.0037546933667083854, "আছে": 0.0037546933667083854, "আমাকে": 0.0037546933667083854, "একটা": 0.0037546933667083854, "একটি": 0.0037546933667083854, "ঐ": 0.0037546933667083854, "করছি": 0.0037546933667083854, "করা": 0.0037546933667083854, "করে": 0.0037546933667083854, "ফেরত": 0.0037546933667083854, "akta": 0.0025031289111389237, "amake": 0.0025031289111389237, "amr": 0.0025031289111389237, "as": 0.0025031289111389237, "bikash": 0.0025031289111389237, "cacchena": 0.0025031289111389237, "cashe": 0.0025031289111389237, "cashout": 0.0025031289111389237, "chole": 0.0025031289111389237, "cliaming": 0.0025031289111389237, "code": 0.0025031289111389237, "dekhacche": 0.0025031289111389237, "dekhacchena": 0.0025031289111389237, "denies": 0.0025031289111389237, "denying": 0.0025031289111389237, "dicchena": 0.0025031289111389237, "didn't": 0.0025031289111389237, "dite": 0.0025031289111389237, "do": 0.0025031289111389237, "done": 0.0025031289111389237, "get": 0.0025031289111389237, "give": 0.0025031289111389237, "gone": 0.0025031289111389237, "have": 0.0025031289111389237, "hoyeche": 0.0025031289111389237, "jay": 0.0025031289111389237, "je": 0.0025031289111389237, "kora": 0.0025031289111389237, "korar": 0.0025031289111389237, "lenden": 0.0025031289111389237, "made": 0.0025031289111389237, "mistakenly": 0.0025031289111389237, "naki": 0.0025031289111389237, "need": 0.0025031289111389237, "now": 0.0025031289111389237, "of": 0.0025031289111389237, "oita": 0.0025031289111389237, "paynai": 0.0025031289111389237, "por": 0.0025031289111389237, "provide": 0.0025031289111389237, "shomossha": 0.0025031289111389237, "sir": 0.0025031289111389237, "steps": 0.0025031289111389237, "stetment": 0.0025031289111389237, "take": 0.0025031289111389237, "tarjonno": 0.0025031289111389237, "transaction": 0.0025031289111389237, "এই": 0.0025031289111389237, "একজন": 0.0025031289111389237, "একাউণ্ট": 0.0025031289111389237, "করনীয়": 0.0025031289111389237, "করনীয়": 0.0025031289111389237, "করব": 0.0025031289111389237, "করার": 0.0025031289111389237, "কালকে": 0.0025031289111389237, "কেটে": 0.0025031289111389237, "গুলো": 0.0025031289111389237, "চাচ্ছেনা": 0.0025031289111389237, "টা": 0.0025031289111389237, "তাই": 0.0025031289111389237, "নিয়েছে": 0.0025031289111389237, "পারি": 0.0025031289111389237, "প্রমাণ": 0.0025031289111389237, "বিকাশ": 0.0025031289111389237, "বিরুদ্ধে": 0.0025031289111389237, "মুহূর্তে": 0.0025031289111389237, "যেইই": 0.0025031289111389237, "সে": 0.0025031289111389237, "হয়ে": 0.0025031289111389237, "accidently": 0.0012515644555694619, "age": 0.0012515644555694619, "ajka": 0.0012515644555694619, "akhon": 0.0012515644555694619, "ame": 0.0012515644555694619, "ana": 0.0012515644555694619, "aps": 0.0012515644555694619, "apu": 0.0012515644555694619, "babe": 0.0012515644555694619, "bdt": 0.0012515644555694619, "boltaca": 0.0012515644555694619, "boltase": 0.0012515644555694619, "bondo": 0.0012515644555694619, "bu": 0.0012515644555694619, "bul": 0.0012515644555694619, "bule": 0.0012515644555694619, "cashed": 0.0012515644555694619, "casout": 0.0012515644555694619, "chai": 0.0012515644555694619, "chasout": 0.0012515644555694619, "dakhaitese": 0.0012515644555694619, "dhorena": 0.0012515644555694619, "diye": 0.0012515644555694619, "ei": 0.0012515644555694619, "ekhn": 0.0012515644555694619, "ekhon": 0.0012515644555694619, "ekta": 0.0012515644555694619, "ektu": 0.0012515644555694619, "eta": 0.0012515644555694619, "falsisi": 0.0012515644555694619, "gech": 0.0012515644555694619, "giye": 0.0012515644555694619, "giyeche": 0.0012515644555694619, "gse": 0.0012515644555694619, "had": 0.0012515644555694619, "help": 0.0012515644555694619, "hoice": 0.0012515644555694619, "houar": 0.0012515644555694619, "hoye": 0.0012515644555694619, "in": 0.0012515644555694619, "jabe": 0.0012515644555694619, "jonno": 0.0012515644555694619, "kibolbesir": 0.0012515644555694619, "kivabe": 0.0012515644555694619, "korci": 0.0012515644555694619, "korechi": 0.0012515644555694619, "korechilm": 0.0012515644555694619, "korefelesi": 0.0012515644555694619, "koresi": 0.0012515644555694619, "korlam": 0.0012515644555694619, "koronio": 0.0012515644555694619, "korse": 0.0012515644555694619, "mani": 0.0012515644555694619, "my": 0.0012515644555694619, "na": 0.0012515644555694619, "nai": 0.0012515644555694619, "nambar": 0.0012515644555694619, "nambare": 0.0012515644555694619, "numbera": 0.0012515644555694619, "numbere": 0.0012515644555694619, "othabo": 0.0012515644555694619, "pan": 0.0012515644555694619, "phon": 0.0012515644555694619, "pl": 0.0012515644555694619, "qr": 0.0012515644555694619, "scane": 0.0012515644555694619, "se": 0.0012515644555694619, "somossa": 0.0012515644555694619, "tai": 0.0012515644555694619, "tarike": 0.0012515644555694619, "te": 0.0012515644555694619, "thakay": 0.0012515644555694619, "transection": 0.0012515644555694619, "unfortunately": 0.0012515644555694619, "utaise": 0.0012515644555694619, "vi": 0.0012515644555694619, "yesteeday": 0.0012515644555694619, "অন্য": 0.0012515644555694619, "অ্যাকাউন্ট": 0.0012515644555694619, "আউত": 0.0012515644555694619, "আগে": 0.0012515644555694619, "আনব": 0.0012515644555694619, "আনার": 0.0012515644555694619, "আপনার": 0.0012515644555694619, "আরেকটা": 0.0012515644555694619, "আলাইকুম": 0.0012515644555694619, "আসসালামু": 0.0012515644555694619, "উপাও": 0.0012515644555694619, "উপায়": 0.0012515644555694619, "এজেন্টের": 0.0012515644555694619, "এবং": 0.0012515644555694619, "ওয়া": 0.0012515644555694619, "করুন": 0.0012515644555694619, "করেছিলাম": 0.0012515644555694619, "কাছথেকে": 0.0012515644555694619, "কিছু": 0.0012515644555694619, "কিছুদিন": 0.0012515644555694619, "কিভাভে": 0.0012515644555694619, "ক্যশ": 0.0012515644555694619, "ক‍্যাশ": 0.0012515644555694619, "গিয়ে": 0.0012515644555694619, "গিয়ে": 0.0012515644555694619, "গেলে": 0.0012515644555694619, "চলে": 0.0012515644555694619, "চাচ্ছে": 0.0012515644555694619, "ছলে": 0.0012515644555694619, "ছেনা": 0.0012515644555694619, "তারপরও": 0.0012515644555694619, "তিনি": 0.0012515644555694619, "দয়া": 0.0012515644555694619, "দিছি": 0.0012515644555694619,