{"number": 0.04440497335701599, "নাম্বার": 0.04262877442273534, "বিকাশ": 0.03019538188277087, "এ": 0.02841918294849023, "bkash": 0.02664298401420959, "e": 0.02664298401420959, "in": 0.02486678507992895, "ইন": 0.02486678507992895, "ক্যাশ": 0.02486678507992895, "cash": 0.023090586145648313, "নাই": 0.023090586145648313, "আমার": 0.017761989342806393, "ki": 0.014209591474245114, "kora": 0.014209591474245114, "এমন": 0.014209591474245114, "কি": 0.014209591474245114, "account": 0.012433392539964476, "nai": 0.012433392539964476, "possible": 0.012433392539964476, "to": 0.012433392539964476, "একাউন্ট": 0.012433392539964476, "করতে": 0.012433392539964476, "টাকা": 0.012433392539964476, "i": 0.010657193605683835, "korte": 0.010657193605683835, "a": 0.008880994671403197, "cashin": 0.008880994671403197, "is": 0.008880994671403197, "oi": 0.008880994671403197, "on": 0.008880994671403197, "that": 0.008880994671403197, "করা": 0.008880994671403197, "খোলা": 0.008880994671403197, "পাঠাতে": 0.008880994671403197, "ami": 0.007104795737122557, "kintu": 0.007104795737122557, "আমি": 0.007104795737122557, "এখন": 0.007104795737122557, "এজেন্ট": 0.007104795737122557, "কিন্তু": 0.007104795737122557, "থেকে": 0.007104795737122557, "পারবো": 0.007104795737122557, "সেই": 0.007104795737122557, "amar": 0.005328596802841918, "bikash": 0.005328596802841918, "can": 0.005328596802841918, "ekhon": 0.005328596802841918, "has": 0.005328596802841918, "it": 0.005328596802841918, "kashin": 0.005328596802841918, "non": 0.005328596802841918, "not": 0.005328596802841918, "parbo": 0.005328596802841918, "sim": 0.005328596802841918, "taka": 0.005328596802841918, "একটা": 0.005328596802841918, "ওই": 0.005328596802841918, "চাচ্ছে": 0.005328596802841918, "যায়": 0.005328596802841918, "সম্ভব": 0.005328596802841918, "ajent": 0.0035523978685612786, "been": 0.0035523978685612786, "bolse": 0.0035523978685612786, "dite": 0.0035523978685612786, "emon": 0.0035523978685612786, "her": 0.0035523978685612786, "jabe": 0.0035523978685612786, "no": 0.0035523978685612786, "now": 0.0035523978685612786, "pari": 0.0035523978685612786, "registration": 0.0035523978685612786, "sha": 0.0035523978685612786, "tar": 0.0035523978685612786, "thakle": 0.0035523978685612786, "want": 0.0035523978685612786, "একটি": 0.0035523978685612786, "চাচ্ছি": 0.0035523978685612786, "ছাড়া": 0.0035523978685612786, "দোকান": 0.0035523978685612786, "পারবে": 0.0035523978685612786, "বড়": 0.0035523978685612786, "ভাই": 0.0035523978685612786, "হবে": 0.0035523978685612786, "ache": 0.0017761989342806393, "adnan": 0.0017761989342806393, "agent": 0.0017761989342806393, "ager": 0.0017761989342806393, "amk": 0.0017761989342806393, "ammu": 0.0017761989342806393, "bk": 0.0017761989342806393, "but": 0.0017761989342806393, "cacchi": 0.0017761989342806393, "chacchi": 0.0017761989342806393, "chachi": 0.0017761989342806393, "chai": 0.0017761989342806393, "chara": 0.0017761989342806393, "din": 0.0017761989342806393, "diye": 0.0017761989342806393, "don't": 0.0017761989342806393, "ekaount": 0.0017761989342806393, "ekaunt": 0.0017761989342806393, "ekjon": 0.0017761989342806393, "ekta": 0.0017761989342806393, "er": 0.0017761989342806393, "from": 0.0017761989342806393, "gf": 0.0017761989342806393, "have": 0.0017761989342806393, "help": 0.0017761989342806393, "hi": 0.0017761989342806393, "his": 0.0017761989342806393, "hobe": 0.0017761989342806393, "if": 0.0017761989342806393, "jai": 0.0017761989342806393, "jani": 0.0017761989342806393, "jante": 0.0017761989342806393, "je": 0.0017761989342806393, "jei": 0.0017761989342806393, "ke": 0.0017761989342806393, "khola": 0.0017761989342806393, "kichu": 0.0017761989342806393, "know": 0.0017761989342806393, "korbo": 0.0017761989342806393, "madhom": 0.0017761989342806393, "my": 0.0017761989342806393, "na": 0.0017761989342806393, "nah": 0.0017761989342806393, "name": 0.0017761989342806393, "need": 0.0017761989342806393, "nei": 0.0017761989342806393, "open": 0.0017761989342806393, "pabe": 0.0017761989342806393, "pathate": 0.0017761989342806393, "rate": 0.0017761989342806393, "sei": 0.0017761989342806393, "te": 0.0017761989342806393, "teke": 0.0017761989342806393, "teletalk": 0.0017761989342806393, "the": 0.0017761989342806393, "there": 0.0017761989342806393, "ti": 0.0017761989342806393, "tini": 0.0017761989342806393, "tk": 0.0017761989342806393, "uncle": 0.0017761989342806393, "uni": 0.0017761989342806393, "which": 0.0017761989342806393, "your": 0.0017761989342806393, "আছেন": 0.0017761989342806393, "আজকে": 0.0017761989342806393, "আপু": 0.0017761989342806393, "আমাকে": 0.0017761989342806393, "উক্ত": 0.0017761989342806393, "এইটা": 0.0017761989342806393, "এর": 0.0017761989342806393, "করবো": 0.0017761989342806393, "করলে": 0.0017761989342806393, "করে": 0.0017761989342806393, "কিছু": 0.0017761989342806393, "কিছুটা": 0.0017761989342806393, "কোন": 0.0017761989342806393, "গ্রামের": 0.0017761989342806393, "চাচা": 0.0017761989342806393, "চাচ্ছিলাম": 0.0017761989342806393, "জানাবেন": 0.0017761989342806393, "তো": 0.0017761989342806393, "থাকলে": 0.0017761989342806393, "দিতে": 0.0017761989342806393, "দিয়ে": 0.0017761989342806393, "দেয়া": 0.0017761989342806393, "না": 0.0017761989342806393, "নাম্বারে": 0.0017761989342806393, "নয়": 0.0017761989342806393, "পাঠাবে": 0.0017761989342806393, "পাবে": 0.0017761989342806393, "প্রয়োজন": 0.0017761989342806393, "বন্ধু": 0.0017761989342806393, "বলো": 0.0017761989342806393, "বাবা": 0.0017761989342806393, "বাড়ী": 0.0017761989342806393, "বিকাস": 0.0017761989342806393, "লোকে": 0.0017761989342806393, "সকালে": 0.0017761989342806393, "সত্য": 0.0017761989342806393, "সেইটা": 0.0017761989342806393, "হলে": 0.0017761989342806393, "হয়": 0.0017761989342806393}