{"in": 0.07669616519174041, "cash": 0.06489675516224189, "limit": 0.02654867256637168, "korte": 0.02359882005899705, "ক্যাশইন": 0.02359882005899705, "যায়": 0.02359882005899705, "কত": 0.02064896755162242, "করা": 0.02064896755162242, "টাকা": 0.02064896755162242, "i": 0.017699115044247787, "koto": 0.017699115044247787, "the": 0.017699115044247787, "tk": 0.017699115044247787, "ক্যাশ": 0.017699115044247787, "মাসে": 0.017699115044247787, "highest": 0.014749262536873156, "parbo": 0.014749262536873156, "লিমিট": 0.014749262536873156, "able": 0.011799410029498525, "do": 0.011799410029498525, "how": 0.011799410029498525, "kora": 0.011799410029498525, "per": 0.011799410029498525, "to": 0.011799410029498525, "ইন": 0.011799410029498525, "প্রতি": 0.011799410029498525, "a": 0.008849557522123894, "bkash": 0.008849557522123894, "e": 0.008849557522123894, "er": 0.008849557522123894, "jay": 0.008849557522123894, "number": 0.008849557522123894, "of": 0.008849557522123894, "personal": 0.008849557522123894, "transaction": 0.008849557522123894, "আমার": 0.008849557522123894, "একাউন্টে": 0.008849557522123894, "am": 0.0058997050147492625, "ami": 0.0058997050147492625, "bolen": 0.0058997050147492625, "can": 0.0058997050147492625, "can't": 0.0058997050147492625, "chai": 0.0058997050147492625, "day": 0.0058997050147492625, "is": 0.0058997050147492625, "issue": 0.0058997050147492625, "it's": 0.0058997050147492625, "lenden": 0.0058997050147492625, "many": 0.0058997050147492625, "maximum": 0.0058997050147492625, "money": 0.0058997050147492625, "much": 0.0058997050147492625, "my": 0.0058997050147492625, "proti": 0.0058997050147492625, "saying": 0.0058997050147492625, "taka": 0.0058997050147492625, "times": 0.0058997050147492625, "total": 0.0058997050147492625, "what": 0.0058997050147492625, "why": 0.0058997050147492625, "ইনের": 0.0058997050147492625, "এর": 0.0058997050147492625, "কতবার": 0.0058997050147492625, "নেয়া": 0.0058997050147492625, "পর্যন্ত": 0.0058997050147492625, "বলেন": 0.0058997050147492625, "মাধ্যমে": 0.0058997050147492625, "লেনদেনে": 0.0058997050147492625, "শেষ": 0.0058997050147492625, "account": 0.0029498525073746312, "akdine": 0.0029498525073746312, "amn": 0.0029498525073746312, "amr": 0.0029498525073746312, "asche": 0.0029498525073746312, "at": 0.0029498525073746312, "bar": 0.0029498525073746312, "beshi": 0.0029498525073746312, "cash-in": 0.0029498525073746312, "cashin": 0.0029498525073746312, "daily": 0.0029498525073746312, "dite": 0.0029498525073746312, "gele": 0.0029498525073746312, "jabe": 0.0029498525073746312, "kato": 0.0029498525073746312, "koybar": 0.0029498525073746312, "likha": 0.0029498525073746312, "mashe": 0.0029498525073746312, "minimun": 0.0029498525073746312, "na": 0.0029498525073746312, "not": 0.0029498525073746312, "parci": 0.0029498525073746312, "possible": 0.0029498525073746312, "rule": 0.0029498525073746312, "sir": 0.0029498525073746312, "something": 0.0029498525073746312, "time": 0.0029498525073746312, "vai": 0.0029498525073746312, "এই": 0.0029498525073746312, "এক": 0.0029498525073746312, "একটু": 0.0029498525073746312, "একসাথে": 0.0029498525073746312, "একাউন্ট": 0.0029498525073746312, "এটা": 0.0029498525073746312, "এতো": 0.0029498525073746312, "কম": 0.0029498525073746312, "করতে": 0.0029498525073746312, "করে": 0.0029498525073746312, "কি": 0.0029498525073746312, "কেনো": 0.0029498525073746312, "গেছে": 0.0029498525073746312, "চাই": 0.0029498525073746312, "জানতে": 0.0029498525073746312, "জি": 0.0029498525073746312, "দিনে": 0.0029498525073746312, "দেখুন": 0.0029498525073746312, "দয়া": 0.0029498525073746312, "পারব": 0.0029498525073746312, "বার": 0.0029498525073746312, "বিকাশে": 0.0029498525073746312, "বিকাশের": 0.0029498525073746312, "মাত্র": 0.0029498525073746312, "যায়-": 0.0029498525073746312, "সর্বনিম্ন": 0.0029498525073746312, "হ্যালো": 0.0029498525073746312, "হয়ে": 0.0029498525073746312, "😑": 0.0029498525073746312}