{"out": 0.0377643504531722, "cash": 0.036253776435045314, "ক্যাশ": 0.03323262839879154, "আউট": 0.03172205438066465, "limit": 0.02719033232628399, "আমার": 0.021148036253776436, "bkash": 0.018126888217522657, "আমি": 0.018126888217522657, "লিমিট": 0.018126888217522657, "ami": 0.01661631419939577, "টাকা": 0.01661631419939577, "বিকাশ": 0.015105740181268881, "amar": 0.013595166163141995, "কত": 0.013595166163141995, "থেকে": 0.013595166163141995, "ki": 0.012084592145015106, "করতে": 0.012084592145015106, "kora": 0.010574018126888218, "koto": 0.010574018126888218, "theke": 0.010574018126888218, "cashout": 0.009063444108761328, "hoye": 0.009063444108761328, "korte": 0.009063444108761328, "na": 0.009063444108761328, "amr": 0.007552870090634441, "atm": 0.007552870090634441, "parbo": 0.007552870090634441, "sesh": 0.007552870090634441, "tk": 0.007552870090634441, "আছে": 0.007552870090634441, "কি": 0.007552870090634441, "না": 0.007552870090634441, "হাজার": 0.007552870090634441, "ar": 0.006042296072507553, "er": 0.006042296072507553, "korta": 0.006042296072507553, "taka": 0.006042296072507553, "করা": 0.006042296072507553, "বার": 0.006042296072507553, "a": 0.004531722054380664, "akhon": 0.004531722054380664, "but": 0.004531722054380664, "issue": 0.004531722054380664, "ses": 0.004531722054380664, "to": 0.004531722054380664, "vai": 0.004531722054380664, "এক": 0.004531722054380664, "কিন্তু": 0.004531722054380664, "ক্যাশআউট": 0.004531722054380664, "পারব": 0.004531722054380664, "পারবো": 0.004531722054380664, "স্যার": 0.004531722054380664, "হচ্ছে": 0.004531722054380664, "account": 0.0030211480362537764, "ase": 0.0030211480362537764, "bar": 0.0030211480362537764, "booth": 0.0030211480362537764, "cash-out": 0.0030211480362537764, "casout": 0.0030211480362537764, "din": 0.0030211480362537764, "e": 0.0030211480362537764, "ekhon": 0.0030211480362537764, "geche": 0.0030211480362537764, "gese": 0.0030211480362537764, "hoy": 0.0030211480362537764, "i": 0.0030211480362537764, "jabe": 0.0030211480362537764, "kno": 0.0030211480362537764, "kobe": 0.0030211480362537764, "kono": 0.0030211480362537764, "korbo": 0.0030211480362537764, "korle": 0.0030211480362537764, "my": 0.0030211480362537764, "pari": 0.0030211480362537764, "sir": 0.0030211480362537764, "vi": 0.0030211480362537764, "আজকে": 0.0030211480362537764, "একটু": 0.0030211480362537764, "একবারে": 0.0030211480362537764, "একাউন্ট": 0.0030211480362537764, "একাউন্টে": 0.0030211480362537764, "এখন": 0.0030211480362537764, "এটিএম": 0.0030211480362537764, "কবে": 0.0030211480362537764, "করার": 0.0030211480362537764, "কেশ": 0.0030211480362537764, "দরকার": 0.0030211480362537764, "নম্বর": 0.0030211480362537764, "বিকাশে": 0.0030211480362537764, "বুথ": 0.0030211480362537764, "মাসে": 0.0030211480362537764, "যায়": 0.0030211480362537764, "শেষ": 0.0030211480362537764, "সাথে": 0.0030211480362537764, "হবে": 0.0030211480362537764, "-": 0.0015105740181268882, "abar": 0.0015105740181268882, "agent": 0.0015105740181268882, "agye": 0.0015105740181268882, "ajker": 0.0015105740181268882, "amount": 0.0015105740181268882, "an": 0.0015105740181268882, "and": 0.0015105740181268882, "aska": 0.0015105740181268882, "bank": 0.0015105740181268882, "be": 0.0015105740181268882, "big": 0.0015105740181268882, "bikash": 0.0015105740181268882, "brac": 0.0015105740181268882, "cai": 0.0015105740181268882, "can": 0.0015105740181268882, "cant": 0.0015105740181268882, "case": 0.0015105740181268882, "cast": 0.0015105740181268882, "charge": 0.0015105740181268882, "daily": 0.0015105740181268882, "dakai": 0.0015105740181268882, "dakhay": 0.0015105740181268882, "december": 0.0015105740181268882, "dekhacce": 0.0015105740181268882, "dekhacche": 0.0015105740181268882, "dekhay": 0.0015105740181268882, "dekhy": 0.0015105740181268882, "dhora": 0.0015105740181268882, "dorkar": 0.0015105740181268882, "esho": 0.0015105740181268882, "esu": 0.0015105740181268882, "from": 0.0015105740181268882, "gala": 0.0015105740181268882, "gase": 0.0015105740181268882, "gece": 0.0015105740181268882, "hbe": 0.0015105740181268882, "help": 0.0015105740181268882, "hlw": 0.0015105740181268882, "hobr": 0.0015105740181268882, "hocce": 0.0015105740181268882, "hocche": 0.0015105740181268882, "hochhe": 0.0015105740181268882, "hoica": 0.0015105740181268882, "how": 0.0015105740181268882, "hoytase": 0.0015105740181268882, "information": 0.0015105740181268882, "is": 0.0015105740181268882, "ishu": 0.0015105740181268882, "issu": 0.0015105740181268882, "isuu": 0.0015105740181268882, "jai": 0.0015105740181268882, "jay": 0.0015105740181268882, "kbe": 0.0015105740181268882, "ke": 0.0015105740181268882, "korechi": 0.0015105740181268882, "kortese": 0.0015105740181268882, "lac": 0.0015105740181268882, "like": 0.0015105740181268882, "limet": 0.0015105740181268882, "lu": 0.0015105740181268882, "mashik": 0.0015105740181268882, "masik": 0.0015105740181268882, "mayad": 0.0015105740181268882, "minimum": 0.0015105740181268882, "money": 0.0015105740181268882, "monthly": 0.0015105740181268882, "must": 0.0015105740181268882, "nai": 0.0015105740181268882, "need": 0.0015105740181268882, "not": 0.0015105740181268882, "number": 0.0015105740181268882, "on": 0.0015105740181268882, "over": 0.0015105740181268882, "pacci": 0.0015105740181268882, "pataici": 0.0015105740181268882, "please": 0.0015105740181268882, "porbe": 0.0015105740181268882, "problem": 0.0015105740181268882, "r": 0.0015105740181268882, "sehs": 0.0015105740181268882, "shudu": 0.0015105740181268882, "si": 0.0015105740181268882, "somoy": 0.0015105740181268882, "sorbonimno": 0.0015105740181268882, "tarikh": 0.0015105740181268882, "tarpr": 0.0015105740181268882, "te": 0.0015105740181268882, "the": 0.0015105740181268882, "theka": 0.0015105740181268882, "there": 0.0015105740181268882, "ti": 0.0015105740181268882, "times": 0.0015105740181268882, "toufik": 0.0015105740181268882, "uot": 0.0015105740181268882, "upay": 0.0015105740181268882, "utha": 0.0015105740181268882, "vabe": 0.0015105740181268882, "vitor": 0.0015105740181268882, "wthate": 0.0015105740181268882, "yea": 0.0015105740181268882, "yet": 0.0015105740181268882, "you": 0.0015105740181268882, "আউড": 0.0015105740181268882, "আউত": 0.0015105740181268882, "আজ": 0.0015105740181268882, "আর": 0.0015105740181268882, "ইস্যু": 0.0015105740181268882, "এ": 0.0015105740181268882, "এই": 0.0015105740181268882, "একটা": 0.0015105740181268882, "একদিনে": 0.0015105740181268882, "একন": 0.0015105740181268882, "একবারও": 0.0015105740181268882, "এজেন্ট": 0.0015105740181268882, "এটা": 0.0015105740181268882, "এটিকে": 0.0015105740181268882, "এটিম": 0.0015105740181268882, "ঐ": 0.0015105740181268882, "কতো": 0.0015105740181268882, "করিনি": 0.0015105740181268882, "করে": 0.0015105740181268882, "করেছি": 0.0015105740181268882, "করোনিয়ো": 0.0015105740181268882, "কাজে": 0.0015105740181268882, "কারতে": 0.0015105740181268882, "কাশআউট": 0.0015105740181268882, "কোনো": 0.0015105740181268882, "গত": 0.0015105740181268882, "গতকাল": 0.0015105740181268882, "গিয়েছে": 0.0015105740181268882, "গেলে": 0.0015105740181268882, "চাই": 0.0015105740181268882, "চাচ্ছি": 0.0015105740181268882, "চালু": 0.0015105740181268882, "জানতে": 0.0015105740181268882, "জানা": 0.0015105740181268882, "জানি": 0.0015105740181268882, "টাকার": 0.0015105740181268882, "তাহলে": 0.0015105740181268882, "তোলা": 0.0015105740181268882, "থাকি": 0.0015105740181268882, "দিতে": 0.0015105740181268882, "দুইদিন": 0.0015105740181268882, "দেকেন": 0.0015105740181268882, "দেখাচ্ছে": 0.0015105740181268882, "দেখায়": 0.0015105740181268882, "দেয়": 0.0015105740181268882, "দৈনিক": 0.0015105740181268882, "ধরে": 0.0015105740181268882, "নম্বরে": 0.0015105740181268882, "নাই": 0.0015105740181268882, "নাম্বর": 0.0015105740181268882, "নাম্বার": 0.0015105740181268882, "নাম্বারে": 0.0015105740181268882, "নেই": 0.0015105740181268882, "পর্যন্ত": 0.0015105740181268882, "পারতেছিনা": 0.0015105740181268882, "পারবেন": 0.0015105740181268882, "পারসোনাল": 0.0015105740181268882, "পারি": 0.0015105740181268882, "পার্টনার": 0.0015105740181268882,