{"cash": 0.039755351681957186, "out": 0.039755351681957186, "taka": 0.03669724770642202, "আউট": 0.033639143730886854, "ক্যাশ": 0.03058103975535168, "i": 0.02140672782874618, "bkash": 0.01834862385321101, "sir": 0.01834862385321101, "টাকা": 0.01834862385321101, "about": 0.01529051987767584, "me": 0.01529051987767584, "please": 0.01529051987767584, "process": 0.01529051987767584, "theke": 0.01529051987767584, "to": 0.01529051987767584, "আমি": 0.01529051987767584, "bikash": 0.012232415902140673, "kivabe": 0.012232415902140673, "system": 0.012232415902140673, "tell": 0.012232415902140673, "want": 0.012232415902140673, "আমাকে": 0.012232415902140673, "করতে": 0.012232415902140673, "কি": 0.012232415902140673, "কিভাবে": 0.012232415902140673, "থেকে": 0.012232415902140673, "নিয়ম": 0.012232415902140673, "account": 0.009174311926605505, "amake": 0.009174311926605505, "ame": 0.009174311926605505, "atm": 0.009174311926605505, "from": 0.009174311926605505, "hoi": 0.009174311926605505, "ki": 0.009174311926605505, "know": 0.009174311926605505, "parina": 0.009174311926605505, "the": 0.009174311926605505, "tulbo": 0.009174311926605505, "tulte": 0.009174311926605505, "করব": 0.009174311926605505, "করে": 0.009174311926605505, "দিবেন": 0.009174311926605505, "বিকাশ": 0.009174311926605505, "agent": 0.0061162079510703364, "am": 0.0061162079510703364, "amar": 0.0061162079510703364, "ameto": 0.0061162079510703364, "bolen": 0.0061162079510703364, "den": 0.0061162079510703364, "e": 0.0061162079510703364, "er": 0.0061162079510703364, "maddhome": 0.0061162079510703364, "new": 0.0061162079510703364, "niyom": 0.0061162079510703364, "of": 0.0061162079510703364, "procedure": 0.0061162079510703364, "puro": 0.0061162079510703364, "sikhai": 0.0061162079510703364, "tule": 0.0061162079510703364, "উঠার": 0.0061162079510703364, "এজেন্ট": 0.0061162079510703364, "করবো": 0.0061162079510703364, "করার": 0.0061162079510703364, "কেমনে": 0.0061162079510703364, "দিন": 0.0061162079510703364, "পারিনা": 0.0061162079510703364, "বলুন": 0.0061162079510703364, "বলে": 0.0061162079510703364, "ভাবে": 0.0061162079510703364, "শিখিয়ে": 0.0061162079510703364, "হয়": 0.0061162079510703364, "asa": 0.0030581039755351682, "asche": 0.0030581039755351682, "balance": 0.0030581039755351682, "bidesh": 0.0030581039755351682, "bolento": 0.0030581039755351682, "bolun": 0.0030581039755351682, "can": 0.0030581039755351682, "chai": 0.0030581039755351682, "customer": 0.0030581039755351682, "dan": 0.0030581039755351682, "how": 0.0030581039755351682, "janaben": 0.0030581039755351682, "jananto": 0.0030581039755351682, "jante": 0.0030581039755351682, "kamne": 0.0030581039755351682, "kesu": 0.0030581039755351682, "kintu": 0.0030581039755351682, "kivaba": 0.0030581039755351682, "korte": 0.0030581039755351682, "let": 0.0030581039755351682, "mana": 0.0030581039755351682, "my": 0.0030581039755351682, "na": 0.0030581039755351682, "notun": 0.0030581039755351682, "procedue": 0.0030581039755351682, "seba": 0.0030581039755351682, "sebar": 0.0030581039755351682, "sikahi": 0.0030581039755351682, "somporke": 0.0030581039755351682, "ta": 0.0030581039755351682, "tula": 0.0030581039755351682, "tular": 0.0030581039755351682, "tulmu": 0.0030581039755351682, "user": 0.0030581039755351682, "uthate": 0.0030581039755351682, "vai": 0.0030581039755351682, "your": 0.0030581039755351682, "আপনাদের": 0.0030581039755351682, "আমার": 0.0030581039755351682, "উত্তোলন": 0.0030581039755351682, "উথাব": 0.0030581039755351682, "এটা": 0.0030581039755351682, "এটি": 0.0030581039755351682, "এম": 0.0030581039755351682, "এসেছে": 0.0030581039755351682, "কিছু": 0.0030581039755351682, "ক্যাস": 0.0030581039755351682, "চাচ্ছি": 0.0030581039755351682, "ছালাই": 0.0030581039755351682, "জানাবেন": 0.0030581039755351682, "জানিয়ে": 0.0030581039755351682, "তুলব": 0.0030581039755351682, "তো": 0.0030581039755351682, "দয়া": 0.0030581039755351682, "নতুন": 0.0030581039755351682, "নিতে": 0.0030581039755351682, "বিকাশে": 0.0030581039755351682, "সিস্টেম": 0.0030581039755351682, "সেবা": 0.0030581039755351682, "স্যার": 0.0030581039755351682}