{"bill": 0.06451612903225806, "card": 0.05806451612903226, "বিল": 0.05161290322580645, "ক্রেডিট": 0.041935483870967745, "কার্ডের": 0.03387096774193549, "er": 0.03064516129032258, "বিকাশ": 0.025806451612903226, "credit": 0.024193548387096774, "my": 0.022580645161290325, "থেকে": 0.020967741935483872, "কার্ড": 0.01935483870967742, "ভিসা": 0.01935483870967742, "যায়": 0.017741935483870968, "এর": 0.016129032258064516, "দেয়া": 0.016129032258064516, "কিভাবে": 0.014516129032258065, "deya": 0.012903225806451613, "i": 0.012903225806451613, "jay": 0.012903225806451613, "kon": 0.012903225806451613, "pay": 0.012903225806451613, "procedure": 0.012903225806451613, "how": 0.011290322580645162, "to": 0.011290322580645162, "bkash": 0.00967741935483871, "can": 0.00967741935483871, "visa": 0.00967741935483871, "কোন": 0.00967741935483871, "দিতে": 0.00967741935483871, "দিয়ে": 0.00967741935483871, "amex": 0.008064516129032258, "bolen": 0.008064516129032258, "theke": 0.008064516129032258, "কি": 0.008064516129032258, "দিব": 0.008064516129032258, "প্রদান": 0.008064516129032258, "247": 0.0064516129032258064, "app": 0.0064516129032258064, "are": 0.0064516129032258064, "by": 0.0064516129032258064, "carder": 0.0064516129032258064, "deyar": 0.0064516129032258064, "master": 0.0064516129032258064, "of": 0.0064516129032258064, "system": 0.0064516129032258064, "update": 0.0064516129032258064, "অ্যাপ": 0.0064516129032258064, "করতে": 0.0064516129032258064, "করে": 0.0064516129032258064, "ami": 0.004838709677419355, "dibo": 0.004838709677419355, "dite": 0.004838709677419355, "kivabe": 0.004838709677419355, "needed": 0.004838709677419355, "আমি": 0.004838709677419355, "চাই": 0.004838709677419355, "জানাবেন": 0.004838709677419355, "নিয়ম": 0.004838709677419355, "পারবো": 0.004838709677419355, "পারি": 0.004838709677419355, "যেকোনো": 0.004838709677419355, "লাগে": 0.004838709677419355, "bank": 0.0032258064516129032, "bank's": 0.0032258064516129032, "be": 0.0032258064516129032, "bikash": 0.0032258064516129032, "card's": 0.0032258064516129032, "days": 0.0032258064516129032, "dial": 0.0032258064516129032, "dialing": 0.0032258064516129032, "eligible": 0.0032258064516129032, "from": 0.0032258064516129032, "giving": 0.0032258064516129032, "hoite": 0.0032258064516129032, "kore": 0.0032258064516129032, "kotodin": 0.0032258064516129032, "lage": 0.0032258064516129032, "many": 0.0032258064516129032, "paid": 0.0032258064516129032, "parbo": 0.0032258064516129032, "the": 0.0032258064516129032, "vai": 0.0032258064516129032, "want": 0.0032258064516129032, "whats": 0.0032258064516129032, "which": 0.0032258064516129032, "আপডেট": 0.0032258064516129032, "এমেক্স": 0.0032258064516129032, "কতদিন": 0.0032258064516129032, "জমা": 0.0032258064516129032, "ডায়াল": 0.0032258064516129032, "নাকি": 0.0032258064516129032, "প্রদানের": 0.0032258064516129032, "বলেন": 0.0032258064516129032, "বিস্তারিত": 0.0032258064516129032, "ভাই": 0.0032258064516129032, "মাস্টার": 0.0032258064516129032, "হইতে": 0.0032258064516129032, "হয়": 0.0032258064516129032, "২৪৭": 0.0032258064516129032, "aita": 0.0016129032258064516, "apt": 0.0016129032258064516, "bikas": 0.0016129032258064516, "cadit": 0.0016129032258064516, "chassi": 0.0016129032258064516, "daor": 0.0016129032258064516, "ki": 0.0016129032258064516, "much": 0.0016129032258064516, "possible": 0.0016129032258064516, "process": 0.0016129032258064516, "time": 0.0016129032258064516, "আছেন": 0.0016129032258064516, "আমার": 0.0016129032258064516, "ইনফর্মেশন": 0.0016129032258064516, "একটা": 0.0016129032258064516, "কত": 0.0016129032258064516, "করা": 0.0016129032258064516, "করার": 0.0016129032258064516, "কাডের": 0.0016129032258064516, "জানতে": 0.0016129032258064516, "ডময়": 0.0016129032258064516, "দিবো": 0.0016129032258064516, "দিলে": 0.0016129032258064516, "দেওয়া": 0.0016129032258064516, "পে": 0.0016129032258064516, "বলবেন": 0.0016129032258064516, "বিকসচapp": 0.0016129032258064516, "ভাইয়া": 0.0016129032258064516, "মাধ্যমে": 0.0016129032258064516, "সম্ভব": 0.0016129032258064516, "হতে": 0.0016129032258064516}