{"bill": 0.06704980842911877, "charge": 0.04980842911877395, "card": 0.04597701149425287, "credit": 0.0421455938697318, "চার্জ": 0.038314176245210725, "কত": 0.03256704980842912, "er": 0.028735632183908046, "কার্ডের": 0.02681992337164751, "এর": 0.024904214559386975, "ক্রেডিট": 0.022988505747126436, "koto": 0.0210727969348659, "payment": 0.0210727969348659, "the": 0.0210727969348659, "বিল": 0.0210727969348659, "of": 0.019157088122605363, "কার্ড": 0.017241379310344827, "amex": 0.013409961685823755, "is": 0.013409961685823755, "visa": 0.013409961685823755, "দিতে": 0.013409961685823755, "card's": 0.011494252873563218, "পেমেন্ট": 0.011494252873563218, "বিলের": 0.011494252873563218, "deyar": 0.009578544061302681, "dite": 0.009578544061302681, "limit": 0.009578544061302681, "কোন": 0.009578544061302681, "ক্ষেত্রে": 0.009578544061302681, "টাকা": 0.009578544061302681, "ভিসা": 0.009578544061302681, "carder": 0.007662835249042145, "theke": 0.007662835249042145, "what's": 0.007662835249042145, "are": 0.005747126436781609, "ase": 0.005747126436781609, "i": 0.005747126436781609, "my": 0.005747126436781609, "percent": 0.005747126436781609, "today": 0.005747126436781609, "what": 0.005747126436781609, "আছে": 0.005747126436781609, "আমেরিকান": 0.005747126436781609, "এক্সপ্রেস": 0.005747126436781609, "কোনো": 0.005747126436781609, "দিয়ে": 0.005747126436781609, "ব্যাংক": 0.005747126436781609, "সিটি": 0.005747126436781609, "abar": 0.0038314176245210726, "am": 0.0038314176245210726, "bikash": 0.0038314176245210726, "deya": 0.0038314176245210726, "dile": 0.0038314176245210726, "gele": 0.0038314176245210726, "hoy": 0.0038314176245210726, "jay": 0.0038314176245210726, "kono": 0.0038314176245210726, "koyti": 0.0038314176245210726, "naki": 0.0038314176245210726, "othoba": 0.0038314176245210726, "pay": 0.0038314176245210726, "percentage": 0.0038314176245210726, "same": 0.0038314176245210726, "showing": 0.0038314176245210726, "that": 0.0038314176245210726, "there": 0.0038314176245210726, "to": 0.0038314176245210726, "trying": 0.0038314176245210726, "when": 0.0038314176245210726, "why": 0.0038314176245210726, "আপনাদের": 0.0038314176245210726, "আমাকে": 0.0038314176245210726, "এমেক্স": 0.0038314176245210726, "করলে": 0.0038314176245210726, "করে": 0.0038314176245210726, "কেমন": 0.0038314176245210726, "ক্রেদিত": 0.0038314176245210726, "গেলে": 0.0038314176245210726, "দেয়া": 0.0038314176245210726, "দেয়ার": 0.0038314176245210726, "পর্যন্ত": 0.0038314176245210726, "প্রদানের": 0.0038314176245210726, "যায়": 0.0038314176245210726, "হবে": 0.0038314176245210726, "হাজারে": 0.0038314176245210726, "হয়ে": 0.0038314176245210726, "a": 0.0019157088122605363, "amar": 0.0019157088122605363, "asia": 0.0019157088122605363, "bangla": 0.0019157088122605363, "bank": 0.0019157088122605363, "banker": 0.0019157088122605363, "bhaiya": 0.0019157088122605363, "bkas": 0.0019157088122605363, "bkash": 0.0019157088122605363, "bksh": 0.0019157088122605363, "brac": 0.0019157088122605363, "cardr": 0.0019157088122605363, "card’s": 0.0019157088122605363, "chai": 0.0019157088122605363, "credi": 0.0019157088122605363, "day": 0.0019157088122605363, "ekta": 0.0019157088122605363, "getting": 0.0019157088122605363, "hazare": 0.0019157088122605363, "hoi": 0.0019157088122605363, "if": 0.0019157088122605363, "information": 0.0019157088122605363, "it": 0.0019157088122605363, "jante": 0.0019157088122605363, "kata": 0.0019157088122605363, "kate": 0.0019157088122605363, "katen": 0.0019157088122605363, "ki": 0.0019157088122605363, "kina": 0.0019157088122605363, "korly": 0.0019157088122605363, "korte": 0.0019157088122605363, "lage": 0.0019157088122605363, "lanka": 0.0019157088122605363, "lankabangla": 0.0019157088122605363, "last": 0.0019157088122605363, "porisod": 0.0019157088122605363, "processed": 0.0019157088122605363, "submit": 0.0019157088122605363, "submitting": 0.0019157088122605363, "through": 0.0019157088122605363, "কাটা": 0.0019157088122605363, "কি": 0.0019157088122605363, "জমা": 0.0019157088122605363, "পরিশোধের": 0.0019157088122605363, "পে": 0.0019157088122605363, "ফি": 0.0019157088122605363, "বলেন": 0.0019157088122605363, "বাড়তি": 0.0019157088122605363, "ভাইয়া": 0.0019157088122605363, "হয়": 0.0019157088122605363}