{"dm": 0.05722070844686649, "ki": 0.03814713896457766, "কি": 0.03269754768392371, "ডিসবার্সমেন্ট": 0.021798365122615803, "e": 0.016348773841961855, "আমার": 0.016348773841961855, "এই": 0.016348773841961855, "বিকাশ": 0.016348773841961855, "লিখা": 0.016348773841961855, "bhaiya": 0.013623978201634877, "disbursement": 0.013623978201634877, "mane": 0.013623978201634877, "টাকা": 0.013623978201634877, "পাই": 0.013623978201634877, "etar": 0.010899182561307902, "in": 0.010899182561307902, "is": 0.010899182561307902, "jodi": 0.010899182561307902, "keno": 0.010899182561307902, "what": 0.010899182561307902, "একটু": 0.010899182561307902, "একাউন্ট": 0.010899182561307902, "জানাবেন": 0.010899182561307902, "নামে": 0.010899182561307902, "মানে": 0.010899182561307902, "লেনদেন": 0.010899182561307902, "স্টেটমেন্টে": 0.010899182561307902, "amar": 0.008174386920980927, "bkash": 0.008174386920980927, "bolten": 0.008174386920980927, "dekte": 0.008174386920980927, "er": 0.008174386920980927, "kichu": 0.008174386920980927, "lekha": 0.008174386920980927, "taka": 0.008174386920980927, "একটা": 0.008174386920980927, "এর": 0.008174386920980927, "কিসের": 0.008174386920980927, "জিনিসটা": 0.008174386920980927, "বলবেন": 0.008174386920980927, "বিকাশে": 0.008174386920980927, "বুঝিয়ে": 0.008174386920980927, "account": 0.005449591280653951, "amake": 0.005449591280653951, "diye": 0.005449591280653951, "eitar": 0.005449591280653951, "ekta": 0.005449591280653951, "ektu": 0.005449591280653951, "lenden": 0.005449591280653951, "mani": 0.005449591280653951, "me": 0.005449591280653951, "naam": 0.005449591280653951, "name": 0.005449591280653951, "tell": 0.005449591280653951, "vaiya": 0.005449591280653951, "আমাকে": 0.005449591280653951, "আমি": 0.005449591280653951, "আসে": 0.005449591280653951, "এইটা": 0.005449591280653951, "এইটার": 0.005449591280653951, "কিছু": 0.005449591280653951, "জন্যে": 0.005449591280653951, "ডিসবাসমেন্ট": 0.005449591280653951, "ডিসভার্সমেন্ট": 0.005449591280653951, "ডিসভাসমেন": 0.005449591280653951, "দেকতে": 0.005449591280653951, "দেখতে": 0.005449591280653951, "না": 0.005449591280653951, "বলেন": 0.005449591280653951, "ভাই": 0.005449591280653951, "মানি": 0.005449591280653951, "accoun": 0.0027247956403269754, "ajke": 0.0027247956403269754, "akta": 0.0027247956403269754, "amount": 0.0027247956403269754, "ase": 0.0027247956403269754, "ashche": 0.0027247956403269754, "ashle": 0.0027247956403269754, "ashse": 0.0027247956403269754, "asse": 0.0027247956403269754, "bai": 0.0027247956403269754, "bhai": 0.0027247956403269754, "bhatar": 0.0027247956403269754, "bikash": 0.0027247956403269754, "bolben": 0.0027247956403269754, "bujhlam": 0.0027247956403269754, "bujtesina": 0.0027247956403269754, "debusmen": 0.0027247956403269754, "disbarsment": 0.0027247956403269754, "disbasment": 0.0027247956403269754, "disbursment": 0.0027247956403269754, "does": 0.0027247956403269754, "doya": 0.0027247956403269754, "ei": 0.0027247956403269754, "eita": 0.0027247956403269754, "ekaount": 0.0027247956403269754, "ekhane": 0.0027247956403269754, "eta": 0.0027247956403269754, "exactly": 0.0027247956403269754, "hoyeche": 0.0027247956403269754, "hoyese": 0.0027247956403269754, "hoyse": 0.0027247956403269754, "janaben": 0.0027247956403269754, "janaten": 0.0027247956403269754, "jeno": 0.0027247956403269754, "karon": 0.0027247956403269754, "kintu": 0.0027247956403269754, "kore": 0.0027247956403269754, "lekhata": 0.0027247956403269754, "lendene": 0.0027247956403269754, "likha": 0.0027247956403269754, "matro": 0.0027247956403269754, "mean": 0.0027247956403269754, "meaning": 0.0027247956403269754, "na": 0.0027247956403269754, "of": 0.0027247956403269754, "onek": 0.0027247956403269754, "pai": 0.0027247956403269754, "paitachi": 0.0027247956403269754, "passi": 0.0027247956403269754, "please": 0.0027247956403269754, "sir": 0.0027247956403269754, "sokale": 0.0027247956403269754, "some": 0.0027247956403269754, "something": 0.0027247956403269754, "statement": 0.0027247956403269754, "ta": 0.0027247956403269754, "thakar": 0.0027247956403269754, "thake": 0.0027247956403269754, "the": 0.0027247956403269754, "theke": 0.0027247956403269754, "transactions": 0.0027247956403269754, "vata": 0.0027247956403269754, "why": 0.0027247956403269754, "written": 0.0027247956403269754, "অ্যাপের": 0.0027247956403269754, "আইসে": 0.0027247956403269754, "আছে": 0.0027247956403269754, "আসছে": 0.0027247956403269754, "একাউন্টে": 0.0027247956403269754, "এসেছে": 0.0027247956403269754, "করে": 0.0027247956403269754, "কারণ": 0.0027247956403269754, "কিছুটা": 0.0027247956403269754, "কিন্তু": 0.0027247956403269754, "কেন": 0.0027247956403269754, "কয়ডা": 0.0027247956403269754, "চাই": 0.0027247956403269754, "ছার": 0.0027247956403269754, "জানতে": 0.0027247956403269754, "জানি": 0.0027247956403269754, "টা": 0.0027247956403269754, "ডিসবার্সমেন": 0.0027247956403269754, "ডিসবাসমেন": 0.0027247956403269754, "ডুকসে": 0.0027247956403269754, "ঢুকলে": 0.0027247956403269754, "থাকার": 0.0027247956403269754, "থাকে": 0.0027247956403269754, "দিয়ে": 0.0027247956403269754, "দয়া": 0.0027247956403269754, "নামের": 0.0027247956403269754, "পারিনা": 0.0027247956403269754, "প্রায়ই": 0.0027247956403269754, "বুজতে": 0.0027247956403269754, "বুজায়": 0.0027247956403269754, "বুঝলাম": 0.0027247956403269754, "ভাইয়া": 0.0027247956403269754, "ভাতা": 0.0027247956403269754, "রিবার্সমেন্ট": 0.0027247956403269754, "রিসিব": 0.0027247956403269754, "লিখাটার": 0.0027247956403269754, "লেখা": 0.0027247956403269754, "স্যার": 0.0027247956403269754}