{"bkash": 0.025, "code": 0.021875000000000002, "to": 0.015625, "আমার": 0.015625, "account": 0.0140625, "করে": 0.0140625, "থেকে": 0.0140625, "i": 0.0125, "ki": 0.0125, "my": 0.0125, "pin": 0.0125, "theke": 0.0125, "কল": 0.0125, "বিকাশ": 0.0125, "amar": 0.010937500000000001, "কোড": 0.010937500000000001, "ami": 0.009375, "call": 0.009375, "kore": 0.009375, "a": 0.0078125, "do": 0.0078125, "information": 0.0078125, "jante": 0.0078125, "taka": 0.0078125, "আমি": 0.0078125, "জানতে": 0.0078125, "টাকা": 0.0078125, "পিন": 0.0078125, "naki": 0.00625, "number": 0.00625, "the": 0.00625, "update": 0.00625, "আমাকে": 0.00625, "একাউন্ট": 0.00625, "bole": 0.0046875, "boltese": 0.0046875, "can": 0.0046875, "e": 0.0046875, "er": 0.0046875, "is": 0.0046875, "j": 0.0046875, "jabe": 0.0046875, "know": 0.0046875, "korbo": 0.0046875, "me": 0.0046875, "office": 0.0046875, "ta": 0.0046875, "verification": 0.0046875, "want": 0.0046875, "অফিস": 0.0046875, "আসছে": 0.0046875, "কাছে": 0.0046875, "কি": 0.0046875, "চায়": 0.0046875, "তথ্য": 0.0046875, "দিবে": 0.0046875, "দিয়ে": 0.0046875, "না": 0.0046875, "নাম্বার": 0.0046875, "বলে": 0.0046875, "access": 0.003125, "akta": 0.003125, "am": 0.003125, "amak": 0.003125, "and": 0.003125, "are": 0.003125, "ase": 0.003125, "be": 0.003125, "bollo": 0.003125, "chay": 0.003125, "ekta": 0.003125, "fraud": 0.003125, "from": 0.003125, "hobe": 0.003125, "if": 0.003125, "in": 0.003125, "it": 0.003125, "je": 0.003125, "jodi": 0.003125, "kono": 0.003125, "kora": 0.003125, "korte": 0.003125, "last": 0.003125, "lok": 0.003125, "msg": 0.003125, "need": 0.003125, "of": 0.003125, "on": 0.003125, "or": 0.003125, "otp": 0.003125, "phn": 0.003125, "said": 0.003125, "share": 0.003125, "should": 0.003125, "someone": 0.003125, "sthe": 0.003125, "website": 0.003125, "you": 0.003125, "এ": 0.003125, "এই": 0.003125, "একজন": 0.003125, "এর": 0.003125, "ওরা": 0.003125, "করতে": 0.003125, "করি": 0.003125, "কিছু": 0.003125, "চাইছে": 0.003125, "চাচ্ছে": 0.003125, "জন্য": 0.003125, "নাকি": 0.003125, "ফোন": 0.003125, "বার": 0.003125, "যদি": 0.003125, "শেয়ার": 0.003125, "হালনাগাদ": 0.003125, "+": 0.0015625, "able": 0.0015625, "accounter": 0.0015625, "accounts": 0.0015625, "achse": 0.0015625, "age": 0.0015625, "agent": 0.0015625, "ak": 0.0015625, "akti": 0.0015625, "also": 0.0015625, "amake": 0.0015625, "amito": 0.0015625, "amr": 0.0015625, "any": 0.0015625, "anyone": 0.0015625, "apnar": 0.0015625, "apnr": 0.0015625, "apu": 0.0015625, "ashche": 0.0015625, "ashenai": 0.0015625, "aske": 0.0015625, "asked": 0.0015625, "ba": 0.0015625, "bangla": 0.0015625, "been": 0.0015625, "blocked": 0.0015625, "bolche": 0.0015625, "bolechilo": 0.0015625, "boltesey": 0.0015625, "bonbo": 0.0015625, "cacche": 0.0015625, "caise": 0.0015625, "called": 0.0015625, "cash-in": 0.0015625, "cash-out": 0.0015625, "cay": 0.0015625, "chaile": 0.0015625, "chakri": 0.0015625, "chara": 0.0015625, "check": 0.0015625, "chole": 0.0015625, "close": 0.0015625, "comillar": 0.0015625, "dei": 0.0015625, "dekhtesi": 0.0015625, "den": 0.0015625, "dessey": 0.0015625, "deyar": 0.0015625, "deye": 0.0015625, "dicce": 0.0015625, "dicilo": 0.0015625, "digits": 0.0015625, "dilo": 0.0015625, "dite": 0.0015625, "does": 0.0015625, "dokan": 0.0015625, "dont": 0.0015625, "doya": 0.0015625, "dukailei": 0.0015625, "dum": 0.0015625, "duyechi": 0.0015625, "ei": 0.0015625, "ekhn": 0.0015625, "esechilo": 0.0015625, "explain": 0.0015625, "feaud": 0.0015625, "ge": 0.0015625, "get": 0.0015625, "getting": 0.0015625, "given": 0.0015625, "gotokal": 0.0015625, "group": 0.0015625, "guys": 0.0015625, "have": 0.0015625, "he": 0.0015625, "hello": 0.0015625, "hoisa": 0.0015625, "holy": 0.0015625, "hoy": 0.0015625, "hoye": 0.0015625, "hoyeche": 0.0015625, "info": 0.0015625, "ja": 0.0015625, "janano": 0.0015625, "jog": 0.0015625, "jon": 0.0015625, "jonno": 0.0015625, "kaok": 0.0015625, "kase": 0.0015625, "kau": 0.0015625, "keno": 0.0015625, "keo": 0.0015625, "kete": 0.0015625, "keu": 0.0015625, "khoner": 0.0015625, "kicchukhon": 0.0015625, "kintu": 0.0015625, "kisu": 0.0015625, "knows": 0.0015625, "kotha": 0.0015625, "like": 0.0015625, "looks": 0.0015625, "message": 0.0015625, "moddei": 0.0015625, "mone": 0.0015625, "nai": 0.0015625, "nambare": 0.0015625, "new": 0.0015625, "night": 0.0015625, "nite": 0.0015625, "not": 0.0015625, "ofice": 0.0015625, "onudan": 0.0015625, "our": 0.0015625, "parbe": 0.0015625, "pathate": 0.0015625, "peoples’": 0.0015625, "phone": 0.0015625, "pincode": 0.0015625, "please": 0.0015625, "plz": 0.0015625, "problem": 0.0015625, "raat": 0.0015625, "regarding": 0.0015625, "sathe": 0.0015625, "scam": 0.0015625, "scheme": 0.0015625, "sent": 0.0015625, "seta": 0.0015625, "shareable": 0.0015625, "shared": 0.0015625, "shondar": 0.0015625, "shonkha": 0.0015625, "sms": 0.0015625, "somoy": 0.0015625, "sorkar": 0.0015625, "spaming": 0.0015625, "sthogit": 0.0015625, "stop": 0.0015625, "tara": 0.0015625, "that": 0.0015625, "their": 0.0015625, "thik": 0.0015625, "think": 0.0015625, "this": 0.0015625, "ti": 0.0015625, "tk": 0.0015625, "tokhn": 0.0015625, "transaction": 0.0015625, "trying": 0.0015625, "varificaton": 0.0015625, "vule": 0.0015625, "wants": 0.0015625, "what": 0.0015625, "who": 0.0015625, "with": 0.0015625, "your": 0.0015625, "অফিশ": 0.0015625, "আপনাদের": 0.0015625, "আবার": 0.0015625, "আসে": 0.0015625, "উনার": 0.0015625, "উপবৃত্তি": 0.0015625, "এইমাত্র": 0.0015625, "একজনে": 0.0015625, "একটা": 0.0015625, "একটি": 0.0015625, "একবার": 0.0015625, "এবং": 0.0015625, "ওটিপি": 0.0015625, "করছে": 0.0015625, "করলাম": 0.0015625, "করেছিল": 0.0015625, "কালকে": 0.0015625, "কেও": 0.0015625, "কোরে": 0.0015625, "চেষ্টা": 0.0015625, "চেয়েছিল": 0.0015625, "ছিল": 0.0015625, "জানে": 0.0015625, "জি": 0.0015625, "টা": 0.0015625, "ত": 0.0015625, "তা": 0.0015625, "তাদের": 0.0015625, "তার": 0.0015625, "তাহলে": 0.0015625, "দিব": 0.0015625, "দিয়ে": 0.0015625, "দিলে": 0.0015625, "দেইনাই": 0.0015625, "নম্বর": 0.0015625, "নাই": 0.0015625, "নাম্বারে": 0.0015625, "নিতে": 0.0015625, "নেওয়ার": 0.0015625, "পারবে": 0.0015625, "প্রতরণা": 0.0015625, "প্রতারক": 0.0015625, "প্রবলেম": 0.0015625, "ফেরত": 0.0015625, "বন্ধ": 0.0015625, "বলতেছে": 0.0015625, "বলতেসে": 0.0015625, "বললেন": 0.0015625, "বিকাশে": 0.0015625, "বিকাশের": 0.0015625, "ভুল": 0.0015625, "মেসেজ": 0.0015625, "যাচ্চে": 0.0015625, "যোগাযোগ": 0.0015625, "লক": 0.0015625, "লিমিট": 0.0015625, "লেনদেনের": 0.0015625, "লোক": 0.0015625, "সাথে": 0.0015625, "সেন্ডমানি": 0.0015625, "হয়": 0.0015625}