{"number": 0.050318922749822824, "আপনাদের": 0.026222537207654148, "নাম্বার": 0.024096385542168672, "কথা": 0.023387668320340182, "call": 0.0219702338766832, "ta": 0.02126151665485471, "apnader": 0.02055279943302622, "help": 0.01771793054571226, "care": 0.01559177888022679, "বিকাশ": 0.014174344436569808, "সাথে": 0.014174344436569808, "কল": 0.013465627214741318, "বলতে": 0.013465627214741318, "line": 0.012756909992912829, "টা": 0.012756909992912829, "bkash": 0.012048192771084336, "den": 0.012048192771084336, "er": 0.012048192771084336, "দেন": 0.012048192771084336, "kotha": 0.011339475549255846, "customer": 0.010630758327427355, "চাই": 0.010630758327427355, "bolte": 0.008504606661941885, "আমি": 0.008504606661941885, "কি": 0.008504606661941885, "ki": 0.007795889440113395, "কাস্টমার": 0.007795889440113395, "হেল্প": 0.007795889440113395, "center": 0.007087172218284904, "helpline": 0.007087172218284904, "hotline": 0.007087172218284904, "me": 0.007087172218284904, "plz": 0.006378454996456414, "সরাসরি": 0.006378454996456414, "a": 0.005669737774627923, "chai": 0.005669737774627923, "give": 0.005669737774627923, "i": 0.005669737774627923, "need": 0.005669737774627923, "কত": 0.005669737774627923, "কোন": 0.005669737774627923, "দিন": 0.005669737774627923, "লাইন": 0.005669737774627923, "can": 0.004961020552799433, "contact": 0.004961020552799433, "koto": 0.004961020552799433, "no": 0.004961020552799433, "service": 0.004961020552799433, "এর": 0.004961020552799433, "কিভাবে": 0.004961020552799433, "নাম্বারে": 0.004961020552799433, "বলার": 0.004961020552799433, "স্যার": 0.004961020552799433, "ami": 0.004252303330970942, "dan": 0.004252303330970942, "nmbr": 0.004252303330970942, "phn": 0.004252303330970942, "to": 0.004252303330970942, "করতে": 0.004252303330970942, "কেয়ার": 0.004252303330970942, "নম্বর": 0.004252303330970942, "যাবে": 0.004252303330970942, "ar": 0.003543586109142452, "please": 0.003543586109142452, "থেকে": 0.003543586109142452, "16247": 0.0028348688873139614, "apnar": 0.0028348688873139614, "customar": 0.0028348688873139614, "din": 0.0028348688873139614, "e": 0.0028348688873139614, "kon": 0.0028348688873139614, "namber": 0.0028348688873139614, "phone": 0.0028348688873139614, "sathe": 0.0028348688873139614, "u": 0.0028348688873139614, "ur": 0.0028348688873139614, "অফিসের": 0.0028348688873139614, "আছে": 0.0028348688873139614, "আপনার": 0.0028348688873139614, "আমার": 0.0028348688873139614, "করার": 0.0028348688873139614, "পারি": 0.0028348688873139614, "ফোনে": 0.0028348688873139614, "bolar": 0.002126151665485471, "bolbo": 0.002126151665485471, "centre": 0.002126151665485471, "hi": 0.002126151665485471, "jabe": 0.002126151665485471, "korbo": 0.002126151665485471, "kota": 0.002126151665485471, "nambar": 0.002126151665485471, "pls": 0.002126151665485471, "shathe": 0.002126151665485471, "sir": 0.002126151665485471, "support": 0.002126151665485471, "talk": 0.002126151665485471, "you": 0.002126151665485471, "আমাকে": 0.002126151665485471, "এ": 0.002126151665485471, "একটু": 0.002126151665485471, "করব": 0.002126151665485471, "কেয়ারে": 0.002126151665485471, "জন্য": 0.002126151665485471, "দেওয়া": 0.002126151665485471, "ফোন": 0.002126151665485471, "বলবো": 0.002126151665485471, "যোগাযোগ": 0.002126151665485471, "সমস্যা": 0.002126151665485471, "সেন্টারে": 0.002126151665485471, "হয়": 0.002126151665485471, "amar": 0.0014174344436569807, "any": 0.0014174344436569807, "apnadar": 0.0014174344436569807, "apnade": 0.0014174344436569807, "apnr": 0.0014174344436569807, "bkas": 0.0014174344436569807, "castomar": 0.0014174344436569807, "castomer": 0.0014174344436569807, "chay": 0.0014174344436569807, "coustomer": 0.0014174344436569807, "customers": 0.0014174344436569807, "datay": 0.0014174344436569807, "dhatay": 0.0014174344436569807, "diben": 0.0014174344436569807, "digit": 0.0014174344436569807, "diye": 0.0014174344436569807, "have": 0.0014174344436569807, "hoy": 0.0014174344436569807, "jaba": 0.0014174344436569807, "konta": 0.0014174344436569807, "lagbe": 0.0014174344436569807, "nambur": 0.0014174344436569807, "nombor": 0.0014174344436569807, "office": 0.0014174344436569807, "pari": 0.0014174344436569807, "problem": 0.0014174344436569807, "sata": 0.0014174344436569807, "sate": 0.0014174344436569807, "sorasori": 0.0014174344436569807, "tk": 0.0014174344436569807, "vabe": 0.0014174344436569807, "অফিস": 0.0014174344436569807, "আলাইকুম": 0.0014174344436569807, "আসসালামু": 0.0014174344436569807, "এই": 0.0014174344436569807, "এটা": 0.0014174344436569807, "করা": 0.0014174344436569807, "করে": 0.0014174344436569807, "কেয়ার": 0.0014174344436569807, "চাচ্ছি": 0.0014174344436569807, "টাকা": 0.0014174344436569807, "তো": 0.0014174344436569807, "দিয়ে": 0.0014174344436569807, "নাম্বারটা": 0.0014174344436569807, "নাম্বারটি": 0.0014174344436569807, "বলব": 0.0014174344436569807, "বলা": 0.0014174344436569807, "বিকাশে": 0.0014174344436569807, "মাধ্যমে": 0.0014174344436569807, "লাইনে": 0.0014174344436569807, "সেন্টার": 0.0014174344436569807, "সেবা": 0.0014174344436569807, "হয়েছিল": 0.0014174344436569807, "হেল্পলাইনে": 0.0014174344436569807, "aaholey": 0.0007087172218284903, "aassalamu": 0.0007087172218284903, "acha": 0.0007087172218284903, "again": 0.0007087172218284903, "agent": 0.0007087172218284903, "akon": 0.0007087172218284903, "alaikum": 0.0007087172218284903, "apna": 0.0007087172218284903, "apnder": 0.0007087172218284903, "apndr": 0.0007087172218284903, "apner": 0.0007087172218284903, "apni": 0.0007087172218284903, "apnndar": 0.0007087172218284903, "aponader": 0.0007087172218284903, "apu": 0.0007087172218284903, "ase": 0.0007087172218284903, "assalamualikum": 0.0007087172218284903, "ato": 0.0007087172218284903, "audio": 0.0007087172218284903, "baksh": 0.0007087172218284903, "baniye": 0.0007087172218284903, "bar": 0.0007087172218284903, "bikas": 0.0007087172218284903, "bikash": 0.0007087172218284903, "bkah": 0.0007087172218284903, "bkhas": 0.0007087172218284903, "bksh": 0.0007087172218284903, "blbo": 0.0007087172218284903, "bola": 0.0007087172218284903, "bolci": 0.0007087172218284903, "boli": 0.0007087172218284903, "boltey": 0.0007087172218284903, "brother": 0.0007087172218284903, "buka": 0.0007087172218284903, "but": 0.0007087172218284903, "cai": 0.0007087172218284903, "cay": 0.0007087172218284903, "centar": 0.0007087172218284903, "chachi": 0.0007087172218284903, "cll": 0.0007087172218284903, "contect": 0.0007087172218284903, "contuct": 0.0007087172218284903, "daba": 0.0007087172218284903, "daua": 0.0007087172218284903, "day": 0.0007087172218284903, "dben": 0.0007087172218284903, "debo": 0.0007087172218284903, "deoya": 0.0007087172218284903, "deya": 0.0007087172218284903, "diban": 0.0007087172218284903, "dibo": 0.0007087172218284903, "direct": 0.0007087172218284903, "dita": 0.0007087172218284903, "do": 0.0007087172218284903, "dorkar": 0.0007087172218284903, "driver": 0.0007087172218284903, "ek": 0.0007087172218284903, "emergency": 0.0007087172218284903, "for": 0.0007087172218284903, "g": 0.0007087172218284903, "gese": 0.0007087172218284903, "head": 0.0007087172218284903, "him": 0.0007087172218284903, "hlf": 0.0007087172218284903, "hlw": 0.0007087172218284903, "hobe": 0.0007087172218284903, "hoitasay": 0.0007087172218284903, "hot": 0.0007087172218284903, "hoto": 0.0007087172218284903, "how": 0.0007087172218284903, "imo": 0.0007087172218284903, "jabey": 0.0007087172218284903, "jabs": 0.0007087172218284903, "jana": 0.0007087172218284903, "jba": 0.0007087172218284903, "jbe": 0.0007087172218284903, "ji": 0.0007087172218284903, "jodi": 0.0007087172218284903, "jogajog": 0.0007087172218284903, "jon": 0.0007087172218284903, "jonno": 0.0007087172218284903, "ka": 0.0007087172218284903, "kamny": 0.0007087172218284903, "karo": 0.0007087172218284903, "kata": 0.0007087172218284903, "kau": 0.0007087172218284903, "khota": 0.0007087172218284903, "kibhabe": 0.0007087172218284903, "kindly": 0.0007087172218284903, "kindy": 0.0007087172218284903, "know": 0.0007087172218284903, "koi": 0.0007087172218284903,