{"interest": 0.05184174624829468, "বন্ধ": 0.04092769440654843, "i": 0.03137789904502047, "আমি": 0.03137789904502047, "আমার": 0.030013642564802184, "করতে": 0.028649386084583905, "bkash": 0.027285129604365622, "ইন্টারেস্ট": 0.02592087312414734, "off": 0.02319236016371078, "চাই": 0.02319236016371078, "my": 0.019099590723055938, "বিকাশ": 0.019099590723055938, "to": 0.017735334242837655, "account": 0.01637107776261937, "how": 0.01637107776261937, "stop": 0.01637107776261937, "want": 0.013642564802182811, "একাউন্ট": 0.013642564802182811, "সুদ": 0.013642564802182811, "করে": 0.012278308321964531, "থেকে": 0.010914051841746248, "korte": 0.009549795361527969, "চাচ্ছি": 0.009549795361527969, "ami": 0.008185538881309686, "can": 0.008185538881309686, "amar": 0.0068212824010914054, "from": 0.0068212824010914054, "getting": 0.0068212824010914054, "of": 0.0068212824010914054, "অপশন": 0.0068212824010914054, "এর": 0.0068212824010914054, "any": 0.005457025920873124, "er": 0.005457025920873124, "free": 0.005457025920873124, "in": 0.005457025920873124, "option": 0.005457025920873124, "ta": 0.005457025920873124, "একাউন্টে": 0.005457025920873124, "কি": 0.005457025920873124, "কিভাবে": 0.005457025920873124, "না": 0.005457025920873124, "বিকাশে": 0.005457025920873124, "মুক্ত": 0.005457025920873124, "ata": 0.004092769440654843, "do": 0.004092769440654843, "kind": 0.004092769440654843, "করা": 0.004092769440654843, "করার": 0.004092769440654843, "কিন্তু": 0.004092769440654843, "জন্য": 0.004092769440654843, "দিন": 0.004092769440654843, "বিকাশের": 0.004092769440654843, "যে": 0.004092769440654843, "সুদের": 0.004092769440654843, "হয়েছে": 0.004092769440654843, "a": 0.002728512960436562, "am": 0.002728512960436562, "caina": 0.002728512960436562, "chai": 0.002728512960436562, "don't": 0.002728512960436562, "for": 0.002728512960436562, "intarest": 0.002728512960436562, "it": 0.002728512960436562, "kivabe": 0.002728512960436562, "korbo": 0.002728512960436562, "kore": 0.002728512960436562, "korun": 0.002728512960436562, "make": 0.002728512960436562, "money": 0.002728512960436562, "munafa": 0.002728512960436562, "need": 0.002728512960436562, "not": 0.002728512960436562, "on": 0.002728512960436562, "please": 0.002728512960436562, "service": 0.002728512960436562, "this": 0.002728512960436562, "অপশনটা": 0.002728512960436562, "অফ": 0.002728512960436562, "আপনারা": 0.002728512960436562, "আসে": 0.002728512960436562, "এ": 0.002728512960436562, "এই": 0.002728512960436562, "করবো": 0.002728512960436562, "কিনা": 0.002728512960436562, "কোনো": 0.002728512960436562, "গ্রহন": 0.002728512960436562, "জানতে": 0.002728512960436562, "দেন": 0.002728512960436562, "নাই": 0.002728512960436562, "নাম্বার": 0.002728512960436562, "মুনাফা": 0.002728512960436562, "সুদমুক্ত": 0.002728512960436562, "সুধ": 0.002728512960436562, "সেটা": 0.002728512960436562, "সেবা": 0.002728512960436562, "activity": 0.001364256480218281, "actually": 0.001364256480218281, "add": 0.001364256480218281, "amk": 0.001364256480218281, "amr": 0.001364256480218281, "and": 0.001364256480218281, "apnara": 0.001364256480218281, "ar": 0.001364256480218281, "balance": 0.001364256480218281, "bhondo": 0.001364256480218281, "bolen": 0.001364256480218281, "bondho": 0.001364256480218281, "bondo": 0.001364256480218281, "but": 0.001364256480218281, "cacchi": 0.001364256480218281, "chacchi": 0.001364256480218281, "chacci": 0.001364256480218281, "chaina": 0.001364256480218281, "chi": 0.001364256480218281, "could": 0.001364256480218281, "den": 0.001364256480218281, "deoaa": 0.001364256480218281, "dicen": 0.001364256480218281, "dile": 0.001364256480218281, "discontinue": 0.001364256480218281, "dont": 0.001364256480218281, "don’t": 0.001364256480218281, "ferot": 0.001364256480218281, "gorohon": 0.001364256480218281, "hoy": 0.001364256480218281, "hyece": 0.001364256480218281, "im": 0.001364256480218281, "interested": 0.001364256480218281, "interst": 0.001364256480218281, "intetest": 0.001364256480218281, "intrest": 0.001364256480218281, "j": 0.001364256480218281, "jei": 0.001364256480218281, "ke": 0.001364256480218281, "ki": 0.001364256480218281, "kibhabe": 0.001364256480218281, "kivhabe": 0.001364256480218281, "kono": 0.001364256480218281, "kora": 0.001364256480218281, "krbo": 0.001364256480218281, "me": 0.001364256480218281, "mony": 0.001364256480218281, "nen": 0.001364256480218281, "nite": 0.001364256480218281, "no": 0.001364256480218281, "oftion": 0.001364256480218281, "profit": 0.001364256480218281, "receiving": 0.001364256480218281, "receving": 0.001364256480218281, "rekhe": 0.001364256480218281, "sai": 0.001364256480218281, "set": 0.001364256480218281, "seta": 0.001364256480218281, "shudh": 0.001364256480218281, "stopped": 0.001364256480218281, "sudh": 0.001364256480218281, "survice": 0.001364256480218281, "system": 0.001364256480218281, "taka": 0.001364256480218281, "take": 0.001364256480218281, "the": 0.001364256480218281, "theke": 0.001364256480218281, "through": 0.001364256480218281, "tk": 0.001364256480218281, "tuita": 0.001364256480218281, "turn": 0.001364256480218281, "turning": 0.001364256480218281, "type": 0.001364256480218281, "vabe": 0.001364256480218281, "vai": 0.001364256480218281, "wallet": 0.001364256480218281, "wants": 0.001364256480218281, "wat": 0.001364256480218281, "why": 0.001364256480218281, "zay": 0.001364256480218281, "ze": 0.001364256480218281, "অতিরিক্ত": 0.001364256480218281, "অনুরোধ": 0.001364256480218281, "অপন": 0.001364256480218281, "আইডিটি": 0.001364256480218281, "আগে": 0.001364256480218281, "আছে": 0.001364256480218281, "আসা": 0.001364256480218281, "আসার": 0.001364256480218281, "ইন্টারেস্টেড": 0.001364256480218281, "ইন্তেরেস্ট": 0.001364256480218281, "ইসলামিক": 0.001364256480218281, "উপর": 0.001364256480218281, "একটা": 0.001364256480218281, "একটু": 0.001364256480218281, "একাউন্টটি": 0.001364256480218281, "একাউন্টের": 0.001364256480218281, "এখনো": 0.001364256480218281, "এটা": 0.001364256480218281, "এটি": 0.001364256480218281, "এত": 0.001364256480218281, "ওইটা": 0.001364256480218281, "ওরা": 0.001364256480218281, "কঠিন": 0.001364256480218281, "কনসেন্ট": 0.001364256480218281, "করেছি": 0.001364256480218281, "করেছিলাম": 0.001364256480218281, "করেতে": 0.001364256480218281, "কাইন্ডলি": 0.001364256480218281, "কে": 0.001364256480218281, "কেন": 0.001364256480218281, "কোন": 0.001364256480218281, "খুলেছিলাম": 0.001364256480218281, "খোলা": 0.001364256480218281, "গ্রহণ": 0.001364256480218281, "চাইতেছি": 0.001364256480218281, "চাইনা": 0.001364256480218281, "চালু": 0.001364256480218281, "ছাড়াই": 0.001364256480218281, "জঘন্য": 0.001364256480218281, "জমানো": 0.001364256480218281, "জিনিশ": 0.001364256480218281, "টাকার": 0.001364256480218281, "টামম": 0.001364256480218281, "টি": 0.001364256480218281, "দিয়েছি": 0.001364256480218281, "দিয়েছেন": 0.001364256480218281, "দয়া": 0.001364256480218281, "নগদ": 0.001364256480218281, "নামে": 0.001364256480218281, "নাম্বারে": 0.001364256480218281, "নিতে": 0.001364256480218281, "নিশ্চায়ন": 0.001364256480218281, "নিয়ম": 0.001364256480218281, "পাই": 0.001364256480218281, "বন্ধের": 0.001364256480218281, "বার্তা": 0.001364256480218281, "বিকাশটা": 0.001364256480218281, "বিকাসের": 0.001364256480218281, "ব্যাপারটা": 0.001364256480218281, "ভাই": 0.001364256480218281, "মত": 0.001364256480218281, "যাবে": 0.001364256480218281, "যায়": 0.001364256480218281, "যেটাকে": 0.001364256480218281, "যোগাযোগ": 0.001364256480218281, "রকম": 0.001364256480218281, "রাখতে": 0.001364256480218281, "রিকুয়েষ্ট": 0.001364256480218281, "লাগবে": 0.001364256480218281, "সহজ": 0.001364256480218281, "সার্ভিস": 0.001364256480218281, "সিওর": 0.001364256480218281, "সেভিং": 0.001364256480218281, "হতে": 0.001364256480218281, "হবে": 0.001364256480218281, "হবো": 0.001364256480218281, "হেল্পলাইনে": 0.001364256480218281, "্চাই": 0.001364256480218281}