{"টাকা": 0.042682926829268296, "বিকাশে": 0.03048780487804878, "interest": 0.029268292682926828, "bkash": 0.024390243902439022, "কি": 0.021951219512195124, "a": 0.020731707317073172, "taka": 0.01707317073170732, "কত": 0.015853658536585366, "মুনাফা": 0.015853658536585366, "রাখলে": 0.014634146341463414, "koto": 0.013414634146341463, "pabo": 0.013414634146341463, "আমি": 0.013414634146341463, "ami": 0.012195121951219511, "tk": 0.012195121951219511, "ইন্টারেস্ট": 0.012195121951219511, "বিকাশ": 0.012195121951219511, "লাভ": 0.012195121951219511, "intarest": 0.010975609756097562, "ki": 0.010975609756097562, "চাই": 0.010975609756097562, "জমা": 0.010975609756097562, "e": 0.00975609756097561, "পাব": 0.00975609756097561, "munafa": 0.00853658536585366, "account": 0.007317073170731707, "er": 0.007317073170731707, "amar": 0.0060975609756097554, "kono": 0.0060975609756097554, "to": 0.0060975609756097554, "upor": 0.0060975609756097554, "পাবো": 0.0060975609756097554, "kobe": 0.004878048780487805, "na": 0.004878048780487805, "pete": 0.004878048780487805, "rakhle": 0.004878048780487805, "আছে": 0.004878048780487805, "আমার": 0.004878048780487805, "এ": 0.004878048780487805, "একাউন্টে": 0.004878048780487805, "এর": 0.004878048780487805, "কেন": 0.004878048780487805, "জানতে": 0.004878048780487805, "না": 0.004878048780487805, "পাওয়া": 0.004878048780487805, "amr": 0.0036585365853658534, "ase": 0.0036585365853658534, "chai": 0.0036585365853658534, "dewa": 0.0036585365853658534, "how": 0.0036585365853658534, "i": 0.0036585365853658534, "joma": 0.0036585365853658534, "kivabe": 0.0036585365853658534, "month": 0.0036585365853658534, "monthly": 0.0036585365853658534, "ta": 0.0036585365853658534, "takar": 0.0036585365853658534, "এবং": 0.0036585365853658534, "কখন": 0.0036585365853658534, "কী": 0.0036585365853658534, "কোন": 0.0036585365853658534, "জমালে": 0.0036585365853658534, "থাকলে": 0.0036585365853658534, "দেয়": 0.0036585365853658534, "পর": 0.0036585365853658534, "প্রফিট": 0.0036585365853658534, "যাবে": 0.0036585365853658534, "সুদ": 0.0036585365853658534, "acount": 0.0024390243902439024, "ar": 0.0024390243902439024, "bikas": 0.0024390243902439024, "bikash": 0.0024390243902439024, "cai": 0.0024390243902439024, "day": 0.0024390243902439024, "every": 0.0024390243902439024, "hoy": 0.0024390243902439024, "if": 0.0024390243902439024, "jai": 0.0024390243902439024, "keep": 0.0024390243902439024, "kkn": 0.0024390243902439024, "kore": 0.0024390243902439024, "korte": 0.0024390243902439024, "lakh": 0.0024390243902439024, "masar": 0.0024390243902439024, "mash": 0.0024390243902439024, "much": 0.0024390243902439024, "ni": 0.0024390243902439024, "niyom": 0.0024390243902439024, "paowar": 0.0024390243902439024, "pawa": 0.0024390243902439024, "rakla": 0.0024390243902439024, "receive": 0.0024390243902439024, "sir": 0.0024390243902439024, "somporke": 0.0024390243902439024, "tar": 0.0024390243902439024, "theke": 0.0024390243902439024, "অপশন": 0.0024390243902439024, "উপর": 0.0024390243902439024, "এক": 0.0024390243902439024, "করে": 0.0024390243902439024, "কিন্তু": 0.0024390243902439024, "কিভাবে": 0.0024390243902439024, "চালু": 0.0024390243902439024, "টা": 0.0024390243902439024, "তাহলে": 0.0024390243902439024, "থেকে": 0.0024390243902439024, "দেই": 0.0024390243902439024, "দেওয়া": 0.0024390243902439024, "দেয়": 0.0024390243902439024, "পাওয়া": 0.0024390243902439024, "পেতে": 0.0024390243902439024, "প্রতি": 0.0024390243902439024, "বছর": 0.0024390243902439024, "বছরে": 0.0024390243902439024, "বলবেন": 0.0024390243902439024, "বেশি": 0.0024390243902439024, "মাস": 0.0024390243902439024, "মাসে": 0.0024390243902439024, "যদি": 0.0024390243902439024, "যায়": 0.0024390243902439024, "যে": 0.0024390243902439024, "রাখতে": 0.0024390243902439024, "রাখি": 0.0024390243902439024, "লেনদেন": 0.0024390243902439024, "সম্পর্কে": 0.0024390243902439024, "সুবিধা": 0.0024390243902439024, "স্যার": 0.0024390243902439024, "হবে": 0.0024390243902439024, "হাজারে": 0.0024390243902439024, "হয়": 0.0024390243902439024, "aca": 0.0012195121951219512, "accont": 0.0012195121951219512, "accounte": 0.0012195121951219512, "ace": 0.0012195121951219512, "activate": 0.0012195121951219512, "akhn": 0.0012195121951219512, "akhono": 0.0012195121951219512, "amak": 0.0012195121951219512, "amake": 0.0012195121951219512, "amami": 0.0012195121951219512, "ame": 0.0012195121951219512, "anader": 0.0012195121951219512, "apps": 0.0012195121951219512, "as": 0.0012195121951219512, "august": 0.0012195121951219512, "ba": 0.0012195121951219512, "baksh": 0.0012195121951219512, "bar": 0.0012195121951219512, "bekasa": 0.0012195121951219512, "bikase": 0.0012195121951219512, "bksh": 0.0012195121951219512, "bochore": 0.0012195121951219512, "bocore": 0.0012195121951219512, "bonus": 0.0012195121951219512, "cacci": 0.0012195121951219512, "caitesi": 0.0012195121951219512, "calu": 0.0012195121951219512, "chacchi": 0.0012195121951219512, "chalu": 0.0012195121951219512, "dae": 0.0012195121951219512, "daya": 0.0012195121951219512, "deba": 0.0012195121951219512, "dei": 0.0012195121951219512, "deoya": 0.0012195121951219512, "dey": 0.0012195121951219512, "diben": 0.0012195121951219512, "do": 0.0012195121951219512, "ei": 0.0012195121951219512, "entares": 0.0012195121951219512, "exactly": 0.0012195121951219512, "get": 0.0012195121951219512, "give": 0.0012195121951219512, "hajara": 0.0012195121951219512, "hisab": 0.0012195121951219512, "hobe": 0.0012195121951219512, "hosse": 0.0012195121951219512, "hova": 0.0012195121951219512, "hoyni": 0.0012195121951219512, "in": 0.0012195121951219512, "intares": 0.0012195121951219512, "interst": 0.0012195121951219512, "intres": 0.0012195121951219512, "intrest": 0.0012195121951219512, "i’ll": 0.0012195121951219512, "jabe": 0.0012195121951219512, "janaben": 0.0012195121951219512, "jante": 0.0012195121951219512, "january": 0.0012195121951219512, "jba": 0.0012195121951219512, "jbe": 0.0012195121951219512, "jeta": 0.0012195121951219512, "jomai": 0.0012195121951219512, "jomale": 0.0012195121951219512, "jomano": 0.0012195121951219512, "jomanu": 0.0012195121951219512, "judi": 0.0012195121951219512, "keno": 0.0012195121951219512, "kiabe": 0.0012195121951219512, "kintu": 0.0012195121951219512, "kno": 0.0012195121951219512, "kre": 0.0012195121951219512, "krle": 0.0012195121951219512, "krte": 0.0012195121951219512, "kto": 0.0012195121951219512, "lab": 0.0012195121951219512, "lac": 0.0012195121951219512, "lak": 0.0012195121951219512, "lkh": 0.0012195121951219512, "mane": 0.0012195121951219512, "manth": 0.0012195121951219512, "masa": 0.0012195121951219512, "monafa": 0.0012195121951219512, "nah": 0.0012195121951219512, "naki": 0.0012195121951219512, "nijer": 0.0012195121951219512, "no": 0.0012195121951219512, "numbere": 0.0012195121951219512, "on": 0.0012195121951219512, "option": 0.0012195121951219512, "ota": 0.0012195121951219512, "pacchina": 0.0012195121951219512, "pai": 0.0012195121951219512, "pailam": 0.0012195121951219512, "paoa": 0.0012195121951219512, "paoya": 0.0012195121951219512, "pari": 0.0012195121951219512, "paua": 0.0012195121951219512, "pavo": 0.0012195121951219512, "pelam": 0.0012195121951219512, "pi": 0.0012195121951219512, "profit": 0.0012195121951219512, "proti": 0.0012195121951219512, "r": 0.0012195121951219512, "rakchi": 0.0012195121951219512, "rakha": 0.0012195121951219512, "rakhte": 0.0012195121951219512, "raki": 0.0012195121951219512, "reat": 0.0012195121951219512, "sas": 0.0012195121951219512, "service": 0.0012195121951219512, "sevings": 0.0012195121951219512, "sud": 0.0012195121951219512, "taa": 0.0012195121951219512, "takay": 0.0012195121951219512, "takle": 0.0012195121951219512, "tarik": 0.0012195121951219512, "thaka": 0.0012195121951219512, "thake": 0.0012195121951219512, "vabe": 0.0012195121951219512, "will": 0.0012195121951219512, "yealy": 0.0012195121951219512, "year": 0.0012195121951219512, "yearly": 0.0012195121951219512, "অইটা": 0.0012195121951219512, "অ্যাকাউন্ট": 0.0012195121951219512, "আওতাধীন": 0.0012195121951219512,