{"টাকা": 0.04663212435233161, "কত": 0.038860103626943004, "বিকাশ": 0.038860103626943004, "bkash": 0.036269430051813475, "একাউন্ট": 0.036269430051813475, "রাখতে": 0.03367875647668394, "আমার": 0.031088082901554404, "account": 0.02849740932642487, "koto": 0.02849740932642487, "maximum": 0.02849740932642487, "পর্যন্ত": 0.023316062176165806, "এ": 0.02072538860103627, "can": 0.018134715025906738, "taka": 0.018134715025906738, "যায়": 0.018134715025906738, "রাখা": 0.018134715025906738, "e": 0.015544041450777202, "in": 0.015544041450777202, "limit": 0.012953367875647668, "আমি": 0.012953367875647668, "জমা": 0.012953367875647668, "পারি": 0.012953367875647668, "সর্বোচচ": 0.012953367875647668, "a": 0.010362694300518135, "be": 0.010362694300518135, "ekaount": 0.010362694300518135, "janaben": 0.010362694300518135, "porjonto": 0.010362694300518135, "rakhte": 0.010362694300518135, "sir": 0.010362694300518135, "পারবো": 0.010362694300518135, "ভাইয়া": 0.010362694300518135, "amount": 0.007772020725388601, "er": 0.007772020725388601, "how": 0.007772020725388601, "i": 0.007772020725388601, "is": 0.007772020725388601, "jai": 0.007772020725388601, "kept": 0.007772020725388601, "money": 0.007772020725388601, "much": 0.007772020725388601, "my": 0.007772020725388601, "parbo": 0.007772020725388601, "rakha": 0.007772020725388601, "the": 0.007772020725388601, "what": 0.007772020725388601, "একটা": 0.007772020725388601, "সর্বোচ্চ": 0.007772020725388601, "amar": 0.0051813471502590676, "ba": 0.0051813471502590676, "bikash": 0.0051813471502590676, "bro": 0.0051813471502590676, "ektu": 0.0051813471502590676, "that": 0.0051813471502590676, "tk": 0.0051813471502590676, "আছেন": 0.0051813471502590676, "এর": 0.0051813471502590676, "কি": 0.0051813471502590676, "ছিলো": 0.0051813471502590676, "বিকাশে": 0.0051813471502590676, "মাসে": 0.0051813471502590676, "achen": 0.0025906735751295338, "aii": 0.0025906735751295338, "amake": 0.0025906735751295338, "ami": 0.0025906735751295338, "bank": 0.0025906735751295338, "beshi": 0.0025906735751295338, "dekhe": 0.0025906735751295338, "deposit": 0.0025906735751295338, "deposited": 0.0025906735751295338, "ekta": 0.0025906735751295338, "hi": 0.0025906735751295338, "hii": 0.0025906735751295338, "information": 0.0025906735751295338, "jabe": 0.0025906735751295338, "joma": 0.0025906735751295338, "keep": 0.0025906735751295338, "koy": 0.0025906735751295338, "lak": 0.0025906735751295338, "maximam": 0.0025906735751295338, "me": 0.0025906735751295338, "need": 0.0025906735751295338, "number": 0.0025906735751295338, "parbu": 0.0025906735751295338, "pari": 0.0025906735751295338, "personal": 0.0025906735751295338, "plz": 0.0025906735751295338, "porjontu": 0.0025906735751295338, "projonu": 0.0025906735751295338, "rakhaa": 0.0025906735751295338, "rakte": 0.0025906735751295338, "tell": 0.0025906735751295338, "toh": 0.0025906735751295338, "vai": 0.0025906735751295338, "vaiya": 0.0025906735751295338, "you": 0.0025906735751295338, "আপনি": 0.0025906735751295338, "কতটাকা": 0.0025906735751295338, "চলমান": 0.0025906735751295338, "চাই": 0.0025906735751295338, "চাচ্ছি": 0.0025906735751295338, "জানাবেন": 0.0025906735751295338, "জানার": 0.0025906735751295338, "জিনিস": 0.0025906735751295338, "নাম": 0.0025906735751295338, "পর্যনত": 0.0025906735751295338, "পারব": 0.0025906735751295338, "প্রশ্ন": 0.0025906735751295338, "বাবার": 0.0025906735751295338, "মাসিক": 0.0025906735751295338, "মায়ের": 0.0025906735751295338, "মোট": 0.0025906735751295338, "যদি": 0.0025906735751295338, "লক্ষ": 0.0025906735751295338, "লাখ": 0.0025906735751295338, "লিমিট": 0.0025906735751295338, "সবোচ্চ": 0.0025906735751295338, "সাথে": 0.0025906735751295338, "সাব্বির": 0.0025906735751295338, "সেইটা": 0.0025906735751295338, "স্যার": 0.0025906735751295338}