{"bank": 0.045685279187817264, "link": 0.03299492385786802, "account": 0.030456852791878174, "bkash": 0.030456852791878174, "pending": 0.027918781725888325, "my": 0.02030456852791878, "to": 0.02030456852791878, "er": 0.017766497461928935, "একাউন্ট": 0.017766497461928935, "বিকাশ": 0.017766497461928935, "লিংক": 0.017766497461928935, "সাথে": 0.017766497461928935, "acc": 0.012690355329949238, "add": 0.012690355329949238, "agrani": 0.012690355329949238, "i": 0.012690355329949238, "it": 0.012690355329949238, "sathe": 0.012690355329949238, "sonali": 0.012690355329949238, "with": 0.012690355329949238, "ব্যাংক": 0.012690355329949238, "amar": 0.01015228426395939, "ami": 0.01015228426395939, "how": 0.01015228426395939, "korsi": 0.01015228426395939, "সময়": 0.01015228426395939, "ific": 0.007614213197969543, "is": 0.007614213197969543, "linking": 0.007614213197969543, "na": 0.007614213197969543, "still": 0.007614213197969543, "up": 0.007614213197969543, "আমার": 0.007614213197969543, "আমি": 0.007614213197969543, "কত": 0.007614213197969543, "পেন্ডিং": 0.007614213197969543, "ব্যাংকের": 0.007614213197969543, "but": 0.005076142131979695, "dekhacce": 0.005076142131979695, "e": 0.005076142131979695, "ekhono": 0.005076142131979695, "ekono": 0.005076142131979695, "hoye": 0.005076142131979695, "jog": 0.005076142131979695, "keno": 0.005076142131979695, "kintu": 0.005076142131979695, "know": 0.005076142131979695, "kotokkhon": 0.005076142131979695, "lagte": 0.005076142131979695, "long": 0.005076142131979695, "money": 0.005076142131979695, "much": 0.005076142131979695, "pare": 0.005076142131979695, "r": 0.005076142131979695, "sate": 0.005076142131979695, "shows": 0.005076142131979695, "take": 0.005076142131979695, "time": 0.005076142131979695, "why": 0.005076142131979695, "will": 0.005076142131979695, "এখনো": 0.005076142131979695, "এর": 0.005076142131979695, "করসিলাম": 0.005076142131979695, "কি": 0.005076142131979695, "কেন": 0.005076142131979695, "না": 0.005076142131979695, "লাগবে": 0.005076142131979695, "লাগে": 0.005076142131979695, "সাতে": 0.005076142131979695, "স্যার": 0.005076142131979695, "হইতে": 0.005076142131979695, "a": 0.0025380710659898475, "ago": 0.0025380710659898475, "almost": 0.0025380710659898475, "amaar": 0.0025380710659898475, "approval": 0.0025380710659898475, "ase": 0.0025380710659898475, "been": 0.0025380710659898475, "besh": 0.0025380710659898475, "bother": 0.0025380710659898475, "community": 0.0025380710659898475, "confirmation": 0.0025380710659898475, "days": 0.0025380710659898475, "dekay": 0.0025380710659898475, "dekhale": 0.0025380710659898475, "dekhasse": 0.0025380710659898475, "din": 0.0025380710659898475, "do": 0.0025380710659898475, "explain": 0.0025380710659898475, "few": 0.0025380710659898475, "for": 0.0025380710659898475, "generally": 0.0025380710659898475, "ghonta": 0.0025380710659898475, "hocce": 0.0025380710659898475, "hoise": 0.0025380710659898475, "hoite": 0.0025380710659898475, "holo": 0.0025380710659898475, "hosse": 0.0025380710659898475, "hote": 0.0025380710659898475, "hours": 0.0025380710659898475, "hoynai": 0.0025380710659898475, "immediately": 0.0025380710659898475, "jacche": 0.0025380710659898475, "jonne": 0.0025380710659898475, "jug": 0.0025380710659898475, "ki": 0.0025380710659898475, "kichukkhon": 0.0025380710659898475, "kokon": 0.0025380710659898475, "korbo": 0.0025380710659898475, "korci": 0.0025380710659898475, "korcilam": 0.0025380710659898475, "korechi": 0.0025380710659898475, "korecilam": 0.0025380710659898475, "koresi": 0.0025380710659898475, "kotkkhon": 0.0025380710659898475, "koto": 0.0025380710659898475, "lagbe": 0.0025380710659898475, "lakbe": 0.0025380710659898475, "linked": 0.0025380710659898475, "may": 0.0025380710659898475, "more": 0.0025380710659898475, "need": 0.0025380710659898475, "needed": 0.0025380710659898475, "oise": 0.0025380710659898475, "pabo": 0.0025380710659898475, "paini": 0.0025380710659898475, "pray": 0.0025380710659898475, "process": 0.0025380710659898475, "purpose": 0.0025380710659898475, "shomoy": 0.0025380710659898475, "so": 0.0025380710659898475, "successful": 0.0025380710659898475, "successfully": 0.0025380710659898475, "taka": 0.0025380710659898475, "takes": 0.0025380710659898475, "teke": 0.0025380710659898475, "tenesparer": 0.0025380710659898475, "the": 0.0025380710659898475, "theke": 0.0025380710659898475, "tried": 0.0025380710659898475, "update": 0.0025380710659898475, "want": 0.0025380710659898475, "wanted": 0.0025380710659898475, "you": 0.0025380710659898475, "অগ্রণি": 0.0025380710659898475, "অ্যাড": 0.0025380710659898475, "অয়নাই": 0.0025380710659898475, "আপনাদের": 0.0025380710659898475, "আর": 0.0025380710659898475, "আসে": 0.0025380710659898475, "একনো": 0.0025380710659898475, "একাউনে": 0.0025380710659898475, "একাউনের": 0.0025380710659898475, "একাউন্টের": 0.0025380710659898475, "এটা": 0.0025380710659898475, "কতক্ষণ": 0.0025380710659898475, "কতক্ষন": 0.0025380710659898475, "করতে": 0.0025380710659898475, "করলাম": 0.0025380710659898475, "করার": 0.0025380710659898475, "করেসিলাম": 0.0025380710659898475, "কিন্তু": 0.0025380710659898475, "গেসে": 0.0025380710659898475, "চাসসি": 0.0025380710659898475, "জানতে": 0.0025380710659898475, "জানাবেন": 0.0025380710659898475, "ঢাকা": 0.0025380710659898475, "দেকাসসে": 0.0025380710659898475, "নাকি": 0.0025380710659898475, "পরে": 0.0025380710659898475, "বলবেন": 0.0025380710659898475, "বিকাশের": 0.0025380710659898475, "ব্যাঙ্কের": 0.0025380710659898475, "যুক": 0.0025380710659898475, "রয়ে": 0.0025380710659898475, "লাকবে": 0.0025380710659898475, "সাধারণত": 0.0025380710659898475, "সোনালী": 0.0025380710659898475, "হচ্ছে": 0.0025380710659898475, "হতে": 0.0025380710659898475, "হবে": 0.0025380710659898475, "হয়ে": 0.0025380710659898475}