{"bank": 0.04646017699115044, "add": 0.030973451327433628, "account": 0.028761061946902654, "একাউন্ট": 0.02212389380530973, "bkash": 0.01991150442477876, "korte": 0.01991150442477876, "ব্যাংক": 0.01991150442477876, "money": 0.017699115044247787, "করতে": 0.017699115044247787, "amar": 0.015486725663716814, "ami": 0.015486725663716814, "my": 0.015486725663716814, "to": 0.015486725663716814, "আমি": 0.015486725663716814, "বিকাশ": 0.015486725663716814, "but": 0.013274336283185839, "i": 0.013274336283185839, "link": 0.013274336283185839, "agrani": 0.011061946902654865, "এর": 0.011061946902654865, "তথ্য": 0.011061946902654865, "না": 0.011061946902654865, "ব্যাংকের": 0.011061946902654865, "লিংক": 0.011061946902654865, "সাথে": 0.011061946902654865, "er": 0.008849557522123894, "id": 0.008849557522123894, "na": 0.008849557522123894, "nid": 0.008849557522123894, "আমার": 0.008849557522123894, "এবং": 0.008849557522123894, "বিকাশে": 0.008849557522123894, "from": 0.006637168141592919, "ific": 0.006637168141592919, "information": 0.006637168141592919, "is": 0.006637168141592919, "it": 0.006637168141592919, "not": 0.006637168141592919, "parchi": 0.006637168141592919, "একই": 0.006637168141592919, "এড": 0.006637168141592919, "কিন্তু": 0.006637168141592919, "নয়": 0.006637168141592919, "মানি": 0.006637168141592919, "সোনালী": 0.006637168141592919, "and": 0.004424778761061947, "connect": 0.004424778761061947, "dakhasse": 0.004424778761061947, "dia": 0.004424778761061947, "in": 0.004424778761061947, "jonmotarik": 0.004424778761061947, "kora": 0.004424778761061947, "korta": 0.004424778761061947, "match": 0.004424778761061947, "mismatch": 0.004424778761061947, "missing": 0.004424778761061947, "nah": 0.004424778761061947, "national": 0.004424778761061947, "o": 0.004424778761061947, "says": 0.004424778761061947, "shate": 0.004424778761061947, "showing": 0.004424778761061947, "sonali": 0.004424778761061947, "there": 0.004424778761061947, "trying": 0.004424778761061947, "want": 0.004424778761061947, "with": 0.004424778761061947, "এখন": 0.004424778761061947, "কিভাবে": 0.004424778761061947, "গেলে": 0.004424778761061947, "চাচ্ছি": 0.004424778761061947, "জানাচ্ছে": 0.004424778761061947, "নাম্বার": 0.004424778761061947, "পারছি": 0.004424778761061947, "ফোন": 0.004424778761061947, "a": 0.0022123893805309734, "abar": 0.0022123893805309734, "able": 0.0022123893805309734, "acount": 0.0022123893805309734, "advise": 0.0022123893805309734, "akti": 0.0022123893805309734, "already": 0.0022123893805309734, "amr": 0.0022123893805309734, "an": 0.0022123893805309734, "app": 0.0022123893805309734, "ar": 0.0022123893805309734, "be": 0.0022123893805309734, "being": 0.0022123893805309734, "bekas": 0.0022123893805309734, "birth": 0.0022123893805309734, "birthdate": 0.0022123893805309734, "bole": 0.0022123893805309734, "branch": 0.0022123893805309734, "can": 0.0022123893805309734, "can't": 0.0022123893805309734, "cassi": 0.0022123893805309734, "chai": 0.0022123893805309734, "date": 0.0022123893805309734, "dekhacche": 0.0022123893805309734, "did": 0.0022123893805309734, "does": 0.0022123893805309734, "e": 0.0022123893805309734, "ei": 0.0022123893805309734, "every": 0.0022123893805309734, "everything": 0.0022123893805309734, "failed": 0.0022123893805309734, "gala": 0.0022123893805309734, "gele": 0.0022123893805309734, "have": 0.0022123893805309734, "hocay": 0.0022123893805309734, "hocchena": 0.0022123893805309734, "hocena": 0.0022123893805309734, "how": 0.0022123893805309734, "hyece": 0.0022123893805309734, "i'm": 0.0022123893805309734, "it’s": 0.0022123893805309734, "i’m": 0.0022123893805309734, "ja": 0.0022123893805309734, "jana": 0.0022123893805309734, "jkhn": 0.0022123893805309734, "jonno": 0.0022123893805309734, "kano": 0.0022123893805309734, "keeps": 0.0022123893805309734, "ki": 0.0022123893805309734, "kno": 0.0022123893805309734, "korar": 0.0022123893805309734, "maney": 0.0022123893805309734, "me": 0.0022123893805309734, "mil": 0.0022123893805309734, "mota": 0.0022123893805309734, "nai": 0.0022123893805309734, "name": 0.0022123893805309734, "obosthay": 0.0022123893805309734, "of": 0.0022123893805309734, "omil": 0.0022123893805309734, "parchina": 0.0022123893805309734, "pari": 0.0022123893805309734, "parse": 0.0022123893805309734, "parsi": 0.0022123893805309734, "please": 0.0022123893805309734, "sate": 0.0022123893805309734, "sathe": 0.0022123893805309734, "shathay": 0.0022123893805309734, "show": 0.0022123893805309734, "shows": 0.0022123893805309734, "somossha": 0.0022123893805309734, "taile": 0.0022123893805309734, "thaka": 0.0022123893805309734, "theke": 0.0022123893805309734, "time": 0.0022123893805309734, "transfer": 0.0022123893805309734, "tried": 0.0022123893805309734, "try": 0.0022123893805309734, "updated": 0.0022123893805309734, "visited": 0.0022123893805309734, "wrong": 0.0022123893805309734, "অগ্রনি": 0.0022123893805309734, "অমিল": 0.0022123893805309734, "অ্যাড": 0.0022123893805309734, "আছে": 0.0022123893805309734, "আপনার": 0.0022123893805309734, "আর": 0.0022123893805309734, "আলাদা": 0.0022123893805309734, "একাউন্টা": 0.0022123893805309734, "এটা": 0.0022123893805309734, "এ্যাপ": 0.0022123893805309734, "কমিউনিটি": 0.0022123893805309734, "করব": 0.0022123893805309734, "করে": 0.0022123893805309734, "কর‌তে": 0.0022123893805309734, "কার্ড": 0.0022123893805309734, "জন্ম": 0.0022123893805309734, "জন্মতারিখে": 0.0022123893805309734, "ট্রান্সফার": 0.0022123893805309734, "ঠিক": 0.0022123893805309734, "তারিখ": 0.0022123893805309734, "তে": 0.0022123893805309734, "থেকে": 0.0022123893805309734, "দেখাচ্ছে": 0.0022123893805309734, "দেয়া": 0.0022123893805309734, "নাই": 0.0022123893805309734, "নাম্বারটা": 0.0022123893805309734, "নিচ্ছেনা": 0.0022123893805309734, "পাচ্ছেনা": 0.0022123893805309734, "পারতেছি": 0.0022123893805309734, "পারি": 0.0022123893805309734, "পার‌ছি": 0.0022123893805309734, "বলছে": 0.0022123893805309734, "বলতেছে": 0.0022123893805309734, "বলবেন": 0.0022123893805309734, "বিকাশের": 0.0022123893805309734, "বিকা‌শের": 0.0022123893805309734, "ব‌্যাং‌কে": 0.0022123893805309734, "যুক্ত": 0.0022123893805309734, "যে": 0.0022123893805309734, "যোগ": 0.0022123893805309734, "সঠিক": 0.0022123893805309734, "সল্ভ": 0.0022123893805309734, "সা‌থে": 0.0022123893805309734, "সেনালী": 0.0022123893805309734, "সোনালী": 0.0022123893805309734, "স্যার": 0.0022123893805309734, "হচ্ছে": 0.0022123893805309734, "হঠাৎ": 0.0022123893805309734}