{"bank": 0.05263157894736842, "loan": 0.05263157894736842, "ব্যাংক": 0.047619047619047616, "account": 0.03759398496240601, "একাউন্ট": 0.03759398496240601, "এর": 0.03508771929824562, "i": 0.03258145363408521, "লোন": 0.03258145363408521, "city": 0.03007518796992481, "সিটি": 0.03007518796992481, "কি": 0.02255639097744361, "পেতে": 0.02255639097744361, "er": 0.020050125313283207, "ki": 0.020050125313283207, "have": 0.01754385964912281, "a": 0.015037593984962405, "ekaount": 0.015037593984962405, "get": 0.015037593984962405, "service": 0.012531328320802004, "to": 0.012531328320802004, "আমার": 0.012531328320802004, "প্রয়োজন": 0.012531328320802004, "হবে": 0.012531328320802004, "হলে": 0.012531328320802004, "hole": 0.010025062656641603, "lagbe": 0.010025062656641603, "no": 0.010025062656641603, "আমি": 0.010025062656641603, "নাই": 0.010025062656641603, "bkash": 0.007518796992481203, "can": 0.007518796992481203, "dorkar": 0.007518796992481203, "hi": 0.007518796992481203, "hobe": 0.007518796992481203, "if": 0.007518796992481203, "may": 0.007518796992481203, "nite": 0.007518796992481203, "pete": 0.007518796992481203, "take": 0.007518796992481203, "চাই": 0.007518796992481203, "নিতে": 0.007518796992481203, "বিকাশ": 0.007518796992481203, "সেবাটি": 0.007518796992481203, "amar": 0.005012531328320802, "bikash": 0.005012531328320802, "chara": 0.005012531328320802, "is": 0.005012531328320802, "it": 0.005012531328320802, "mandatory": 0.005012531328320802, "na": 0.005012531328320802, "nai": 0.005012531328320802, "sir": 0.005012531328320802, "theke": 0.005012531328320802, "without": 0.005012531328320802, "আপনাদের": 0.005012531328320802, "এখন": 0.005012531328320802, "ছাড়া": 0.005012531328320802, "জন্য": 0.005012531328320802, "পারি": 0.005012531328320802, "ব্যাংকের": 0.005012531328320802, "মাধ্যমে": 0.005012531328320802, "যদি": 0.005012531328320802, "লাগবে": 0.005012531328320802, "লোণ": 0.005012531328320802, "ami": 0.002506265664160401, "do": 0.002506265664160401, "hbe": 0.002506265664160401, "help": 0.002506265664160401, "hlw": 0.002506265664160401, "how": 0.002506265664160401, "jai": 0.002506265664160401, "ji": 0.002506265664160401, "jonne": 0.002506265664160401, "jonno": 0.002506265664160401, "kono": 0.002506265664160401, "korte": 0.002506265664160401, "link": 0.002506265664160401, "naoar": 0.002506265664160401, "naor": 0.002506265664160401, "need": 0.002506265664160401, "not": 0.002506265664160401, "now": 0.002506265664160401, "pabe": 0.002506265664160401, "pabo": 0.002506265664160401, "pao": 0.002506265664160401, "pari": 0.002506265664160401, "sei": 0.002506265664160401, "thaka": 0.002506265664160401, "thakte": 0.002506265664160401, "vaiya": 0.002506265664160401, "want": 0.002506265664160401, "what": 0.002506265664160401, "your": 0.002506265664160401, "অন্য": 0.002506265664160401, "অবশ্যক": 0.002506265664160401, "উনি": 0.002506265664160401, "করতে": 0.002506265664160401, "করে": 0.002506265664160401, "খুলতে": 0.002506265664160401, "খুলে": 0.002506265664160401, "জানাবেন": 0.002506265664160401, "তথ্য": 0.002506265664160401, "তাঁর": 0.002506265664160401, "তাহলে": 0.002506265664160401, "থাকা": 0.002506265664160401, "নেওয়ার": 0.002506265664160401, "পাওয়া": 0.002506265664160401, "পারবে": 0.002506265664160401, "পারে": 0.002506265664160401, "ফেলছি": 0.002506265664160401, "বাবা": 0.002506265664160401, "ব্যাংকে": 0.002506265664160401, "সম্ভব": 0.002506265664160401, "সেক্ষেত্রে": 0.002506265664160401, "হালনাগাদ": 0.002506265664160401}