{"loan": 0.07240704500978475, "লোন": 0.04109589041095891, "ami": 0.019569471624266144, "i": 0.019569471624266144, "to": 0.017612524461839533, "এখন": 0.017612524461839533, "take": 0.015655577299412915, "the": 0.015655577299412915, "abar": 0.013698630136986302, "but": 0.013698630136986302, "nite": 0.013698630136986302, "আবার": 0.013698630136986302, "age": 0.011741682974559686, "na": 0.011741682974559686, "আগে": 0.011741682974559686, "একবার": 0.011741682974559686, "কেন": 0.011741682974559686, "না": 0.011741682974559686, "পরিশোধ": 0.011741682974559686, "বিকাশ": 0.011741682974559686, "again": 0.009784735812133072, "bkash": 0.009784735812133072, "previous": 0.009784735812133072, "আমার": 0.009784735812133072, "nisi": 0.007827788649706457, "parbo": 0.007827788649706457, "আমাকে": 0.007827788649706457, "করে": 0.007827788649706457, "কি": 0.007827788649706457, "কিন্তু": 0.007827788649706457, "পুনরায়": 0.007827788649706457, "ekbar": 0.005870841487279843, "ekhon": 0.005870841487279843, "have": 0.005870841487279843, "it": 0.005870841487279843, "keno": 0.005870841487279843, "kno": 0.005870841487279843, "my": 0.005870841487279843, "porishodh": 0.005870841487279843, "sir": 0.005870841487279843, "timely": 0.005870841487279843, "want": 0.005870841487279843, "why": 0.005870841487279843, "আমি": 0.005870841487279843, "থেকে": 0.005870841487279843, "দিচ্ছে": 0.005870841487279843, "নিতে": 0.005870841487279843, "after": 0.003913894324853229, "akon": 0.003913894324853229, "am": 0.003913894324853229, "ar": 0.003913894324853229, "as": 0.003913894324853229, "can": 0.003913894324853229, "chaitaci": 0.003913894324853229, "duibar": 0.003913894324853229, "ebong": 0.003913894324853229, "ekhn": 0.003913894324853229, "for": 0.003913894324853229, "ineligible": 0.003913894324853229, "ki": 0.003913894324853229, "nita": 0.003913894324853229, "niye": 0.003913894324853229, "now": 0.003913894324853229, "onek": 0.003913894324853229, "paid": 0.003913894324853229, "porisod": 0.003913894324853229, "problem": 0.003913894324853229, "submitted": 0.003913894324853229, "submitting": 0.003913894324853229, "theke": 0.003913894324853229, "অপশন": 0.003913894324853229, "আর": 0.003913894324853229, "কেনো": 0.003913894324853229, "তা": 0.003913894324853229, "দিয়ে": 0.003913894324853229, "নিয়েছি": 0.003913894324853229, "পর": 0.003913894324853229, "পাওয়া": 0.003913894324853229, "পারি": 0.003913894324853229, "যাবে": 0.003913894324853229, "সঠিকভাবে": 0.003913894324853229, "a": 0.0019569471624266144, "aber": 0.0019569471624266144, "aga": 0.0019569471624266144, "agaoo": 0.0019569471624266144, "ai": 0.0019569471624266144, "akhon": 0.0019569471624266144, "amake": 0.0019569471624266144, "and": 0.0019569471624266144, "another": 0.0019569471624266144, "apnader": 0.0019569471624266144, "available": 0.0019569471624266144, "barbar": 0.0019569471624266144, "be": 0.0019569471624266144, "bebosta": 0.0019569471624266144, "been": 0.0019569471624266144, "before": 0.0019569471624266144, "bhaiya": 0.0019569471624266144, "boltase": 0.0019569471624266144, "capable": 0.0019569471624266144, "chai": 0.0019569471624266144, "cilam": 0.0019569471624266144, "dakaitasa": 0.0019569471624266144, "den": 0.0019569471624266144, "dey": 0.0019569471624266144, "dibe": 0.0019569471624266144, "diccena": 0.0019569471624266144, "din": 0.0019569471624266144, "dite": 0.0019569471624266144, "dito": 0.0019569471624266144, "e": 0.0019569471624266144, "etar": 0.0019569471624266144, "facing": 0.0019569471624266144, "financial": 0.0019569471624266144, "from": 0.0019569471624266144, "get": 0.0019569471624266144, "has": 0.0019569471624266144, "hello": 0.0019569471624266144, "help": 0.0019569471624266144, "hlw": 0.0019569471624266144, "how": 0.0019569471624266144, "jai": 0.0019569471624266144, "jay": 0.0019569471624266144, "ji": 0.0019569471624266144, "jodi": 0.0019569471624266144, "kan": 0.0019569471624266144, "kintu": 0.0019569471624266144, "kora": 0.0019569471624266144, "koraci": 0.0019569471624266144, "korci": 0.0019569471624266144, "korec": 0.0019569471624266144, "korechi": 0.0019569471624266144, "koreshi": 0.0019569471624266144, "kori": 0.0019569471624266144, "korsi": 0.0019569471624266144, "koto": 0.0019569471624266144, "kotobar": 0.0019569471624266144, "len": 0.0019569471624266144, "lon": 0.0019569471624266144, "may": 0.0019569471624266144, "neya": 0.0019569471624266144, "neyecilam": 0.0019569471624266144, "nisilam": 0.0019569471624266144, "niya": 0.0019569471624266144, "not": 0.0019569471624266144, "noy": 0.0019569471624266144, "oi": 0.0019569471624266144, "one": 0.0019569471624266144, "onk": 0.0019569471624266144, "pabo": 0.0019569471624266144, "pacchina": 0.0019569471624266144, "paici": 0.0019569471624266144, "paitaci": 0.0019569471624266144, "parchi": 0.0019569471624266144, "pari": 0.0019569471624266144, "parteci": 0.0019569471624266144, "passi": 0.0019569471624266144, "petam": 0.0019569471624266144, "please": 0.0019569471624266144, "por": 0.0019569471624266144, "punoray": 0.0019569471624266144, "rokom": 0.0019569471624266144, "solved": 0.0019569471624266144, "some": 0.0019569471624266144, "sothik": 0.0019569471624266144, "tai": 0.0019569471624266144, "taken": 0.0019569471624266144, "thaka": 0.0019569471624266144, "then": 0.0019569471624266144, "time": 0.0019569471624266144, "too": 0.0019569471624266144, "upojukto": 0.0019569471624266144, "when": 0.0019569471624266144, "will": 0.0019569471624266144, "অফ": 0.0019569471624266144, "অফসন": 0.0019569471624266144, "আছে": 0.0019569471624266144, "আমারে": 0.0019569471624266144, "এ": 0.0019569471624266144, "একটি": 0.0019569471624266144, "একটু": 0.0019569471624266144, "একাউন্টে": 0.0019569471624266144, "এটা": 0.0019569471624266144, "এপস": 0.0019569471624266144, "করছি": 0.0019569471624266144, "করলাম": 0.0019569471624266144, "করলে": 0.0019569471624266144, "করার": 0.0019569471624266144, "করেছি": 0.0019569471624266144, "কিছু": 0.0019569471624266144, "কোনো": 0.0019569471624266144, "চাই": 0.0019569471624266144, "ছিল": 0.0019569471624266144, "জানতে": 0.0019569471624266144, "দয়া": 0.0019569471624266144, "দিচ্চে": 0.0019569471624266144, "দিত": 0.0019569471624266144, "দিতাম": 0.0019569471624266144, "দিতে": 0.0019569471624266144, "দিন": 0.0019569471624266144, "দিবে": 0.0019569471624266144, "দিস্ছ": 0.0019569471624266144, "দুইবার": 0.0019569471624266144, "দেওয়া": 0.0019569471624266144, "দেখবেন": 0.0019569471624266144, "দেয়া": 0.0019569471624266144, "নম্বর": 0.0019569471624266144, "নিছি": 0.0019569471624266144, "নিতাম": 0.0019569471624266144, "নিয়েছিলাম": 0.0019569471624266144, "নিলেও": 0.0019569471624266144, "নিয়ে": 0.0019569471624266144, "নিয়েছিলাম": 0.0019569471624266144, "নিয়েসি": 0.0019569471624266144, "নেয়া": 0.0019569471624266144, "পরিসোধ": 0.0019569471624266144, "পাওয়ার": 0.0019569471624266144, "পাচ্ছিনা": 0.0019569471624266144, "পাব": 0.0019569471624266144, "পারছি": 0.0019569471624266144, "পারছিনা": 0.0019569471624266144, "পেয়েছি": 0.0019569471624266144, "বন্ধ": 0.0019569471624266144, "বাট": 0.0019569471624266144, "বাদ": 0.0019569471624266144, "মত": 0.0019569471624266144, "মাত্র": 0.0019569471624266144, "যদি": 0.0019569471624266144, "যায়": 0.0019569471624266144, "রয়েছে": 0.0019569471624266144, "লন": 0.0019569471624266144, "লোণ": 0.0019569471624266144, "শোধ": 0.0019569471624266144, "সমস্যাটা": 0.0019569471624266144, "সময়": 0.0019569471624266144, "সেটা": 0.0019569471624266144, "স্যার": 0.0019569471624266144, "হইছে": 0.0019569471624266144, "হবে": 0.0019569471624266144, "হলো": 0.0019569471624266144}