{"limit": 0.056179775280898875, "লিমিট": 0.053370786516853924, "merchant": 0.0449438202247191, "মার্চেন্ট": 0.03651685393258427, "er": 0.03089887640449438, "account": 0.028089887640449437, "barate": 0.028089887640449437, "একাউন্ট": 0.028089887640449437, "এর": 0.028089887640449437, "বাড়ানো": 0.025280898876404494, "increase": 0.02247191011235955, "amar": 0.019662921348314606, "বাড়াতে": 0.019662921348314606, "সম্ভব": 0.019662921348314606, "ki": 0.016853932584269662, "ami": 0.014044943820224719, "chai": 0.014044943820224719, "আমার": 0.014044943820224719, "ভাইয়া": 0.014044943820224719, "ekaount": 0.011235955056179775, "my": 0.011235955056179775, "of": 0.011235955056179775, "to": 0.011235955056179775, "আমি": 0.011235955056179775, "চাই": 0.011235955056179775, "পেমেন্ট": 0.011235955056179775, "bhaiya": 0.008426966292134831, "bro": 0.008426966292134831, "can": 0.008426966292134831, "hobe": 0.008426966292134831, "how": 0.008426966292134831, "i": 0.008426966292134831, "korte": 0.008426966292134831, "possiable": 0.008426966292134831, "এইটা": 0.008426966292134831, "কি": 0.008426966292134831, "গিয়েছে": 0.008426966292134831, "যায়": 0.008426966292134831, "শেষ": 0.008426966292134831, "সিমের": 0.008426966292134831, "হয়ে": 0.008426966292134831, "a": 0.0056179775280898875, "amake": 0.0056179775280898875, "bhai": 0.0056179775280898875, "eita": 0.0056179775280898875, "hi": 0.0056179775280898875, "hole": 0.0056179775280898875, "is": 0.0056179775280898875, "it": 0.0056179775280898875, "jodi": 0.0056179775280898875, "me": 0.0056179775280898875, "onek": 0.0056179775280898875, "parbo": 0.0056179775280898875, "payment": 0.0056179775280898875, "please": 0.0056179775280898875, "possible": 0.0056179775280898875, "provide": 0.0056179775280898875, "way": 0.0056179775280898875, "একটা": 0.0056179775280898875, "এখন": 0.0056179775280898875, "চাচ্ছি": 0.0056179775280898875, "বিকাশ": 0.0056179775280898875, "ভাই": 0.0056179775280898875, "achen": 0.0028089887640449437, "ajke": 0.0028089887640449437, "barabo": 0.0028089887640449437, "barano": 0.0028089887640449437, "beshi": 0.0028089887640449437, "bikash": 0.0028089887640449437, "bolten": 0.0028089887640449437, "chacchi": 0.0028089887640449437, "chaicilam": 0.0028089887640449437, "dekhai": 0.0028089887640449437, "do": 0.0028089887640449437, "e": 0.0028089887640449437, "ekai": 0.0028089887640449437, "ekhon": 0.0028089887640449437, "ektu": 0.0028089887640449437, "eta": 0.0028089887640449437, "gronhon": 0.0028089887640449437, "hlw": 0.0028089887640449437, "hoye": 0.0028089887640449437, "issue": 0.0028089887640449437, "karone": 0.0028089887640449437, "kivabe": 0.0028089887640449437, "korar": 0.0028089887640449437, "lenden": 0.0028089887640449437, "merchat": 0.0028089887640449437, "sabbir": 0.0028089887640449437, "sokale": 0.0028089887640449437, "somvob": 0.0028089887640449437, "takar": 0.0028089887640449437, "the": 0.0028089887640449437, "vabe": 0.0028089887640449437, "vai": 0.0028089887640449437, "you": 0.0028089887640449437, "অনিক": 0.0028089887640449437, "আছে": 0.0028089887640449437, "আছেন": 0.0028089887640449437, "আপনার": 0.0028089887640449437, "আসছে": 0.0028089887640449437, "ইস্যু": 0.0028089887640449437, "এই": 0.0028089887640449437, "একাউন্টের": 0.0028089887640449437, "এক্যাউন্ট": 0.0028089887640449437, "করতে": 0.0028089887640449437, "করবো": 0.0028089887640449437, "গ্রহন": 0.0028089887640449437, "চাচ্ছিলাম": 0.0028089887640449437, "দেখায়": 0.0028089887640449437, "দোকানের": 0.0028089887640449437, "না": 0.0028089887640449437, "পারি": 0.0028089887640449437, "যাবে": 0.0028089887640449437, "লাগবে": 0.0028089887640449437, "লিখা": 0.0028089887640449437, "সেইটার": 0.0028089887640449437, "হবে": 0.0028089887640449437, "হেল্প": 0.0028089887640449437}