{"আমি": 0.04046242774566474, "একাউন্ট": 0.03468208092485549, "মার্চেন্ট": 0.03121387283236994, "কি": 0.03005780346820809, "আমার": 0.02658959537572254, "account": 0.025433526011560695, "করতে": 0.023121387283236993, "পেমেন্ট": 0.023121387283236993, "চাই": 0.020809248554913295, "একটা": 0.017341040462427744, "i": 0.016184971098265895, "খুলতে": 0.016184971098265895, "বিকাশ": 0.016184971098265895, "ami": 0.013872832369942195, "bkash": 0.013872832369942195, "merchant": 0.013872832369942195, "to": 0.013872832369942195, "ki": 0.012716763005780347, "payment": 0.012716763005780347, "আছে": 0.010404624277456647, "জন্য": 0.010404624277456647, "কিভাবে": 0.009248554913294797, "a": 0.008092485549132947, "open": 0.008092485549132947, "করবো": 0.008092485549132947, "চাচ্ছি": 0.008092485549132947, "নিতে": 0.008092485549132947, "লাগবে": 0.008092485549132947, "chai": 0.006936416184971097, "er": 0.006936416184971097, "marchant": 0.006936416184971097, "অনলাইন": 0.006936416184971097, "দরকার": 0.006936416184971097, "হবে": 0.006936416184971097, "amr": 0.005780346820809248, "khulte": 0.005780346820809248, "want": 0.005780346820809248, "এবং": 0.005780346820809248, "gateway": 0.004624277456647398, "korbo": 0.004624277456647398, "need": 0.004624277456647398, "the": 0.004624277456647398, "আমাকে": 0.004624277456647398, "এর": 0.004624277456647398, "পারি": 0.004624277456647398, "amar": 0.0034682080924855487, "business": 0.0034682080924855487, "chacchi": 0.0034682080924855487, "customer": 0.0034682080924855487, "ekta": 0.0034682080924855487, "have": 0.0034682080924855487, "how": 0.0034682080924855487, "khulbo": 0.0034682080924855487, "korte": 0.0034682080924855487, "marchent": 0.0034682080924855487, "nite": 0.0034682080924855487, "আপনাদের": 0.0034682080924855487, "আবেদন": 0.0034682080924855487, "এই": 0.0034682080924855487, "কারা": 0.0034682080924855487, "গেটওয়ে": 0.0034682080924855487, "চালু": 0.0034682080924855487, "জানতে": 0.0034682080924855487, "নাম্বার": 0.0034682080924855487, "পারব": 0.0034682080924855487, "শপ": 0.0034682080924855487, "হলে": 0.0034682080924855487, "ac": 0.002312138728323699, "can": 0.002312138728323699, "create": 0.002312138728323699, "dokan": 0.002312138728323699, "for": 0.002312138728323699, "get": 0.002312138728323699, "in": 0.002312138728323699, "jnno": 0.002312138728323699, "jonno": 0.002312138728323699, "lagbe": 0.002312138728323699, "majhe": 0.002312138728323699, "me": 0.002312138728323699, "merchnt": 0.002312138728323699, "murchent": 0.002312138728323699, "nombor": 0.002312138728323699, "parbo": 0.002312138728323699, "ra": 0.002312138728323699, "trade": 0.002312138728323699, "vabe": 0.002312138728323699, "wanna": 0.002312138728323699, "we": 0.002312138728323699, "অ্যাকাউন্ট": 0.002312138728323699, "অ্যাকাউন্টও": 0.002312138728323699, "অ্যাকাউন্টের": 0.002312138728323699, "আপনাকে": 0.002312138728323699, "ই-লার্নিং": 0.002312138728323699, "একজন": 0.002312138728323699, "একটি": 0.002312138728323699, "কিন্তু": 0.002312138728323699, "কোনো": 0.002312138728323699, "কোর্স": 0.002312138728323699, "গেটওয়েও": 0.002312138728323699, "তাই": 0.002312138728323699, "দিয়ে": 0.002312138728323699, "দোকান": 0.002312138728323699, "নাই": 0.002312138728323699, "পারবো": 0.002312138728323699, "পারেন": 0.002312138728323699, "পার্সনাল": 0.002312138728323699, "পেতে": 0.002312138728323699, "প্লাটফর্মে": 0.002312138728323699, "ফিজিক্যাল": 0.002312138728323699, "বিকাশে": 0.002312138728323699, "বিস্তারিত": 0.002312138728323699, "ব্যবহার": 0.002312138728323699, "ভাবে": 0.002312138728323699, "মারসেন্ট": 0.002312138728323699, "লাগে": 0.002312138728323699, "সেল": 0.002312138728323699, "হেল্প": 0.002312138728323699, "about": 0.0011560693641618496, "ace": 0.0011560693641618496, "achei": 0.0011560693641618496, "acount": 0.0011560693641618496, "active": 0.0011560693641618496, "actually": 0.0011560693641618496, "akta": 0.0011560693641618496, "akts": 0.0011560693641618496, "all": 0.0011560693641618496, "am": 0.0011560693641618496, "amount": 0.0011560693641618496, "and": 0.0011560693641618496, "apnader": 0.0011560693641618496, "app": 0.0011560693641618496, "apply": 0.0011560693641618496, "atar": 0.0011560693641618496, "be": 0.0011560693641618496, "big": 0.0011560693641618496, "bikash": 0.0011560693641618496, "bksah": 0.0011560693641618496, "card": 0.0011560693641618496, "care": 0.0011560693641618496, "chacci": 0.0011560693641618496, "ci": 0.0011560693641618496, "com": 0.0011560693641618496, "contact": 0.0011560693641618496, "coz": 0.0011560693641618496, "customers": 0.0011560693641618496, "customet": 0.0011560693641618496, "details": 0.0011560693641618496, "devloper": 0.0011560693641618496, "dite": 0.0011560693641618496, "ditr": 0.0011560693641618496, "do": 0.0011560693641618496, "dont": 0.0011560693641618496, "dorkar": 0.0011560693641618496, "e": 0.0011560693641618496, "e-commerce": 0.0011560693641618496, "getaway": 0.0011560693641618496, "gopalganjbazar": 0.0011560693641618496, "help": 0.0011560693641618496, "hisabe": 0.0011560693641618496, "hobe": 0.0011560693641618496, "hole": 0.0011560693641618496, "hote": 0.0011560693641618496, "hoy": 0.0011560693641618496, "integrate": 0.0011560693641618496, "jnnw": 0.0011560693641618496, "k": 0.0011560693641618496, "kholar": 0.0011560693641618496, "kiki": 0.0011560693641618496, "kivabe": 0.0011560693641618496, "kivabei": 0.0011560693641618496, "know": 0.0011560693641618496, "kono": 0.0011560693641618496, "kor": 0.0011560693641618496, "kore": 0.0011560693641618496, "kortay": 0.0011560693641618496, "korteci": 0.0011560693641618496, "kortei": 0.0011560693641618496, "licencse": 0.0011560693641618496, "license": 0.0011560693641618496, "marcent": 0.0011560693641618496, "may": 0.0011560693641618496, "merchand": 0.0011560693641618496, "merchent": 0.0011560693641618496, "method": 0.0011560693641618496, "naoer": 0.0011560693641618496, "nitey": 0.0011560693641618496, "number": 0.0011560693641618496, "on": 0.0011560693641618496, "onlin": 0.0011560693641618496, "option": 0.0011560693641618496, "our": 0.0011560693641618496, "papers": 0.0011560693641618496, "parbe": 0.0011560693641618496, "parie": 0.0011560693641618496, "pgw": 0.0011560693641618496, "pharmacy": 0.0011560693641618496, "please": 0.0011560693641618496, "pls": 0.0011560693641618496, "procedure": 0.0011560693641618496, "protinidhi": 0.0011560693641618496, "rakhbo": 0.0011560693641618496, "request": 0.0011560693641618496, "restaurant": 0.0011560693641618496, "send": 0.0011560693641618496, "showroom": 0.0011560693641618496, "sin": 0.0011560693641618496, "suru": 0.0011560693641618496, "ta": 0.0011560693641618496, "taka": 0.0011560693641618496, "take": 0.0011560693641618496, "tell": 0.0011560693641618496, "thakai": 0.0011560693641618496, "thakay": 0.0011560693641618496, "that": 0.0011560693641618496, "this": 0.0011560693641618496, "use": 0.0011560693641618496, "vhabe": 0.0011560693641618496, "website": 0.0011560693641618496, "where": 0.0011560693641618496, "with": 0.0011560693641618496, "woocommerce": 0.0011560693641618496, "you": 0.0011560693641618496, "your": 0.0011560693641618496, "অনলাইনে": 0.0011560693641618496, "আইডি": 0.0011560693641618496, "আদান": 0.0011560693641618496, "আনি": 0.0011560693641618496, "আপনারা": 0.0011560693641618496, "আম": 0.0011560693641618496, "ইক্সট্রা": 0.0011560693641618496, "এ": 0.0011560693641618496, "একন": 0.0011560693641618496, "একাউট": 0.0011560693641618496, "একাউন্টটা": 0.0011560693641618496, "একাউন্টটি": 0.0011560693641618496, "একাউন্টে": 0.0011560693641618496, "এক্ষেত্রে": 0.0011560693641618496, "এখন": 0.0011560693641618496, "এটা": 0.0011560693641618496, "এটার": 0.0011560693641618496, "এনআইডি": 0.0011560693641618496, "এপলাই": 0.0011560693641618496, "ওয়ালটন": 0.0011560693641618496, "করত": 0.0011560693641618496, "করব": 0.0011560693641618496, "করার": 0.0011560693641618496, "করি": 0.0011560693641618496, "কারন": 0.0011560693641618496, "কিনকরতে": 0.0011560693641618496, "কিনা": 0.0011560693641618496, "কীভাবে": 0.0011560693641618496, "কে": 0.0011560693641618496,