{"merchant": 0.05645161290322581, "pin": 0.05645161290322581, "মার্চেন্ট": 0.03763440860215054, "পিন": 0.03494623655913979, "my": 0.02956989247311828, "i": 0.026881720430107527, "reset": 0.026881720430107527, "করতে": 0.024193548387096777, "account": 0.021505376344086023, "amar": 0.021505376344086023, "একাউন্ট": 0.021505376344086023, "korte": 0.01881720430107527, "এর": 0.01881720430107527, "er": 0.016129032258064516, "password": 0.013440860215053764, "কিভাবে": 0.013440860215053764, "পারি": 0.013440860215053764, "হয়ে": 0.013440860215053764, "hoye": 0.010752688172043012, "number": 0.010752688172043012, "গিয়েছি": 0.010752688172043012, "ঠিক": 0.010752688172043012, "ভুলে": 0.010752688172043012, "রিসেট": 0.010752688172043012, "ami": 0.008064516129032258, "bkash": 0.008064516129032258, "can": 0.008064516129032258, "forgot": 0.008064516129032258, "giyeche": 0.008064516129032258, "help": 0.008064516129032258, "ki": 0.008064516129032258, "kora": 0.008064516129032258, "locked": 0.008064516129032258, "pari": 0.008064516129032258, "set": 0.008064516129032258, "to": 0.008064516129032258, "আমার": 0.008064516129032258, "গিয়েছে": 0.008064516129032258, "লক": 0.008064516129032258, "active": 0.005376344086021506, "akta": 0.005376344086021506, "been": 0.005376344086021506, "but": 0.005376344086021506, "chai": 0.005376344086021506, "expired": 0.005376344086021506, "forget": 0.005376344086021506, "has": 0.005376344086021506, "how": 0.005376344086021506, "kivabe": 0.005376344086021506, "kore": 0.005376344086021506, "lock": 0.005376344086021506, "marchant": 0.005376344086021506, "me": 0.005376344086021506, "our": 0.005376344086021506, "ta": 0.005376344086021506, "thik": 0.005376344086021506, "vule": 0.005376344086021506, "want": 0.005376344086021506, "we": 0.005376344086021506, "এখন": 0.005376344086021506, "করবো": 0.005376344086021506, "কি": 0.005376344086021506, "বিকাশ": 0.005376344086021506, "মারচেন্ট": 0.005376344086021506, "a": 0.002688172043010753, "acha": 0.002688172043010753, "ahve": 0.002688172043010753, "akhon": 0.002688172043010753, "amount": 0.002688172043010753, "ar": 0.002688172043010753, "atodin": 0.002688172043010753, "block": 0.002688172043010753, "brother": 0.002688172043010753, "check": 0.002688172043010753, "couldn't": 0.002688172043010753, "dekhacche": 0.002688172043010753, "don't": 0.002688172043010753, "ekhon": 0.002688172043010753, "forgotten": 0.002688172043010753, "gasa": 0.002688172043010753, "geci": 0.002688172043010753, "gese": 0.002688172043010753, "giyechi": 0.002688172043010753, "have": 0.002688172043010753, "hi": 0.002688172043010753, "hlw": 0.002688172043010753, "hobar": 0.002688172043010753, "hobe": 0.002688172043010753, "hoise": 0.002688172043010753, "hoisilo": 0.002688172043010753, "hoya": 0.002688172043010753, "hoyni": 0.002688172043010753, "is": 0.002688172043010753, "it": 0.002688172043010753, "jaba": 0.002688172043010753, "kichu": 0.002688172043010753, "korbo": 0.002688172043010753, "korini": 0.002688172043010753, "korun": 0.002688172043010753, "lagbe": 0.002688172043010753, "lok": 0.002688172043010753, "make": 0.002688172043010753, "marchen": 0.002688172043010753, "marchent": 0.002688172043010753, "ni": 0.002688172043010753, "o": 0.002688172043010753, "of": 0.002688172043010753, "oita": 0.002688172043010753, "otar": 0.002688172043010753, "over": 0.002688172043010753, "partesina": 0.002688172043010753, "payment": 0.002688172043010753, "please": 0.002688172043010753, "por": 0.002688172043010753, "receive": 0.002688172043010753, "recent": 0.002688172043010753, "remember": 0.002688172043010753, "resat": 0.002688172043010753, "sei": 0.002688172043010753, "the": 0.002688172043010753, "time": 0.002688172043010753, "tk": 0.002688172043010753, "transaction": 0.002688172043010753, "tried": 0.002688172043010753, "you": 0.002688172043010753, "একাউন্টের": 0.002688172043010753, "করে": 0.002688172043010753, "কারনে": 0.002688172043010753, "কোড": 0.002688172043010753, "কোডটি": 0.002688172043010753, "গেছে": 0.002688172043010753, "চাই": 0.002688172043010753, "চাচ্ছি": 0.002688172043010753, "দেওয়া": 0.002688172043010753, "দেরী": 0.002688172043010753, "ফেলেছি": 0.002688172043010753, "বলক": 0.002688172043010753, "ব্লক": 0.002688172043010753, "ভাইয়া": 0.002688172043010753, "ভুল": 0.002688172043010753, "যাবে": 0.002688172043010753, "সিম": 0.002688172043010753, "সেট": 0.002688172043010753, "হবে": 0.002688172043010753}