{"মার্চেন্ট": 0.0449438202247191, "আমি": 0.03146067415730337, "merchant": 0.029213483146067414, "একাউন্ট": 0.029213483146067414, "আমার": 0.024719101123595506, "account": 0.02247191011235955, "জন্য": 0.01797752808988764, "করতে": 0.015730337078651686, "বিকাশ": 0.015730337078651686, "কি": 0.013483146067415729, "না": 0.013483146067415729, "amar": 0.011235955056179775, "আবেদন": 0.011235955056179775, "এর": 0.011235955056179775, "my": 0.00898876404494382, "আপডেট": 0.00898876404494382, "করেছিলাম": 0.00898876404494382, "কল": 0.00898876404494382, "পেমেন্ট": 0.00898876404494382, "বন্ধ": 0.00898876404494382, "হয়েছে": 0.00898876404494382, "e": 0.0067415730337078645, "sir": 0.0067415730337078645, "ta": 0.0067415730337078645, "আছে": 0.0067415730337078645, "একটি": 0.0067415730337078645, "একাউন্টে": 0.0067415730337078645, "করা": 0.0067415730337078645, "করে": 0.0067415730337078645, "চাই": 0.0067415730337078645, "a": 0.00449438202247191, "acount": 0.00449438202247191, "amake": 0.00449438202247191, "bar": 0.00449438202247191, "bkash": 0.00449438202247191, "chai": 0.00449438202247191, "ekta": 0.00449438202247191, "i": 0.00449438202247191, "in": 0.00449438202247191, "jante": 0.00449438202247191, "ken": 0.00449438202247191, "keno": 0.00449438202247191, "ki": 0.00449438202247191, "kno": 0.00449438202247191, "lok": 0.00449438202247191, "marchent": 0.00449438202247191, "money": 0.00449438202247191, "na": 0.00449438202247191, "please": 0.00449438202247191, "r": 0.00449438202247191, "send": 0.00449438202247191, "vai": 0.00449438202247191, "working": 0.00449438202247191, "অনুরোধ": 0.00449438202247191, "আগে": 0.00449438202247191, "আপনাদের": 0.00449438202247191, "একটু": 0.00449438202247191, "একাউন্টের": 0.00449438202247191, "এখনো": 0.00449438202247191, "করছিলাম": 0.00449438202247191, "করছে": 0.00449438202247191, "কিছু": 0.00449438202247191, "কেন": 0.00449438202247191, "কোন": 0.00449438202247191, "ছিলাম": 0.00449438202247191, "তো": 0.00449438202247191, "থেকে": 0.00449438202247191, "দিয়ে": 0.00449438202247191, "দেখবেন": 0.00449438202247191, "দোকানের": 0.00449438202247191, "বাট": 0.00449438202247191, "সমস্যা": 0.00449438202247191, "সাথে": 0.00449438202247191, "স্যার": 0.00449438202247191, "হবে": 0.00449438202247191, "হয়েছিল": 0.00449438202247191, "ache": 0.002247191011235955, "active": 0.002247191011235955, "address": 0.002247191011235955, "amader": 0.002247191011235955, "ame": 0.002247191011235955, "ami": 0.002247191011235955, "amr": 0.002247191011235955, "apiএর": 0.002247191011235955, "app": 0.002247191011235955, "ashbe": 0.002247191011235955, "asheni": 0.002247191011235955, "bikash": 0.002247191011235955, "bolaychilo": 0.002247191011235955, "bondho": 0.002247191011235955, "broter": 0.002247191011235955, "but": 0.002247191011235955, "call": 0.002247191011235955, "can": 0.002247191011235955, "chacchi": 0.002247191011235955, "chilo": 0.002247191011235955, "days": 0.002247191011235955, "dekhben": 0.002247191011235955, "dekhe": 0.002247191011235955, "dhukte": 0.002247191011235955, "diben": 0.002247191011235955, "ektu": 0.002247191011235955, "feb": 0.002247191011235955, "from": 0.002247191011235955, "have": 0.002247191011235955, "help": 0.002247191011235955, "hoise": 0.002247191011235955, "hossce": 0.002247191011235955, "hoyechilo": 0.002247191011235955, "is": 0.002247191011235955, "jacche": 0.002247191011235955, "jani": 0.002247191011235955, "jonno": 0.002247191011235955, "kaj": 0.002247191011235955, "kholar": 0.002247191011235955, "kintoh": 0.002247191011235955, "kono": 0.002247191011235955, "kora": 0.002247191011235955, "korar": 0.002247191011235955, "korchena": 0.002247191011235955, "korechi": 0.002247191011235955, "korechilam": 0.002247191011235955, "korechilo": 0.002247191011235955, "kors": 0.002247191011235955, "korte": 0.002247191011235955, "kotha": 0.002247191011235955, "log": 0.002247191011235955, "me": 0.002247191011235955, "meurchent": 0.002247191011235955, "mobile": 0.002247191011235955, "nai": 0.002247191011235955, "not": 0.002247191011235955, "number": 0.002247191011235955, "onurodh": 0.002247191011235955, "open": 0.002247191011235955, "option": 0.002247191011235955, "parhci": 0.002247191011235955, "payment": 0.002247191011235955, "problem": 0.002247191011235955, "recently": 0.002247191011235955, "reject": 0.002247191011235955, "request": 0.002247191011235955, "service": 0.002247191011235955, "sim": 0.002247191011235955, "siro": 0.002247191011235955, "sochol": 0.002247191011235955, "some": 0.002247191011235955, "still": 0.002247191011235955, "take": 0.002247191011235955, "te": 0.002247191011235955, "try": 0.002247191011235955, "unable": 0.002247191011235955, "update": 0.002247191011235955, "whats": 0.002247191011235955, "wrong": 0.002247191011235955, "অনেক": 0.002247191011235955, "আগের": 0.002247191011235955, "আজ": 0.002247191011235955, "আনুরোধ": 0.002247191011235955, "আপনার": 0.002247191011235955, "আমরা": 0.002247191011235955, "আমাকে": 0.002247191011235955, "আমাদের": 0.002247191011235955, "এই": 0.002247191011235955, "একটা": 0.002247191011235955, "একটিভ": 0.002247191011235955, "এখন": 0.002247191011235955, "এটা": 0.002247191011235955, "এলাকার": 0.002247191011235955, "এসেছে": 0.002247191011235955, "এ্যাপসে": 0.002247191011235955, "ওখানে": 0.002247191011235955, "ওপেন": 0.002247191011235955, "কথা": 0.002247191011235955, "কনফার্ম": 0.002247191011235955, "করছি": 0.002247191011235955, "করবেন": 0.002247191011235955, "করার": 0.002247191011235955, "করেছি": 0.002247191011235955, "কাছে": 0.002247191011235955, "কাজ": 0.002247191011235955, "কিন্তু": 0.002247191011235955, "খবর": 0.002247191011235955, "খুলতে": 0.002247191011235955, "খুলেছি": 0.002247191011235955, "খোলার": 0.002247191011235955, "গতকাল": 0.002247191011235955, "চ্যাটের": 0.002247191011235955, "জানানো": 0.002247191011235955, "জানার": 0.002247191011235955, "জানায়": 0.002247191011235955, "টাকা": 0.002247191011235955, "ডিস্ট্রিবিউটরের": 0.002247191011235955, "ঢুকছে": 0.002247191011235955, "তখন": 0.002247191011235955, "তবে": 0.002247191011235955, "তিনদিন": 0.002247191011235955, "দিখ": 0.002247191011235955, "দিন": 0.002247191011235955, "দিয়েছে": 0.002247191011235955, "দেওয়া": 0.002247191011235955, "নং": 0.002247191011235955, "নাই": 0.002247191011235955, "নাম": 0.002247191011235955, "নাম্বার": 0.002247191011235955, "নাম্বারটি": 0.002247191011235955, "নি": 0.002247191011235955, "পরিবর্তন": 0.002247191011235955, "পরিবর্তনের": 0.002247191011235955, "পাইলাম": 0.002247191011235955, "পারব": 0.002247191011235955, "পারি": 0.002247191011235955, "পেমেণ্ট": 0.002247191011235955, "পেলাম": 0.002247191011235955, "ফোন": 0.002247191011235955, "বলছি": 0.002247191011235955, "বলছে": 0.002247191011235955, "বলা": 0.002247191011235955, "বিকাশের": 0.002247191011235955, "বিষয়ে": 0.002247191011235955, "বেন": 0.002247191011235955, "ব্যস্ত": 0.002247191011235955, "ব্যাংক": 0.002247191011235955, "মাচেন্ট": 0.002247191011235955, "মাধ্যমে": 0.002247191011235955, "মার্চেন্টশিপ": 0.002247191011235955, "মিস": 0.002247191011235955, "মোবাইলের": 0.002247191011235955, "যে": 0.002247191011235955, "যোগাযোগ": 0.002247191011235955, "রিকোয়েস্ট": 0.002247191011235955, "রিচিভ": 0.002247191011235955, "রেখেছিলাম": 0.002247191011235955, "লাইভ": 0.002247191011235955, "লেনদেন": 0.002247191011235955, "সাময়িকভাবে": 0.002247191011235955, "সেটার": 0.002247191011235955, "স্থায়ীভাবে": 0.002247191011235955, "স্যারের": 0.002247191011235955, "হইসে": 0.002247191011235955, "হচ্ছে": 0.002247191011235955, "হেল্প": 0.002247191011235955, "হয়": 0.002247191011235955, "হয়না": 0.002247191011235955}