{"offer": 0.046052631578947366, "অফার": 0.03728070175438596, "মার্চেন্ট": 0.03289473684210526, "my": 0.03070175438596491, "দিতে": 0.02850877192982456, "i": 0.02631578947368421, "আমার": 0.02631578947368421, "number": 0.02412280701754386, "bkash": 0.021929824561403508, "merchant": 0.021929824561403508, "চাই": 0.021929824561403508, "dite": 0.019736842105263157, "an": 0.017543859649122806, "for": 0.017543859649122806, "to": 0.017543859649122806, "জন্য": 0.017543859649122806, "e": 0.015350877192982455, "এর": 0.015350877192982455, "কিভাবে": 0.015350877192982455, "amar": 0.013157894736842105, "jonno": 0.013157894736842105, "theke": 0.013157894736842105, "একটি": 0.013157894736842105, "নাম্বারে": 0.013157894736842105, "বিকাশ": 0.013157894736842105, "chai": 0.010964912280701754, "kivabe": 0.010964912280701754, "products": 0.010964912280701754, "want": 0.010964912280701754, "এ": 0.010964912280701754, "গ্রাহকদের": 0.010964912280701754, "can": 0.008771929824561403, "customer": 0.008771929824561403, "customers": 0.008771929824561403, "ekti": 0.008771929824561403, "er": 0.008771929824561403, "how": 0.008771929824561403, "make": 0.008771929824561403, "আমি": 0.008771929824561403, "একাউন্ট": 0.008771929824561403, "নাম্বার": 0.008771929824561403, "মাধ্যমে": 0.008771929824561403, "cacchi": 0.006578947368421052, "daraz": 0.006578947368421052, "dibo": 0.006578947368421052, "discount": 0.006578947368421052, "ekta": 0.006578947368421052, "hlw": 0.006578947368421052, "online": 0.006578947368421052, "via": 0.006578947368421052, "একটা": 0.006578947368421052, "ওয়েবসাইট": 0.006578947368421052, "থেকে": 0.006578947368421052, "পারি": 0.006578947368421052, "account": 0.0043859649122807015, "all": 0.0043859649122807015, "ami": 0.0043859649122807015, "baby": 0.0043859649122807015, "contact": 0.0043859649122807015, "der": 0.0043859649122807015, "dey": 0.0043859649122807015, "do": 0.0043859649122807015, "eid": 0.0043859649122807015, "from": 0.0043859649122807015, "give": 0.0043859649122807015, "gulu": 0.0043859649122807015, "gulur": 0.0043859649122807015, "have": 0.0043859649122807015, "key": 0.0043859649122807015, "ki": 0.0043859649122807015, "manager": 0.0043859649122807015, "marchent": 0.0043859649122807015, "need": 0.0043859649122807015, "should": 0.0043859649122807015, "that": 0.0043859649122807015, "website": 0.0043859649122807015, "with": 0.0043859649122807015, "উপলক্ষে": 0.0043859649122807015, "amr": 0.0021929824561403508, "ase": 0.0021929824561403508, "bolen": 0.0021929824561403508, "cashback": 0.0021929824561403508, "chacchi": 0.0021929824561403508, "create": 0.0021929824561403508, "dekhbo": 0.0021929824561403508, "deyar": 0.0021929824561403508, "eo": 0.0021929824561403508, "feburary": 0.0021929824561403508, "file": 0.0021929824561403508, "grahok": 0.0021929824561403508, "happen": 0.0021929824561403508, "it": 0.0021929824561403508, "jei": 0.0021929824561403508, "me": 0.0021929824561403508, "offline": 0.0021929824561403508, "oirokom": 0.0021929824561403508, "oita": 0.0021929824561403508, "shop": 0.0021929824561403508, "sir": 0.0021929824561403508, "store": 0.0021929824561403508, "system": 0.0021929824561403508, "take": 0.0021929824561403508, "thorugh": 0.0021929824561403508, "through": 0.0021929824561403508, "upoloke": 0.0021929824561403508, "আমাদের": 0.0021929824561403508, "ঈদ": 0.0021929824561403508, "উপর": 0.0021929824561403508, "কি": 0.0021929824561403508, "গুলো": 0.0021929824561403508, "চাচ্ছি": 0.0021929824561403508, "জানতে": 0.0021929824561403508, "ডিসকাউন্ট": 0.0021929824561403508, "দারাজ": 0.0021929824561403508, "দিব": 0.0021929824561403508, "দেওয়া": 0.0021929824561403508, "দেখবো": 0.0021929824561403508, "দেয়": 0.0021929824561403508, "দেয়া": 0.0021929824561403508, "নাম্বারের": 0.0021929824561403508, "নিতে": 0.0021929824561403508, "নিয়ম": 0.0021929824561403508, "পারবো": 0.0021929824561403508, "পুজা": 0.0021929824561403508, "প্রোডাক্ট": 0.0021929824561403508, "ফুডপান্ডা": 0.0021929824561403508, "বলুন": 0.0021929824561403508, "বলেন": 0.0021929824561403508, "বিকাশের": 0.0021929824561403508, "বিস্তারিত": 0.0021929824561403508, "যায়": 0.0021929824561403508, "সব": 0.0021929824561403508, "সম্পর্কে": 0.0021929824561403508}