{"mnp": 0.03133903133903134, "i": 0.02564102564102564, "এম": 0.02279202279202279, "আমার": 0.019943019943019943, "এন": 0.019943019943019943, "পি": 0.019943019943019943, "বিকাশ": 0.019943019943019943, "korte": 0.017094017094017092, "ami": 0.014245014245014244, "update": 0.014245014245014244, "আমি": 0.014245014245014244, "এ": 0.014245014245014244, "করতে": 0.014245014245014244, "থেকে": 0.014245014245014244, "না": 0.014245014245014244, "সিম": 0.014245014245014244, "amar": 0.011396011396011395, "do": 0.011396011396011395, "ki": 0.011396011396011395, "to": 0.011396011396011395, "অপারেটর": 0.011396011396011395, "এখন": 0.011396011396011395, "করে": 0.011396011396011395, "করেছি": 0.011396011396011395, "কি": 0.011396011396011395, "পরিবর্তন": 0.011396011396011395, "রবি": 0.011396011396011395, "a": 0.008547008547008546, "change": 0.008547008547008546, "gp": 0.008547008547008546, "how": 0.008547008547008546, "operator": 0.008547008547008546, "robi": 0.008547008547008546, "sim": 0.008547008547008546, "theke": 0.008547008547008546, "vai": 0.008547008547008546, "আপডেট": 0.008547008547008546, "করার": 0.008547008547008546, "জিপি": 0.008547008547008546, "account": 0.005698005698005697, "apps": 0.005698005698005697, "bkash": 0.005698005698005697, "chai": 0.005698005698005697, "if": 0.005698005698005697, "migrate": 0.005698005698005697, "my": 0.005698005698005697, "nije": 0.005698005698005697, "number": 0.005698005698005697, "ta": 0.005698005698005697, "then": 0.005698005698005697, "আসছি": 0.005698005698005697, "ই": 0.005698005698005697, "এই": 0.005698005698005697, "একটা": 0.005698005698005697, "করনীয়": 0.005698005698005697, "করবো": 0.005698005698005697, "করেছিলাম": 0.005698005698005697, "কিন্তু": 0.005698005698005697, "চাচ্ছি": 0.005698005698005697, "টা": 0.005698005698005697, "নাম্বার": 0.005698005698005697, "নাম্বারে": 0.005698005698005697, "নিয়ম": 0.005698005698005697, "পর": 0.005698005698005697, "পারছি": 0.005698005698005697, "বাংলালিংক": 0.005698005698005697, "বিকাশে": 0.005698005698005697, ">>": 0.0028490028490028487, "acc": 0.0028490028490028487, "ache": 0.0028490028490028487, "airtel": 0.0028490028490028487, "akhon": 0.0028490028490028487, "anything": 0.0028490028490028487, "ascchi": 0.0028490028490028487, "aschi": 0.0028490028490028487, "banaychi": 0.0028490028490028487, "banglalink": 0.0028490028490028487, "bikash": 0.0028490028490028487, "can": 0.0028490028490028487, "cancel": 0.0028490028490028487, "chachsi": 0.0028490028490028487, "cim": 0.0028490028490028487, "currently": 0.0028490028490028487, "deactivate": 0.0028490028490028487, "dukte": 0.0028490028490028487, "ei": 0.0028490028490028487, "ekhon": 0.0028490028490028487, "from": 0.0028490028490028487, "have": 0.0028490028490028487, "hello": 0.0028490028490028487, "hi": 0.0028490028490028487, "hobe": 0.0028490028490028487, "hoe": 0.0028490028490028487, "hoy": 0.0028490028490028487, "jabe": 0.0028490028490028487, "keno": 0.0028490028490028487, "kintu": 0.0028490028490028487, "korbo": 0.0028490028490028487, "korchi": 0.0028490028490028487, "korlam": 0.0028490028490028487, "korle": 0.0028490028490028487, "krte": 0.0028490028490028487, "login": 0.0028490028490028487, "na": 0.0028490028490028487, "naki": 0.0028490028490028487, "need": 0.0028490028490028487, "no": 0.0028490028490028487, "open": 0.0028490028490028487, "parbo": 0.0028490028490028487, "pari": 0.0028490028490028487, "partechina": 0.0028490028490028487, "r": 0.0028490028490028487, "rob": 0.0028490028490028487, "should": 0.0028490028490028487, "sir": 0.0028490028490028487, "submit": 0.0028490028490028487, "tarportheke": 0.0028490028490028487, "teletalk": 0.0028490028490028487, "thakbe": 0.0028490028490028487, "the": 0.0028490028490028487, "want": 0.0028490028490028487, "what": 0.0028490028490028487, "will": 0.0028490028490028487, "with": 0.0028490028490028487, "অ্যাপ": 0.0028490028490028487, "আগে": 0.0028490028490028487, "আপ": 0.0028490028490028487, "আপডেটে": 0.0028490028490028487, "আপনার": 0.0028490028490028487, "আপনি": 0.0028490028490028487, "আবার": 0.0028490028490028487, "আমাকে": 0.0028490028490028487, "আর": 0.0028490028490028487, "একটু": 0.0028490028490028487, "একাউন্ট": 0.0028490028490028487, "এনপি": 0.0028490028490028487, "এমএনপি": 0.0028490028490028487, "এসেছি": 0.0028490028490028487, "এয়ারটেল": 0.0028490028490028487, "করছি": 0.0028490028490028487, "করলে": 0.0028490028490028487, "করা": 0.0028490028490028487, "করারা": 0.0028490028490028487, "কিভাবে": 0.0028490028490028487, "কেনো": 0.0028490028490028487, "খোলা": 0.0028490028490028487, "গ্রামীণ": 0.0028490028490028487, "গ্রামীণনাম্বার": 0.0028490028490028487, "চাই": 0.0028490028490028487, "চাচ্ছেন": 0.0028490028490028487, "চেঞ্জ": 0.0028490028490028487, "ছিল": 0.0028490028490028487, "জন্য": 0.0028490028490028487, "জানতে": 0.0028490028490028487, "জিপিতে": 0.0028490028490028487, "টি": 0.0028490028490028487, "ডুকতে": 0.0028490028490028487, "ঢুকতে": 0.0028490028490028487, "তে": 0.0028490028490028487, "দেখাচ্ছে": 0.0028490028490028487, "দেখায়": 0.0028490028490028487, "নং": 0.0028490028490028487, "নাই": 0.0028490028490028487, "নেটওয়ার্ক": 0.0028490028490028487, "পারি": 0.0028490028490028487, "ফিরে": 0.0028490028490028487, "বলবেন": 0.0028490028490028487, "বাংলালিংকে": 0.0028490028490028487, "ব্যবহার": 0.0028490028490028487, "ভাই": 0.0028490028490028487, "ভায়া": 0.0028490028490028487, "মোবাইল": 0.0028490028490028487, "যখন": 0.0028490028490028487, "যায়": 0.0028490028490028487, "যেটি": 0.0028490028490028487, "শিফট": 0.0028490028490028487, "শুধু": 0.0028490028490028487, "সমস্যা": 0.0028490028490028487, "হইছে": 0.0028490028490028487, "হচ্ছে": 0.0028490028490028487}