{"আমার": 0.09510869565217392, "দিয়ে": 0.03396739130434783, "আইডি": 0.03260869565217391, "nid": 0.028532608695652176, "এখন": 0.025815217391304348, "করতে": 0.024456521739130436, "আমি": 0.023097826086956524, "একাউন্ট": 0.023097826086956524, "বিকাশ": 0.023097826086956524, "amr": 0.021739130434782608, "কার্ড": 0.021739130434782608, "নামে": 0.020380434782608696, "এই": 0.016304347826086956, "amar": 0.014945652173913044, "name": 0.01358695652173913, "ta": 0.012228260869565218, "করা": 0.012228260869565218, "কি": 0.012228260869565218, "চাই": 0.012228260869565218, "bkash": 0.010869565217391304, "kora": 0.010869565217391304, "খোলা": 0.010869565217391304, "চাচ্ছি": 0.010869565217391304, "আম্মুর": 0.009510869565217392, "এনআইডি": 0.009510869565217392, "নিজের": 0.009510869565217392, "korte": 0.008152173913043478, "মালিকানা": 0.008152173913043478, "মায়ের": 0.008152173913043478, "account": 0.006793478260869565, "করে": 0.006793478260869565, "দিয়ে": 0.006793478260869565, "পরিবর্তন": 0.006793478260869565, "ami": 0.005434782608695652, "card": 0.005434782608695652, "ki": 0.005434782608695652, "r": 0.005434782608695652, "এটা": 0.005434782608695652, "কিভাবে": 0.005434782608695652, "খুলেছিলাম": 0.005434782608695652, "চেঞ্জ": 0.005434782608695652, "টা": 0.005434782608695652, "টি": 0.005434782608695652, "বাবার": 0.005434782608695652, "ase": 0.004076086956521739, "diye": 0.004076086956521739, "e": 0.004076086956521739, "id": 0.004076086956521739, "transfer": 0.004076086956521739, "আমাকে": 0.004076086956521739, "এর": 0.004076086956521739, "করবো": 0.004076086956521739, "নিতে": 0.004076086956521739, "রেজিস্ট্রেশন": 0.004076086956521739, "হবে": 0.004076086956521739, "a": 0.002717391304347826, "ache": 0.002717391304347826, "akn": 0.002717391304347826, "ammur": 0.002717391304347826, "bikas": 0.002717391304347826, "change": 0.002717391304347826, "chilo": 0.002717391304347826, "deya": 0.002717391304347826, "diya": 0.002717391304347826, "ekhon": 0.002717391304347826, "jabe": 0.002717391304347826, "korbo": 0.002717391304347826, "kore": 0.002717391304347826, "nijer": 0.002717391304347826, "parbo": 0.002717391304347826, "registered": 0.002717391304347826, "registration": 0.002717391304347826, "seta": 0.002717391304347826, "আত্মীয়": 0.002717391304347826, "আব্বুর": 0.002717391304347826, "একাউন্টটি": 0.002717391304347826, "একাউন্ড": 0.002717391304347826, "এন": 0.002717391304347826, "কী": 0.002717391304347826, "তে": 0.002717391304347826, "না": 0.002717391304347826, "নাম্বারে": 0.002717391304347826, "পরে": 0.002717391304347826, "পারব": 0.002717391304347826, "বিকাশটি": 0.002717391304347826, "যাবে": 0.002717391304347826, "সম্ভব": 0.002717391304347826, "সিম": 0.002717391304347826, "সিমে": 0.002717391304347826, "সেটা": 0.002717391304347826, "হয়ছে": 0.002717391304347826, "abbu": 0.001358695652173913, "ac": 0.001358695652173913, "accounts": 0.001358695652173913, "accunt": 0.001358695652173913, "age": 0.001358695652173913, "ai": 0.001358695652173913, "aissa": 0.001358695652173913, "aita": 0.001358695652173913, "akhn": 0.001358695652173913, "akhon": 0.001358695652173913, "ammu": 0.001358695652173913, "anr": 0.001358695652173913, "ar": 0.001358695652173913, "asa": 0.001358695652173913, "babar": 0.001358695652173913, "bikash": 0.001358695652173913, "bola": 0.001358695652173913, "boro": 0.001358695652173913, "cacci": 0.001358695652173913, "cai": 0.001358695652173913, "can": 0.001358695652173913, "chacchi": 0.001358695652173913, "chai": 0.001358695652173913, "chng": 0.001358695652173913, "dadir": 0.001358695652173913, "dia": 0.001358695652173913, "eita": 0.001358695652173913, "ekhn": 0.001358695652173913, "ekn": 0.001358695652173913, "er": 0.001358695652173913, "halnagat": 0.001358695652173913, "hoyeche": 0.001358695652173913, "i": 0.001358695652173913, "is": 0.001358695652173913, "jai": 0.001358695652173913, "khulchilam": 0.001358695652173913, "khulselam": 0.001358695652173913, "kivabe": 0.001358695652173913, "kmne": 0.001358695652173913, "korechilam": 0.001358695652173913, "ma": 0.001358695652173913, "mana": 0.001358695652173913, "mayer": 0.001358695652173913, "mother": 0.001358695652173913, "my": 0.001358695652173913, "na": 0.001358695652173913, "nanar": 0.001358695652173913, "nita": 0.001358695652173913, "number": 0.001358695652173913, "open": 0.001358695652173913, "ownership": 0.001358695652173913, "pari": 0.001358695652173913, "porse": 0.001358695652173913, "procedure": 0.001358695652173913, "recently": 0.001358695652173913, "sim": 0.001358695652173913, "smart": 0.001358695652173913, "so": 0.001358695652173913, "te": 0.001358695652173913, "this": 0.001358695652173913, "tokhon": 0.001358695652173913, "use": 0.001358695652173913, "vai": 0.001358695652173913, "অইটা": 0.001358695652173913, "অ্যাকাউন্টটা": 0.001358695652173913, "অ্যাকাউন্টটি": 0.001358695652173913, "আই": 0.001358695652173913, "আইডিটা": 0.001358695652173913, "আইডিতে": 0.001358695652173913, "আছে": 0.001358695652173913, "আন্টির": 0.001358695652173913, "আপু": 0.001358695652173913, "আবার": 0.001358695652173913, "আব্বার": 0.001358695652173913, "আমারটা": 0.001358695652173913, "আম্মু": 0.001358695652173913, "আর": 0.001358695652173913, "উপায়": 0.001358695652173913, "এইটা": 0.001358695652173913, "এক": 0.001358695652173913, "একত্রে": 0.001358695652173913, "একাউন্টও": 0.001358695652173913, "এটি": 0.001358695652173913, "এনয়াইডি": 0.001358695652173913, "এ্যাকাউন্ট": 0.001358695652173913, "ওনারশিপ": 0.001358695652173913, "করনীয়": 0.001358695652173913, "করলে": 0.001358695652173913, "করার": 0.001358695652173913, "করেছি": 0.001358695652173913, "করেছিলাম": 0.001358695652173913, "কারণে": 0.001358695652173913, "কারন": 0.001358695652173913, "কার্ডে": 0.001358695652173913, "কিন্তু": 0.001358695652173913, "খুলছি": 0.001358695652173913, "খুলছিলাম": 0.001358695652173913, "খুলতে": 0.001358695652173913, "খেলা": 0.001358695652173913, "খোলার": 0.001358695652173913, "ছিল": 0.001358695652173913, "জিপি": 0.001358695652173913, "ট্রান্সফার": 0.001358695652173913, "ডি": 0.001358695652173913, "তথ্য": 0.001358695652173913, "তাহলে": 0.001358695652173913, "থাকার": 0.001358695652173913, "থাকায়": 0.001358695652173913, "থেকে": 0.001358695652173913, "দিতে": 0.001358695652173913, "দিন": 0.001358695652173913, "দিশে": 0.001358695652173913, "দেওয়া": 0.001358695652173913, "নানির": 0.001358695652173913, "নাম্বারটা": 0.001358695652173913, "নাম্বারটি": 0.001358695652173913, "পরিবর্তে": 0.001358695652173913, "পরির্বতন": 0.001358695652173913, "পারবো": 0.001358695652173913, "পারি": 0.001358695652173913, "পুনরায়": 0.001358695652173913, "বড়": 0.001358695652173913, "বদল": 0.001358695652173913, "বন্ধ": 0.001358695652173913, "বাট": 0.001358695652173913, "বাদ": 0.001358695652173913, "ব্যবহার": 0.001358695652173913, "ব্যবহৃত": 0.001358695652173913, "ব্যাক": 0.001358695652173913, "বড়": 0.001358695652173913, "ভাইয়ের": 0.001358695652173913, "ভাইয়ের": 0.001358695652173913, "ভেরিফাই": 0.001358695652173913, "ভোটার": 0.001358695652173913, "মায়ের": 0.001358695652173913, "মালিকত্ব": 0.001358695652173913, "মালিকনা": 0.001358695652173913, "যুক্ত": 0.001358695652173913, "যেয়ে": 0.001358695652173913, "র": 0.001358695652173913, "সংযুক্ত": 0.001358695652173913, "সময়": 0.001358695652173913, "সাথে": 0.001358695652173913, "সাবমিট": 0.001358695652173913, "সিমটি": 0.001358695652173913, "সেম": 0.001358695652173913, "হয়েছে": 0.001358695652173913, "হয়নি": 0.001358695652173913, "হয়েছি": 0.001358695652173913, "হয়েছিল": 0.001358695652173913, "হয়েছিলো": 0.001358695652173913, "হয়েছে": 0.001358695652173913}