{"মালিকানা": 0.04807692307692307, "পরিবর্তন": 0.04447115384615385, "করতে": 0.042067307692307696, "change": 0.03365384615384615, "bkash": 0.03245192307692308, "বিকাশ": 0.03125, "account": 0.027644230769230768, "korte": 0.025240384615384616, "আমার": 0.025240384615384616, "ki": 0.020432692307692308, "malikana": 0.020432692307692308, "কি": 0.020432692307692308, "আমি": 0.01923076923076923, "i": 0.015625, "ownership": 0.015625, "চাই": 0.014423076923076922, "nid": 0.013221153846153846, "কিভাবে": 0.013221153846153846, "করা": 0.012019230769230768, "বিকাশের": 0.012019230769230768, "er": 0.010817307692307692, "my": 0.010817307692307692, "একাউন্ট": 0.010817307692307692, "একাউন্টের": 0.010817307692307692, "এর": 0.010817307692307692, "চাচ্ছি": 0.010817307692307692, "ami": 0.008413461538461538, "can": 0.008413461538461538, "to": 0.008413461538461538, "amar": 0.007211538461538461, "amr": 0.007211538461538461, "how": 0.007211538461538461, "the": 0.007211538461538461, "chai": 0.006009615384615384, "of": 0.006009615384615384, "owner": 0.006009615384615384, "a": 0.004807692307692307, "diye": 0.004807692307692307, "kora": 0.004807692307692307, "parbo": 0.004807692307692307, "sim": 0.004807692307692307, "transfer": 0.004807692307692307, "want": 0.004807692307692307, "আছে": 0.004807692307692307, "করবো": 0.004807692307692307, "পারি": 0.004807692307692307, "ar": 0.0036057692307692305, "hobe": 0.0036057692307692305, "it": 0.0036057692307692305, "poriborton": 0.0036057692307692305, "ta": 0.0036057692307692305, "this": 0.0036057692307692305, "way": 0.0036057692307692305, "এই": 0.0036057692307692305, "করব": 0.0036057692307692305, "চেঞ্জ": 0.0036057692307692305, "দিয়ে": 0.0036057692307692305, "পারবো": 0.0036057692307692305, "বিকাশে": 0.0036057692307692305, "যদি": 0.0036057692307692305, "যাবে": 0.0036057692307692305, "হবে": 0.0036057692307692305, "any": 0.0024038461538461535, "ase": 0.0024038461538461535, "bikas": 0.0024038461538461535, "cai": 0.0024038461538461535, "card": 0.0024038461538461535, "ei": 0.0024038461538461535, "id": 0.0024038461538461535, "is": 0.0024038461538461535, "khetre": 0.0024038461538461535, "khula": 0.0024038461538461535, "korar": 0.0024038461538461535, "korbo": 0.0024038461538461535, "lage": 0.0024038461538461535, "number": 0.0024038461538461535, "onno": 0.0024038461538461535, "owneeship": 0.0024038461538461535, "possible": 0.0024038461538461535, "অন্য": 0.0024038461538461535, "অপশন": 0.0024038461538461535, "অ্যাকাউন্ট": 0.0024038461538461535, "আইডি": 0.0024038461538461535, "আপডেট": 0.0024038461538461535, "আমাকে": 0.0024038461538461535, "একাউন্টটির": 0.0024038461538461535, "এখন": 0.0024038461538461535, "করার": 0.0024038461538461535, "করে": 0.0024038461538461535, "তথ্য": 0.0024038461538461535, "তাহলে": 0.0024038461538461535, "নামে": 0.0024038461538461535, "যায়": 0.0024038461538461535, "সম্ভব": 0.0024038461538461535, "সেটা": 0.0024038461538461535, "ache": 0.0012019230769230768, "akhon": 0.0012019230769230768, "akjoner": 0.0012019230769230768, "akta": 0.0012019230769230768, "aktu": 0.0012019230769230768, "amake": 0.0012019230769230768, "as": 0.0012019230769230768, "bkas": 0.0012019230769230768, "bole": 0.0012019230769230768, "cacchi": 0.0012019230769230768, "chaccelam": 0.0012019230769230768, "chacchi": 0.0012019230769230768, "changed": 0.0012019230769230768, "changing": 0.0012019230769230768, "changs": 0.0012019230769230768, "chassi": 0.0012019230769230768, "chenge": 0.0012019230769230768, "chi": 0.0012019230769230768, "chnage": 0.0012019230769230768, "ekti": 0.0012019230769230768, "from": 0.0012019230769230768, "have": 0.0012019230769230768, "help": 0.0012019230769230768, "if": 0.0012019230769230768, "inform": 0.0012019230769230768, "jai": 0.0012019230769230768, "jave": 0.0012019230769230768, "jay": 0.0012019230769230768, "je": 0.0012019230769230768, "jei": 0.0012019230769230768, "jeta": 0.0012019230769230768, "khola": 0.0012019230769230768, "kivabe": 0.0012019230769230768, "klbave": 0.0012019230769230768, "kno": 0.0012019230769230768, "kore": 0.0012019230769230768, "korta": 0.0012019230769230768, "korun": 0.0012019230769230768, "kotodin": 0.0012019230769230768, "krbo": 0.0012019230769230768, "lagba": 0.0012019230769230768, "like": 0.0012019230769230768, "maikana": 0.0012019230769230768, "malaikana": 0.0012019230769230768, "malikanao": 0.0012019230769230768, "me": 0.0012019230769230768, "nidপেয়েছি": 0.0012019230769230768, "nijer": 0.0012019230769230768, "niyom": 0.0012019230769230768, "now": 0.0012019230769230768, "open": 0.0012019230769230768, "ota": 0.0012019230769230768, "owernership": 0.0012019230769230768, "own": 0.0012019230769230768, "ownar": 0.0012019230769230768, "please": 0.0012019230769230768, "poribortton": 0.0012019230769230768, "poribotton": 0.0012019230769230768, "poribtton": 0.0012019230769230768, "poroborton": 0.0012019230769230768, "process": 0.0012019230769230768, "r": 0.0012019230769230768, "registered": 0.0012019230769230768, "se": 0.0012019230769230768, "seems": 0.0012019230769230768, "seta": 0.0012019230769230768, "shei": 0.0012019230769230768, "ship": 0.0012019230769230768, "so": 0.0012019230769230768, "tangail": 0.0012019230769230768, "tansfar": 0.0012019230769230768, "teo": 0.0012019230769230768, "that": 0.0012019230769230768, "theke": 0.0012019230769230768, "there": 0.0012019230769230768, "thr": 0.0012019230769230768, "ti": 0.0012019230769230768, "tir": 0.0012019230769230768, "upai": 0.0012019230769230768, "vaby": 0.0012019230769230768, "voter": 0.0012019230769230768, "অ্যাপে": 0.0012019230769230768, "আইডির": 0.0012019230769230768, "আগে": 0.0012019230769230768, "আগের": 0.0012019230769230768, "আচে": 0.0012019230769230768, "আর": 0.0012019230769230768, "ইনফরমেশন": 0.0012019230769230768, "উপায়": 0.0012019230769230768, "একজনের": 0.0012019230769230768, "একাউন্টা": 0.0012019230769230768, "একাউন্টি": 0.0012019230769230768, "একাউন্টে": 0.0012019230769230768, "এক্ষেত্রে": 0.0012019230769230768, "এখানে": 0.0012019230769230768, "এটাতে": 0.0012019230769230768, "এন": 0.0012019230769230768, "এনআইডি": 0.0012019230769230768, "এপে": 0.0012019230769230768, "করনীয়": 0.0012019230769230768, "করি": 0.0012019230769230768, "কার্ড": 0.0012019230769230768, "কিভাব": 0.0012019230769230768, "কী": 0.0012019230769230768, "কীভাবে": 0.0012019230769230768, "কোথায়": 0.0012019230769230768, "কোন": 0.0012019230769230768, "খুলেছি": 0.0012019230769230768, "খোলা": 0.0012019230769230768, "চাইচ": 0.0012019230769230768, "চাচ্ছিলাম": 0.0012019230769230768, "চায়": 0.0012019230769230768, "চেন্জ": 0.0012019230769230768, "চ্যালেঞ্জ": 0.0012019230769230768, "জন্ন": 0.0012019230769230768, "জাই": 0.0012019230769230768, "টি": 0.0012019230769230768, "ট্রানফার": 0.0012019230769230768, "ডকুমেন্টস": 0.0012019230769230768, "ঢাকার": 0.0012019230769230768, "তা": 0.0012019230769230768, "তার": 0.0012019230769230768, "দিয়ে": 0.0012019230769230768, "দেওয়া": 0.0012019230769230768, "দেখলাম": 0.0012019230769230768, "দয়া": 0.0012019230769230768, "নম্বরে": 0.0012019230769230768, "না": 0.0012019230769230768, "নিতে": 0.0012019230769230768, "পরিবর্তনের": 0.0012019230769230768, "পারচনাল": 0.0012019230769230768, "পারব": 0.0012019230769230768, "পার্সোনাল": 0.0012019230769230768, "বন্ধ": 0.0012019230769230768, "বলতে": 0.0012019230769230768, "বলতেন": 0.0012019230769230768, "বসেই": 0.0012019230769230768, "বাসায়": 0.0012019230769230768, "বিকাস": 0.0012019230769230768, "ভাবে": 0.0012019230769230768, "ভিন্ন": 0.0012019230769230768, "মত": 0.0012019230769230768, "মাধ্যমে": 0.0012019230769230768, "মালিক": 0.0012019230769230768, "মালিককেও": 0.0012019230769230768, "মালিকনা": 0.0012019230769230768, "য়ে": 0.0012019230769230768, "যায়": 0.0012019230769230768, "যে": 0.0012019230769230768, "যেতে": 0.0012019230769230768, "রেজিস্টার": 0.0012019230769230768, "লাগবে": 0.0012019230769230768, "সাথে": 0.0012019230769230768, "সিমটি": 0.0012019230769230768, "সুযোগ": 0.0012019230769230768, "হলে": 0.0012019230769230768, "হালনাগাদের": 0.0012019230769230768, "হয়": 0.0012019230769230768, "হয়েছে": 0.0012019230769230768}