{"bill": 0.049352750809061485, "বিল": 0.04449838187702266, "charge": 0.03802588996763754, "চার্জ": 0.023462783171521034, "bkash": 0.022653721682847898, "pay": 0.021035598705501618, "বিদ্যুৎ": 0.0186084142394822, "koto": 0.013754045307443367, "কত": 0.012944983818770227, "কি": 0.012944983818770227, "free": 0.010517799352750809, "theke": 0.010517799352750809, "ফ্রি": 0.010517799352750809, "ki": 0.00970873786407767, "টাকা": 0.00970873786407767, "biddut": 0.00889967637540453, "kate": 0.00889967637540453, "কেন": 0.008090614886731393, "দিতে": 0.008090614886731393, "ফ্রী": 0.008090614886731393, "বিকাশ": 0.008090614886731393, "a": 0.007281553398058253, "e": 0.007281553398058253, "কাটবে": 0.007281553398058253, "bil": 0.006472491909385114, "dile": 0.006472491909385114, "er": 0.006472491909385114, "payment": 0.006472491909385114, "taka": 0.006472491909385114, "পে": 0.006472491909385114, "ami": 0.0056634304207119745, "বিকাশে": 0.0056634304207119745, "বিলের": 0.0056634304207119745, "amar": 0.004854368932038835, "ar": 0.004854368932038835, "beshi": 0.004854368932038835, "on": 0.004854368932038835, "tk": 0.004854368932038835, "এখন": 0.004854368932038835, "করে": 0.004854368932038835, "থেকে": 0.004854368932038835, "bidut": 0.004045307443365696, "extra": 0.004045307443365696, "i": 0.004045307443365696, "kono": 0.004045307443365696, "why": 0.004045307443365696, "আমার": 0.004045307443365696, "এর": 0.004045307443365696, "কাটে": 0.004045307443365696, "টি": 0.004045307443365696, "বিলে": 0.004045307443365696, "মাসে": 0.004045307443365696, "যায়": 0.004045307443365696, "hobe": 0.003236245954692557, "jante": 0.003236245954692557, "kore": 0.003236245954692557, "palli": 0.003236245954692557, "parbo": 0.003236245954692557, "polli": 0.003236245954692557, "ta": 0.003236245954692557, "to": 0.003236245954692557, "আমি": 0.003236245954692557, "কয়টা": 0.003236245954692557, "করলে": 0.003236245954692557, "দিলে": 0.003236245954692557, "দেওয়া": 0.003236245954692557, "দেওয়া": 0.003236245954692557, "দেয়া": 0.003236245954692557, "না": 0.003236245954692557, "পরিশোধ": 0.003236245954692557, "যাবে": 0.003236245954692557, "যায়": 0.003236245954692557, "bai": 0.0024271844660194177, "bidot": 0.0024271844660194177, "bidyut": 0.0024271844660194177, "charg": 0.0024271844660194177, "dite": 0.0024271844660194177, "katse": 0.0024271844660194177, "ken": 0.0024271844660194177, "kno": 0.0024271844660194177, "korle": 0.0024271844660194177, "month": 0.0024271844660194177, "my": 0.0024271844660194177, "paid": 0.0024271844660194177, "prepaid": 0.0024271844660194177, "teke": 0.0024271844660194177, "the": 0.0024271844660194177, "ti": 0.0024271844660194177, "you": 0.0024271844660194177, "আছে": 0.0024271844660194177, "এ": 0.0024271844660194177, "এই": 0.0024271844660194177, "কাটসে": 0.0024271844660194177, "কাটা": 0.0024271844660194177, "কয়টি": 0.0024271844660194177, "চাজ": 0.0024271844660194177, "ছার্জ": 0.0024271844660194177, "তে": 0.0024271844660194177, "তো": 0.0024271844660194177, "ফিরি": 0.0024271844660194177, "বিদ‍্যুৎ": 0.0024271844660194177, "লাগবে": 0.0024271844660194177, "লাগে": 0.0024271844660194177, "ai": 0.0016181229773462784, "any": 0.0016181229773462784, "app": 0.0016181229773462784, "ase": 0.0016181229773462784, "bar": 0.0016181229773462784, "can": 0.0016181229773462784, "carge": 0.0016181229773462784, "chara": 0.0016181229773462784, "charged": 0.0016181229773462784, "cost": 0.0016181229773462784, "deducted": 0.0016181229773462784, "diya": 0.0016181229773462784, "do": 0.0016181229773462784, "ei": 0.0016181229773462784, "electricity": 0.0016181229773462784, "from": 0.0016181229773462784, "is": 0.0016181229773462784, "jabe": 0.0016181229773462784, "jonno": 0.0016181229773462784, "kano": 0.0016181229773462784, "keno": 0.0016181229773462784, "kon": 0.0016181229773462784, "koren": 0.0016181229773462784, "na": 0.0016181229773462784, "nesco": 0.0016181229773462784, "of": 0.0016181229773462784, "postpaid": 0.0016181229773462784, "prepride": 0.0016181229773462784, "tar": 0.0016181229773462784, "what": 0.0016181229773462784, "without": 0.0016181229773462784, "yesterday": 0.0016181229773462784, "অতিরিক্ত": 0.0016181229773462784, "এজেন্ট": 0.0016181229773462784, "এপ": 0.0016181229773462784, "এবং": 0.0016181229773462784, "করলাম": 0.0016181229773462784, "করা": 0.0016181229773462784, "করেন": 0.0016181229773462784, "কিন্ত": 0.0016181229773462784, "কোনো": 0.0016181229773462784, "কোনো": 0.0016181229773462784, "কয়টা": 0.0016181229773462784, "খরচ": 0.0016181229773462784, "গুলো": 0.0016181229773462784, "গেলে": 0.0016181229773462784, "চার্চ": 0.0016181229773462784, "জন্য": 0.0016181229773462784, "জানাবেন": 0.0016181229773462784, "টা": 0.0016181229773462784, "দিয়ে": 0.0016181229773462784, "দিয়ে": 0.0016181229773462784, "দেওন": 0.0016181229773462784, "পল্লী": 0.0016181229773462784, "পারব": 0.0016181229773462784, "পেমেন্ট": 0.0016181229773462784, "প্রতি": 0.0016181229773462784, "ফি": 0.0016181229773462784, "বাই": 0.0016181229773462784, "মাসের": 0.0016181229773462784, "হয়": 0.0016181229773462784, "247": 0.0008090614886731392, "acy": 0.0008090614886731392, "agent": 0.0008090614886731392, "allow": 0.0008090614886731392, "amare": 0.0008090614886731392, "amount": 0.0008090614886731392, "amr": 0.0008090614886731392, "apnera": 0.0008090614886731392, "assalamualaikum": 0.0008090614886731392, "back": 0.0008090614886731392, "baksh": 0.0008090614886731392, "been": 0.0008090614886731392, "besi": 0.0008090614886731392, "bhaiya": 0.0008090614886731392, "biddutbil": 0.0008090614886731392, "bidhut": 0.0008090614886731392, "bikas": 0.0008090614886731392, "bikash": 0.0008090614886731392, "bile": 0.0008090614886731392, "bille": 0.0008090614886731392, "bills": 0.0008090614886731392, "bolsi": 0.0008090614886731392, "bolte": 0.0008090614886731392, "bolten": 0.0008090614886731392, "bpdb": 0.0008090614886731392, "carent": 0.0008090614886731392, "cay": 0.0008090614886731392, "chacchi": 0.0008090614886731392, "chaccilam": 0.0008090614886731392, "chag": 0.0008090614886731392, "charges": 0.0008090614886731392, "charj": 0.0008090614886731392, "charrge": 0.0008090614886731392, "crg": 0.0008090614886731392, "daffodil": 0.0008090614886731392, "dail": 0.0008090614886731392, "deduction": 0.0008090614886731392, "dele": 0.0008090614886731392, "den": 0.0008090614886731392, "desco": 0.0008090614886731392, "detail": 0.0008090614886731392, "dety": 0.0008090614886731392, "deya": 0.0008090614886731392, "dichi": 0.0008090614886731392, "ditea": 0.0008090614886731392, "diye": 0.0008090614886731392, "does": 0.0008090614886731392, "educational": 0.0008090614886731392, "ekta": 0.0008090614886731392, "ektu": 0.0008090614886731392, "eta": 0.0008090614886731392, "ferot": 0.0008090614886731392, "for": 0.0008090614886731392, "fri": 0.0008090614886731392, "gas": 0.0008090614886731392, "gash": 0.0008090614886731392, "hajar": 0.0008090614886731392, "hazare": 0.0008090614886731392, "help": 0.0008090614886731392, "hi": 0.0008090614886731392, "hoi": 0.0008090614886731392, "how": 0.0008090614886731392, "i've": 0.0008090614886731392, "in": 0.0008090614886731392, "institute": 0.0008090614886731392, "international": 0.0008090614886731392, "into": 0.0008090614886731392, "isn't": 0.0008090614886731392, "it's": 0.0008090614886731392, "janaben": 0.0008090614886731392, "january": 0.0008090614886731392, "jay": 0.0008090614886731392, "jaygay": 0.0008090614886731392, "jnno": 0.0008090614886731392, "jodi": 0.0008090614886731392, "karent": 0.0008090614886731392, "katbe": 0.0008090614886731392, "katben": 0.0008090614886731392, "katche": 0.0008090614886731392, "katece": 0.0008090614886731392, "katen": 0.0008090614886731392, "katlo": 0.0008090614886731392, "kattese": 0.0008090614886731392, "katva": 0.0008090614886731392, "katy": 0.0008090614886731392, "kemon": 0.0008090614886731392, "ketese": 0.0008090614886731392, "khetre": 0.0008090614886731392, "khoros": 0.0008090614886731392, "kn": 0.0008090614886731392, "know": 0.0008090614886731392, "koita": 0.0008090614886731392,