{"বিল": 0.0248565965583174, "ভুল": 0.022944550669216062, "আমি": 0.019120458891013385, "টাকা": 0.019120458891013385, "করে": 0.017208413001912046, "bill": 0.015296367112810707, "কি": 0.015296367112810707, "i": 0.01338432122370937, "ki": 0.01338432122370937, "number": 0.01338432122370937, "অন্য": 0.01338432122370937, "এখন": 0.01338432122370937, "নাম্বারে": 0.01338432122370937, "recharge": 0.011472275334608031, "বিদ্যুৎ": 0.011472275334608031, "a": 0.009560229445506692, "ami": 0.0076481835564053535, "e": 0.0076481835564053535, "gas": 0.0076481835564053535, "have": 0.0076481835564053535, "the": 0.0076481835564053535, "tk": 0.0076481835564053535, "wrong": 0.0076481835564053535, "করতে": 0.0076481835564053535, "করেছি": 0.0076481835564053535, "গিয়ে": 0.0076481835564053535, "গেছে": 0.0076481835564053535, "পরিশোধ": 0.0076481835564053535, "পে": 0.0076481835564053535, "মিটার": 0.0076481835564053535, "মিটারে": 0.0076481835564053535, "রিচার্জ": 0.0076481835564053535, "akta": 0.0057361376673040155, "amar": 0.0057361376673040155, "back": 0.0057361376673040155, "er": 0.0057361376673040155, "meter": 0.0057361376673040155, "metered": 0.0057361376673040155, "mitar": 0.0057361376673040155, "miter": 0.0057361376673040155, "my": 0.0057361376673040155, "pabo": 0.0057361376673040155, "pay": 0.0057361376673040155, "ta": 0.0057361376673040155, "taka": 0.0057361376673040155, "to": 0.0057361376673040155, "token": 0.0057361376673040155, "vul": 0.0057361376673040155, "এ": 0.0057361376673040155, "করবো": 0.0057361376673040155, "ফেরত": 0.0057361376673040155, "ভাই": 0.0057361376673040155, "ভুলে": 0.0057361376673040155, "হয়ে": 0.0057361376673040155, "ago": 0.0038240917782026767, "amr": 0.0038240917782026767, "at": 0.0038240917782026767, "biddut": 0.0038240917782026767, "bil": 0.0038240917782026767, "bkash": 0.0038240917782026767, "bul": 0.0038240917782026767, "can": 0.0038240917782026767, "cole": 0.0038240917782026767, "diye": 0.0038240917782026767, "ekhon": 0.0038240917782026767, "get": 0.0038240917782026767, "giye": 0.0038240917782026767, "how": 0.0038240917782026767, "id": 0.0038240917782026767, "kora": 0.0038240917782026767, "kore": 0.0038240917782026767, "korle": 0.0038240917782026767, "korte": 0.0038240917782026767, "money": 0.0038240917782026767, "nid": 0.0038240917782026767, "non": 0.0038240917782026767, "onno": 0.0038240917782026767, "paid": 0.0038240917782026767, "pari": 0.0038240917782026767, "payed": 0.0038240917782026767, "prepaid": 0.0038240917782026767, "sir": 0.0038240917782026767, "that": 0.0038240917782026767, "theke": 0.0038240917782026767, "titas": 0.0038240917782026767, "আগে": 0.0038240917782026767, "আমার": 0.0038240917782026767, "আরেক": 0.0038240917782026767, "আসছে": 0.0038240917782026767, "একটি": 0.0038240917782026767, "এটা": 0.0038240917782026767, "এর": 0.0038240917782026767, "করছি": 0.0038240917782026767, "করব": 0.0038240917782026767, "করা": 0.0038240917782026767, "করার": 0.0038240917782026767, "কিন্তু": 0.0038240917782026767, "চলে": 0.0038240917782026767, "দিতে": 0.0038240917782026767, "দিয়ে": 0.0038240917782026767, "দিয়েছি": 0.0038240917782026767, "নাম্বার": 0.0038240917782026767, "পেবিল": 0.0038240917782026767, "ফেলসি": 0.0038240917782026767, "বিলারে": 0.0038240917782026767, "যদি": 0.0038240917782026767, "aa": 0.0019120458891013384, "abar": 0.0019120458891013384, "ai": 0.0019120458891013384, "akhn": 0.0019120458891013384, "akon": 0.0019120458891013384, "amader": 0.0019120458891013384, "and": 0.0019120458891013384, "ar": 0.0019120458891013384, "asshlamualikom": 0.0019120458891013384, "baksh": 0.0019120458891013384, "bank": 0.0019120458891013384, "bhai": 0.0019120458891013384, "bhul": 0.0019120458891013384, "biddot": 0.0019120458891013384, "bole": 0.0019120458891013384, "bpdb": 0.0019120458891013384, "cad": 0.0019120458891013384, "chilo": 0.0019120458891013384, "chole": 0.0019120458891013384, "correction": 0.0019120458891013384, "desi": 0.0019120458891013384, "digit": 0.0019120458891013384, "disi": 0.0019120458891013384, "do": 0.0019120458891013384, "duivar": 0.0019120458891013384, "eitar": 0.0019120458891013384, "ek": 0.0019120458891013384, "ekhn": 0.0019120458891013384, "ekta": 0.0019120458891013384, "fekeci": 0.0019120458891013384, "few": 0.0019120458891013384, "fire": 0.0019120458891013384, "gace": 0.0019120458891013384, "gece": 0.0019120458891013384, "geche": 0.0019120458891013384, "hobeki": 0.0019120458891013384, "hoicea": 0.0019120458891013384, "hoisa": 0.0019120458891013384, "hoise": 0.0019120458891013384, "if": 0.0019120458891013384, "jaay": 0.0019120458891013384, "jai": 0.0019120458891013384, "ji": 0.0019120458891013384, "jodi": 0.0019120458891013384, "just": 0.0019120458891013384, "kaz": 0.0019120458891013384, "kinto": 0.0019120458891013384, "kivabe": 0.0019120458891013384, "kno": 0.0019120458891013384, "korchen": 0.0019120458891013384, "korchi": 0.0019120458891013384, "korechi": 0.0019120458891013384, "korefelsi": 0.0019120458891013384, "korinai": 0.0019120458891013384, "kortea": 0.0019120458891013384, "mas": 0.0019120458891013384, "metar": 0.0019120458891013384, "metere": 0.0019120458891013384, "minits": 0.0019120458891013384, "minutes": 0.0019120458891013384, "mistakenly": 0.0019120458891013384, "na": 0.0019120458891013384, "nambar": 0.0019120458891013384, "not": 0.0019120458891013384, "now": 0.0019120458891013384, "numbar": 0.0019120458891013384, "numbre": 0.0019120458891013384, "paba": 0.0019120458891013384, "palli": 0.0019120458891013384, "paybill": 0.0019120458891013384, "paybiller": 0.0019120458891013384, "payment": 0.0019120458891013384, "pete": 0.0019120458891013384, "postpaid": 0.0019120458891013384, "preoaid": 0.0019120458891013384, "pthay": 0.0019120458891013384, "return": 0.0019120458891013384, "reverse": 0.0019120458891013384, "same": 0.0019120458891013384, "shomadhan": 0.0019120458891013384, "somadn": 0.0019120458891013384, "tahole": 0.0019120458891013384, "thaki": 0.0019120458891013384, "titash": 0.0019120458891013384, "use": 0.0019120458891013384, "vhull": 0.0019120458891013384, "vull": 0.0019120458891013384, "vuul": 0.0019120458891013384, "working": 0.0019120458891013384, "আইডিতে": 0.0019120458891013384, "আছে": 0.0019120458891013384, "আনবো": 0.0019120458891013384, "আনা": 0.0019120458891013384, "আরেকবার": 0.0019120458891013384, "উপকার": 0.0019120458891013384, "উপায়": 0.0019120458891013384, "এই": 0.0019120458891013384, "একটা": 0.0019120458891013384, "একটু": 0.0019120458891013384, "একাউন্ট": 0.0019120458891013384, "একাউন্টে": 0.0019120458891013384, "এনআইডি": 0.0019120458891013384, "করেছিলাম": 0.0019120458891013384, "কারনে": 0.0019120458891013384, "কিছুক্ষণ": 0.0019120458891013384, "কিভাবে": 0.0019120458891013384, "কী": 0.0019120458891013384, "কোন": 0.0019120458891013384, "খুব": 0.0019120458891013384, "গেলো": 0.0019120458891013384, "গেসে": 0.0019120458891013384, "গ্যাস": 0.0019120458891013384, "জন্য": 0.0019120458891013384, "জানাতেন": 0.0019120458891013384, "টাকাটা": 0.0019120458891013384, "টোকেন": 0.0019120458891013384, "ডায়াল": 0.0019120458891013384, "ডিপিডিসি": 0.0019120458891013384, "ডুকাইছি": 0.0019120458891013384, "তোলার": 0.0019120458891013384, "দয়া": 0.0019120458891013384, "দিছি": 0.0019120458891013384, "দেয়াতে": 0.0019120458891013384, "নম্বর": 0.0019120458891013384, "নম্বরে": 0.0019120458891013384, "না": 0.0019120458891013384, "পর": 0.0019120458891013384, "পরিষদ": 0.0019120458891013384, "পল্লি": 0.0019120458891013384, "পাঠাই": 0.0019120458891013384, "পারবেন": 0.0019120458891013384, "পারি": 0.0019120458891013384, "পেতে": 0.0019120458891013384, "প্রদান": 0.0019120458891013384, "প্রধান": 0.0019120458891013384, "ফেলি": 0.0019120458891013384, "ফেলেছি": 0.0019120458891013384, "ফেলেছে": 0.0019120458891013384, "বরং": 0.0019120458891013384, "বার": 0.0019120458891013384, "বিলের": 0.0019120458891013384, "ব্যাক": 0.0019120458891013384, "ব্যালেন্স": 0.0019120458891013384, "ভাইয়া": 0.0019120458891013384, "ভাবে": 0.0019120458891013384, "ভুলক্রমে": 0.0019120458891013384, "ভুলের": 0.0019120458891013384, "মিটরে": 0.0019120458891013384,