{"বিল": 0.044859813084112146, "bill": 0.03925233644859813, "কি": 0.03364485981308411, "bkash": 0.03177570093457944, "বিকাশ": 0.022429906542056073, "থেকে": 0.020560747663551402, "ki": 0.014953271028037382, "বিদ্যুৎ": 0.014953271028037382, "আমি": 0.013084112149532711, "যায়": 0.013084112149532711, "kon": 0.011214953271028037, "parbo": 0.011214953271028037, "pay": 0.011214953271028037, "কোন": 0.011214953271028037, "দেওয়া": 0.011214953271028037, "payment": 0.009345794392523364, "sir": 0.009345794392523364, "দিতে": 0.009345794392523364, "a": 0.007476635514018691, "dite": 0.007476635514018691, "fee": 0.007476635514018691, "te": 0.007476635514018691, "এ": 0.007476635514018691, "পল্লী": 0.007476635514018691, "পে": 0.007476635514018691, "ami": 0.005607476635514018, "biddut": 0.005607476635514018, "korte": 0.005607476635514018, "theke": 0.005607476635514018, "এই": 0.005607476635514018, "এখন": 0.005607476635514018, "এর": 0.005607476635514018, "করতে": 0.005607476635514018, "করব": 0.005607476635514018, "করা": 0.005607476635514018, "পারবো": 0.005607476635514018, "প্রিপেইড": 0.005607476635514018, "মিটার": 0.005607476635514018, "শেষ": 0.005607476635514018, "সম্পর্কে": 0.005607476635514018, "akn": 0.0037383177570093455, "bpbd'r": 0.0037383177570093455, "diploma": 0.0037383177570093455, "e": 0.0037383177570093455, "electricity": 0.0037383177570093455, "er": 0.0037383177570093455, "from": 0.0037383177570093455, "jabe": 0.0037383177570093455, "jai": 0.0037383177570093455, "kora": 0.0037383177570093455, "last": 0.0037383177570093455, "maser": 0.0037383177570093455, "university": 0.0037383177570093455, "আচ্ছা": 0.0037383177570093455, "আছে": 0.0037383177570093455, "আজকে": 0.0037383177570093455, "আমার": 0.0037383177570093455, "একাউন্ট": 0.0037383177570093455, "কিন্তু": 0.0037383177570093455, "গ্যাস": 0.0037383177570093455, "ছিলো": 0.0037383177570093455, "টা": 0.0037383177570093455, "টাকা": 0.0037383177570093455, "তারিখ": 0.0037383177570093455, "দিন": 0.0037383177570093455, "দিবো": 0.0037383177570093455, "দেওয়া": 0.0037383177570093455, "দেওয়াত": 0.0037383177570093455, "দেওয়ার": 0.0037383177570093455, "নাম্বার": 0.0037383177570093455, "নেই": 0.0037383177570093455, "পারব": 0.0037383177570093455, "বলেন": 0.0037383177570093455, "বিকাস": 0.0037383177570093455, "বিদুৎ": 0.0037383177570093455, "বিদ্যৎ": 0.0037383177570093455, "ভাই": 0.0037383177570093455, "মিনিট": 0.0037383177570093455, "যাবে": 0.0037383177570093455, "হবে": 0.0037383177570093455, "about": 0.0018691588785046728, "ai": 0.0018691588785046728, "ajen": 0.0018691588785046728, "ajke": 0.0018691588785046728, "amie": 0.0018691588785046728, "app": 0.0018691588785046728, "arse": 0.0018691588785046728, "ase": 0.0018691588785046728, "bahbe": 0.0018691588785046728, "bangladesh": 0.0018691588785046728, "biddot": 0.0018691588785046728, "bidut": 0.0018691588785046728, "bikash": 0.0018691588785046728, "bokeya": 0.0018691588785046728, "bpdb": 0.0018691588785046728, "breb": 0.0018691588785046728, "caiteci": 0.0018691588785046728, "can": 0.0018691588785046728, "chai": 0.0018691588785046728, "course": 0.0018691588785046728, "date": 0.0018691588785046728, "dawa": 0.0018691588785046728, "de": 0.0018691588785046728, "dea": 0.0018691588785046728, "deite": 0.0018691588785046728, "detay": 0.0018691588785046728, "deua": 0.0018691588785046728, "deya": 0.0018691588785046728, "di": 0.0018691588785046728, "dia": 0.0018691588785046728, "dpdc": 0.0018691588785046728, "education": 0.0018691588785046728, "exam": 0.0018691588785046728, "factory": 0.0018691588785046728, "fees": 0.0018691588785046728, "goto": 0.0018691588785046728, "hbe": 0.0018691588785046728, "hocce": 0.0018691588785046728, "i": 0.0018691588785046728, "inform": 0.0018691588785046728, "inshallah": 0.0018691588785046728, "j": 0.0018691588785046728, "ja": 0.0018691588785046728, "jaunted": 0.0018691588785046728, "jay": 0.0018691588785046728, "joma": 0.0018691588785046728, "kie": 0.0018691588785046728, "kivaba": 0.0018691588785046728, "kono": 0.0018691588785046728, "korbo": 0.0018691588785046728, "krlei": 0.0018691588785046728, "maddhome": 0.0018691588785046728, "madhme": 0.0018691588785046728, "madrassa": 0.0018691588785046728, "me": 0.0018691588785046728, "meter": 0.0018691588785046728, "na": 0.0018691588785046728, "no": 0.0018691588785046728, "online": 0.0018691588785046728, "panir": 0.0018691588785046728, "pare": 0.0018691588785046728, "pari": 0.0018691588785046728, "parmo": 0.0018691588785046728, "payme": 0.0018691588785046728, "perpaid": 0.0018691588785046728, "please": 0.0018691588785046728, "polytechnic": 0.0018691588785046728, "prbo": 0.0018691588785046728, "prepaid": 0.0018691588785046728, "protistaner": 0.0018691588785046728, "recharge": 0.0018691588785046728, "se": 0.0018691588785046728, "semester": 0.0018691588785046728, "service": 0.0018691588785046728, "shikka": 0.0018691588785046728, "somossa": 0.0018691588785046728, "somporke": 0.0018691588785046728, "ta": 0.0018691588785046728, "tai": 0.0018691588785046728, "tarbiayh": 0.0018691588785046728, "teke": 0.0018691588785046728, "thike": 0.0018691588785046728, "titash": 0.0018691588785046728, "tuition": 0.0018691588785046728, "tw": 0.0018691588785046728, "vabe": 0.0018691588785046728, "vai": 0.0018691588785046728, "wold": 0.0018691588785046728, "world": 0.0018691588785046728, "your": 0.0018691588785046728, "অফিস": 0.0018691588785046728, "আগে": 0.0018691588785046728, "আগের": 0.0018691588785046728, "আজও": 0.0018691588785046728, "আপনাদের": 0.0018691588785046728, "আর": 0.0018691588785046728, "উপকৃত": 0.0018691588785046728, "উপায়": 0.0018691588785046728, "একটা": 0.0018691588785046728, "একটু": 0.0018691588785046728, "এটার": 0.0018691588785046728, "এবং": 0.0018691588785046728, "ওয়েস্ট": 0.0018691588785046728, "কত": 0.0018691588785046728, "কনজুমার": 0.0018691588785046728, "কন্ট্রাক্ট": 0.0018691588785046728, "করবে": 0.0018691588785046728, "করে": 0.0018691588785046728, "কাটবে": 0.0018691588785046728, "কারেন্ট": 0.0018691588785046728, "কাল": 0.0018691588785046728, "কিভাবে": 0.0018691588785046728, "কিভাবো": 0.0018691588785046728, "কোনো": 0.0018691588785046728, "গত": 0.0018691588785046728, "গিয়েছে": 0.0018691588785046728, "গুলো": 0.0018691588785046728, "গুলোর": 0.0018691588785046728, "গেছে": 0.0018691588785046728, "গ্যাসের": 0.0018691588785046728, "গ্রহণ": 0.0018691588785046728, "গ্রামে": 0.0018691588785046728, "চলে": 0.0018691588785046728, "চাচ্চি": 0.0018691588785046728, "চাচ্ছিলাম": 0.0018691588785046728, "চার্য": 0.0018691588785046728, "ছার": 0.0018691588785046728, "ছাড়াই": 0.0018691588785046728, "ছিল": 0.0018691588785046728, "ছুটির": 0.0018691588785046728, "জন্য": 0.0018691588785046728, "জমা": 0.0018691588785046728, "জরিমানা": 0.0018691588785046728, "জানতে": 0.0018691588785046728, "জানা": 0.0018691588785046728, "জানালে": 0.0018691588785046728, "জায়": 0.0018691588785046728, "জেলা": 0.0018691588785046728, "জোনের": 0.0018691588785046728, "টাইম": 0.0018691588785046728, "টি": 0.0018691588785046728, "টেলিফন": 0.0018691588785046728, "ডিসেম্বর": 0.0018691588785046728, "ডেইট": 0.0018691588785046728, "ডেট": 0.0018691588785046728, "তিতাস": 0.0018691588785046728, "তো": 0.0018691588785046728, "থাকি": 0.0018691588785046728, "দিচ্ছি": 0.0018691588785046728, "দিচ্ছে": 0.0018691588785046728, "দিব": 0.0018691588785046728, "দিলে": 0.0018691588785046728, "দেয়া": 0.0018691588785046728, "না": 0.0018691588785046728, "নিয়ম": 0.0018691588785046728, "নিয়মনটা": 0.0018691588785046728, "নেস্কো": 0.0018691588785046728, "পরিশোধের": 0.0018691588785046728, "পল্লিবিদ্যুত": 0.0018691588785046728, "পানির": 0.0018691588785046728, "পাবনা": 0.0018691588785046728, "পার্সোনাল": 0.0018691588785046728, "পেবিল": 0.0018691588785046728, "পেমেন্ট": 0.0018691588785046728, "পোসপেইড": 0.0018691588785046728, "প্রথমবারের": 0.0018691588785046728, "বকেয়া": 0.0018691588785046728, "বলছিলাম": 0.0018691588785046728, "বলুন": 0.0018691588785046728, "বা": 0.0018691588785046728, "বাজে": 0.0018691588785046728, "বানিজ্যিক": 0.0018691588785046728, "বার": 0.0018691588785046728,