{"বিল": 0.03913894324853229, "bill": 0.033268101761252444, "রিসিট": 0.027397260273972605, "আমি": 0.023483365949119372, "পে": 0.02152641878669276, "ডাউনলোড": 0.017612524461839533, "বিদ্যুৎ": 0.017612524461839533, "receipt": 0.015655577299412915, "কি": 0.015655577299412915, "pay": 0.013698630136986302, "download": 0.011741682974559686, "er": 0.011741682974559686, "এখন": 0.011741682974559686, "কিভাবে": 0.011741682974559686, "বিলের": 0.011741682974559686, "ami": 0.009784735812133072, "bkash": 0.009784735812133072, "but": 0.009784735812133072, "i": 0.009784735812133072, "এর": 0.009784735812133072, "কিন্তু": 0.009784735812133072, "রশিদ": 0.009784735812133072, "app": 0.007827788649706457, "payment": 0.007827788649706457, "slip": 0.007827788649706457, "থেকে": 0.007827788649706457, "akta": 0.005870841487279843, "ekta": 0.005870841487279843, "get": 0.005870841487279843, "how": 0.005870841487279843, "hoy": 0.005870841487279843, "kivabe": 0.005870841487279843, "my": 0.005870841487279843, "nai": 0.005870841487279843, "recipt": 0.005870841487279843, "ta": 0.005870841487279843, "একটি": 0.005870841487279843, "করছি": 0.005870841487279843, "করবো": 0.005870841487279843, "করলাম": 0.005870841487279843, "করলে": 0.005870841487279843, "করা": 0.005870841487279843, "টাকা": 0.005870841487279843, "দিয়েছি": 0.005870841487279843, "নাই": 0.005870841487279843, "পাব": 0.005870841487279843, "পারি": 0.005870841487279843, "পেমেন্ট": 0.005870841487279843, "বিকাশ": 0.005870841487279843, "ভাবে": 0.005870841487279843, "যাবে": 0.005870841487279843, "age": 0.003913894324853229, "amr": 0.003913894324853229, "and": 0.003913894324853229, "can": 0.003913894324853229, "dibar": 0.003913894324853229, "gas": 0.003913894324853229, "just": 0.003913894324853229, "kintu": 0.003913894324853229, "kono": 0.003913894324853229, "last": 0.003913894324853229, "nah": 0.003913894324853229, "november": 0.003913894324853229, "pabo": 0.003913894324853229, "pai": 0.003913894324853229, "risit": 0.003913894324853229, "the": 0.003913894324853229, "theke": 0.003913894324853229, "vai": 0.003913894324853229, "আগে": 0.003913894324853229, "আছে": 0.003913894324853229, "আপনি": 0.003913894324853229, "আমার": 0.003913894324853229, "এই": 0.003913894324853229, "একটা": 0.003913894324853229, "করতে": 0.003913894324853229, "করে": 0.003913894324853229, "কোন": 0.003913894324853229, "টা": 0.003913894324853229, "টাকার": 0.003913894324853229, "ডাউনলোড": 0.003913894324853229, "তারিখে": 0.003913894324853229, "দিব": 0.003913894324853229, "দিয়েছিলাম": 0.003913894324853229, "দেই": 0.003913894324853229, "না": 0.003913894324853229, "পাবো": 0.003913894324853229, "পেতে": 0.003913894324853229, "বিকাশের": 0.003913894324853229, "ভাইয়া": 0.003913894324853229, "মাসের": 0.003913894324853229, "যে": 0.003913894324853229, "রিছিব": 0.003913894324853229, "রিসিভ": 0.003913894324853229, "সেটা": 0.003913894324853229, "স্যার": 0.003913894324853229, "a": 0.0019569471624266144, "aitar": 0.0019569471624266144, "akhon": 0.0019569471624266144, "aktu": 0.0019569471624266144, "amake": 0.0019569471624266144, "apps": 0.0019569471624266144, "ar": 0.0019569471624266144, "bhugbgj": 0.0019569471624266144, "biddut": 0.0019569471624266144, "bkesh": 0.0019569471624266144, "chachi": 0.0019569471624266144, "closed": 0.0019569471624266144, "copy": 0.0019569471624266144, "date": 0.0019569471624266144, "daughters": 0.0019569471624266144, "dece": 0.0019569471624266144, "december": 0.0019569471624266144, "dewa": 0.0019569471624266144, "dia": 0.0019569471624266144, "didn’t": 0.0019569471624266144, "digital": 0.0019569471624266144, "dite": 0.0019569471624266144, "do": 0.0019569471624266144, "dorkar": 0.0019569471624266144, "ektu": 0.0019569471624266144, "fee": 0.0019569471624266144, "fees": 0.0019569471624266144, "file": 0.0019569471624266144, "forgot": 0.0019569471624266144, "gace": 0.0019569471624266144, "gasi": 0.0019569471624266144, "gass": 0.0019569471624266144, "hello": 0.0019569471624266144, "hobe": 0.0019569471624266144, "hoice": 0.0019569471624266144, "hoise": 0.0019569471624266144, "it": 0.0019569471624266144, "kaita": 0.0019569471624266144, "kibabe": 0.0019569471624266144, "kora": 0.0019569471624266144, "korci": 0.0019569471624266144, "korcilam": 0.0019569471624266144, "korechilam": 0.0019569471624266144, "koreci": 0.0019569471624266144, "kornophully": 0.0019569471624266144, "korte": 0.0019569471624266144, "lagbe": 0.0019569471624266144, "lgbe": 0.0019569471624266144, "mane": 0.0019569471624266144, "meant": 0.0019569471624266144, "nabo": 0.0019569471624266144, "nea": 0.0019569471624266144, "need": 0.0019569471624266144, "nex": 0.0019569471624266144, "nibo": 0.0019569471624266144, "now": 0.0019569471624266144, "oita": 0.0019569471624266144, "oitr": 0.0019569471624266144, "paid": 0.0019569471624266144, "pallibiddut": 0.0019569471624266144, "paymet": 0.0019569471624266144, "por": 0.0019569471624266144, "postpaid": 0.0019569471624266144, "pye": 0.0019569471624266144, "receit": 0.0019569471624266144, "recite": 0.0019569471624266144, "reshit": 0.0019569471624266144, "resit": 0.0019569471624266144, "resits": 0.0019569471624266144, "school": 0.0019569471624266144, "sent": 0.0019569471624266144, "stet": 0.0019569471624266144, "taka": 0.0019569471624266144, "tar": 0.0019569471624266144, "thake": 0.0019569471624266144, "through": 0.0019569471624266144, "time": 0.0019569471624266144, "to": 0.0019569471624266144, "via": 0.0019569471624266144, "vule": 0.0019569471624266144, "অপশন": 0.0019569471624266144, "অপশনে": 0.0019569471624266144, "অামি": 0.0019569471624266144, "অ্যাপ": 0.0019569471624266144, "আইডি": 0.0019569471624266144, "আলাইকুম": 0.0019569471624266144, "আসসালামু": 0.0019569471624266144, "একটু": 0.0019569471624266144, "একাউন্ট": 0.0019569471624266144, "ঐ": 0.0019569471624266144, "ঐটা": 0.0019569471624266144, "ঐটার": 0.0019569471624266144, "ওরাহমাতুল্লাহ": 0.0019569471624266144, "কবভাবে": 0.0019569471624266144, "করছিলাম": 0.0019569471624266144, "করার": 0.0019569471624266144, "করিনি": 0.0019569471624266144, "করেছি": 0.0019569471624266144, "কলেজের": 0.0019569471624266144, "কাছে": 0.0019569471624266144, "কারেন্ট": 0.0019569471624266144, "কেটে": 0.0019569471624266144, "কোথায়": 0.0019569471624266144, "কয়েকদিন": 0.0019569471624266144, "গেল": 0.0019569471624266144, "চাই": 0.0019569471624266144, "চাচ্ছি": 0.0019569471624266144, "ছিল": 0.0019569471624266144, "জমা": 0.0019569471624266144, "জাবে": 0.0019569471624266144, "টি": 0.0019569471624266144, "ট্রাঞ্জেকশন": 0.0019569471624266144, "ট্রানজাকশন": 0.0019569471624266144, "ডিজিটাল": 0.0019569471624266144, "তখন": 0.0019569471624266144, "দেওয়ার": 0.0019569471624266144, "দেওয়া": 0.0019569471624266144, "দেকাচ্ছে": 0.0019569471624266144, "দেন": 0.0019569471624266144, "দেয়া": 0.0019569471624266144, "নাম্বার": 0.0019569471624266144, "নি": 0.0019569471624266144, "নিতে": 0.0019569471624266144, "নেই": 0.0019569471624266144, "পর": 0.0019569471624266144, "পরিশোধ": 0.0019569471624266144, "পল্লী": 0.0019569471624266144, "পাইনি": 0.0019569471624266144, "পাওয়া": 0.0019569471624266144, "পাওয়া": 0.0019569471624266144, "পাচ্ছি": 0.0019569471624266144, "পাবেন": 0.0019569471624266144, "পারবেন": 0.0019569471624266144, "পারিনি": 0.0019569471624266144, "পুনরায়": 0.0019569471624266144, "প্রিপেইড": 0.0019569471624266144, "প্রেমেন্ট": 0.0019569471624266144, "প্রয়োজন": 0.0019569471624266144, "ফি": 0.0019569471624266144, "বলবেন": 0.0019569471624266144, "বিলেগেম": 0.0019569471624266144, "বের": 0.0019569471624266144, "ভুল": 0.0019569471624266144, "যেয়ে": 0.0019569471624266144, "রশীদ": 0.0019569471624266144, "লাগবে": 0.0019569471624266144, "সিলো": 0.0019569471624266144, "সেখান": 0.0019569471624266144, "হয়": 0.0019569471624266144, "হয়েছে": 0.0019569471624266144}