{"charge": 0.05806451612903226, "payment": 0.05806451612903226, "চার্জ": 0.03870967741935484, "bkash": 0.02903225806451613, "koto": 0.02903225806451613, "কি": 0.025806451612903226, "পেমেন্ট": 0.025806451612903226, "korte": 0.022580645161290325, "বিকাশ": 0.022580645161290325, "কত": 0.01935483870967742, "থেকে": 0.01935483870967742, "theke": 0.016129032258064516, "করতে": 0.016129032258064516, "pement": 0.012903225806451613, "taka": 0.012903225806451613, "টাকা": 0.012903225806451613, "হবে": 0.012903225806451613, "about": 0.00967741935483871, "amake": 0.00967741935483871, "ami": 0.00967741935483871, "dite": 0.00967741935483871, "make": 0.00967741935483871, "to": 0.00967741935483871, "পেমেন্তে": 0.00967741935483871, "barti": 0.0064516129032258064, "chacchi": 0.0064516129032258064, "e": 0.0064516129032258064, "er": 0.0064516129032258064, "for": 0.0064516129032258064, "from": 0.0064516129032258064, "hobe": 0.0064516129032258064, "hoi": 0.0064516129032258064, "is": 0.0064516129032258064, "k": 0.0064516129032258064, "kesu": 0.0064516129032258064, "khoroch": 0.0064516129032258064, "ki": 0.0064516129032258064, "kmn": 0.0064516129032258064, "kono": 0.0064516129032258064, "korbo": 0.0064516129032258064, "me": 0.0064516129032258064, "nei": 0.0064516129032258064, "of": 0.0064516129032258064, "prement": 0.0064516129032258064, "tell": 0.0064516129032258064, "আমার": 0.0064516129032258064, "আমি": 0.0064516129032258064, "এ": 0.0064516129032258064, "কোন": 0.0064516129032258064, "ক্ষেত্রে": 0.0064516129032258064, "চাইলে": 0.0064516129032258064, "দিতে": 0.0064516129032258064, "লাগে": 0.0064516129032258064, "a": 0.0032258064516129032, "any": 0.0032258064516129032, "apnara": 0.0032258064516129032, "applicable": 0.0032258064516129032, "be": 0.0032258064516129032, "beshi": 0.0032258064516129032, "besi": 0.0032258064516129032, "bikash": 0.0032258064516129032, "bisoi": 0.0032258064516129032, "bolun": 0.0032258064516129032, "but": 0.0032258064516129032, "charg": 0.0032258064516129032, "dei": 0.0032258064516129032, "details": 0.0032258064516129032, "dile": 0.0032258064516129032, "ekta": 0.0032258064516129032, "ekti": 0.0032258064516129032, "exta": 0.0032258064516129032, "fee": 0.0032258064516129032, "free": 0.0032258064516129032, "hajare": 0.0032258064516129032, "hbe": 0.0032258064516129032, "how": 0.0032258064516129032, "i": 0.0032258064516129032, "jaigai": 0.0032258064516129032, "jodi": 0.0032258064516129032, "kamon": 0.0032258064516129032, "katbe": 0.0032258064516129032, "katlo": 0.0032258064516129032, "kemn": 0.0032258064516129032, "kina": 0.0032258064516129032, "kirokom": 0.0032258064516129032, "kore": 0.0032258064516129032, "korlam": 0.0032258064516129032, "korle": 0.0032258064516129032, "lagbe": 0.0032258064516129032, "mane": 0.0032258064516129032, "marchent": 0.0032258064516129032, "much": 0.0032258064516129032, "na": 0.0032258064516129032, "naki": 0.0032258064516129032, "need": 0.0032258064516129032, "niben": 0.0032258064516129032, "numbere": 0.0032258064516129032, "pament": 0.0032258064516129032, "payemnt": 0.0032258064516129032, "peyment": 0.0032258064516129032, "please": 0.0032258064516129032, "poriman": 0.0032258064516129032, "provide": 0.0032258064516129032, "sathe": 0.0032258064516129032, "service": 0.0032258064516129032, "the": 0.0032258064516129032, "thekee": 0.0032258064516129032, "through": 0.0032258064516129032, "want": 0.0032258064516129032, "what": 0.0032258064516129032, "will": 0.0032258064516129032, "আচ্ছে": 0.0032258064516129032, "আছে": 0.0032258064516129032, "আপনারা": 0.0032258064516129032, "আমাকে": 0.0032258064516129032, "আলাদা": 0.0032258064516129032, "একাউন্ট": 0.0032258064516129032, "এর": 0.0032258064516129032, "করতা": 0.0032258064516129032, "করব": 0.0032258064516129032, "করলে": 0.0032258064516129032, "কাটে": 0.0032258064516129032, "কিনা": 0.0032258064516129032, "কেনাকাটা": 0.0032258064516129032, "খরচ": 0.0032258064516129032, "চায": 0.0032258064516129032, "চারয": 0.0032258064516129032, "ছাইলেও": 0.0032258064516129032, "জন্য": 0.0032258064516129032, "তার": 0.0032258064516129032, "তেকা": 0.0032258064516129032, "দকানে": 0.0032258064516129032, "দেই": 0.0032258064516129032, "নাকি": 0.0032258064516129032, "নিবে": 0.0032258064516129032, "নিবেন": 0.0032258064516129032, "নেন": 0.0032258064516129032, "পেমেনতের": 0.0032258064516129032, "পেমেন্টের": 0.0032258064516129032, "প্রযোজ্য": 0.0032258064516129032, "বলেন": 0.0032258064516129032, "বারতি": 0.0032258064516129032, "বিইকাশ": 0.0032258064516129032, "বেশি": 0.0032258064516129032, "মার্চেন্ট": 0.0032258064516129032, "যদি": 0.0032258064516129032, "যেমন": 0.0032258064516129032, "হাজার": 0.0032258064516129032, "হাজারে": 0.0032258064516129032, "হয়": 0.0032258064516129032}