{"payment": 0.037406483790523685, "i": 0.024937655860349125, "number": 0.024937655860349125, "পেমেন্ট": 0.024937655860349125, "wrong": 0.0199501246882793, "করে": 0.0199501246882793, "ami": 0.01745635910224439, "e": 0.01745635910224439, "kore": 0.01745635910224439, "ভুল": 0.01745635910224439, "tk": 0.014962593516209476, "to": 0.014962593516209476, "নাম্বারে": 0.014962593516209476, "back": 0.012468827930174562, "ki": 0.012468827930174562, "taka": 0.012468827930174562, "আমি": 0.012468827930174562, "টাকা": 0.012468827930174562, "a": 0.00997506234413965, "it": 0.00997506234413965, "my": 0.00997506234413965, "ta": 0.00997506234413965, "কি": 0.00997506234413965, "amar": 0.007481296758104738, "by": 0.007481296758104738, "ekta": 0.007481296758104738, "have": 0.007481296758104738, "hoye": 0.007481296758104738, "is": 0.007481296758104738, "kora": 0.007481296758104738, "last": 0.007481296758104738, "merchant": 0.007481296758104738, "mistake": 0.007481296758104738, "money": 0.007481296758104738, "আমার": 0.007481296758104738, "একটা": 0.007481296758104738, "এখন": 0.007481296758104738, "করতে": 0.007481296758104738, "ফেরত": 0.007481296758104738, "হয়ে": 0.007481296758104738, "ache": 0.004987531172069825, "another": 0.004987531172069825, "bhul": 0.004987531172069825, "can": 0.004987531172069825, "cancel": 0.004987531172069825, "ei": 0.004987531172069825, "er": 0.004987531172069825, "felechi": 0.004987531172069825, "hello": 0.004987531172069825, "jabe": 0.004987531172069825, "jonno": 0.004987531172069825, "kono": 0.004987531172069825, "made": 0.004987531172069825, "now": 0.004987531172069825, "paid": 0.004987531172069825, "pament": 0.004987531172069825, "pay": 0.004987531172069825, "sir": 0.004987531172069825, "vul": 0.004987531172069825, "vule": 0.004987531172069825, "way": 0.004987531172069825, "অন্য": 0.004987531172069825, "এই": 0.004987531172069825, "করেছি": 0.004987531172069825, "চাই": 0.004987531172069825, "পারি": 0.004987531172069825, "ফেলেছি": 0.004987531172069825, "ভাই": 0.004987531172069825, "যেয়ে": 0.004987531172069825, "account": 0.0024937655860349127, "akta": 0.0024937655860349127, "akti": 0.0024937655860349127, "amit": 0.0024937655860349127, "amr": 0.0024937655860349127, "and": 0.0024937655860349127, "any": 0.0024937655860349127, "appointment": 0.0024937655860349127, "at": 0.0024937655860349127, "ata": 0.0024937655860349127, "balance": 0.0024937655860349127, "bangladesh": 0.0024937655860349127, "be": 0.0024937655860349127, "being": 0.0024937655860349127, "bill": 0.0024937655860349127, "bjvzteq": 0.0024937655860349127, "bkash": 0.0024937655860349127, "bondho": 0.0024937655860349127, "bosoto": 0.0024937655860349127, "but": 0.0024937655860349127, "card": 0.0024937655860349127, "commision": 0.0024937655860349127, "confirm": 0.0024937655860349127, "correction": 0.0024937655860349127, "date": 0.0024937655860349127, "disi": 0.0024937655860349127, "dite": 0.0024937655860349127, "diyechhu": 0.0024937655860349127, "do": 0.0024937655860349127, "done": 0.0024937655860349127, "eiti": 0.0024937655860349127, "ekhn": 0.0024937655860349127, "ekhon": 0.0024937655860349127, "election": 0.0024937655860349127, "evercare": 0.0024937655860349127, "felle": 0.0024937655860349127, "ferot": 0.0024937655860349127, "gele": 0.0024937655860349127, "gese": 0.0024937655860349127, "get": 0.0024937655860349127, "geyache": 0.0024937655860349127, "hospital": 0.0024937655860349127, "how": 0.0024937655860349127, "hoyeche": 0.0024937655860349127, "if": 0.0024937655860349127, "jachai": 0.0024937655860349127, "jai": 0.0024937655860349127, "jay": 0.0024937655860349127, "jeye": 0.0024937655860349127, "jha": 0.0024937655860349127, "ji": 0.0024937655860349127, "just": 0.0024937655860349127, "kintu": 0.0024937655860349127, "kivabe": 0.0024937655860349127, "kno": 0.0024937655860349127, "korase": 0.0024937655860349127, "korechi": 0.0024937655860349127, "korsi": 0.0024937655860349127, "lot": 0.0024937655860349127, "make": 0.0024937655860349127, "marchent": 0.0024937655860349127, "nambare": 0.0024937655860349127, "need": 0.0024937655860349127, "nid": 0.0024937655860349127, "of": 0.0024937655860349127, "oi": 0.0024937655860349127, "onno": 0.0024937655860349127, "option": 0.0024937655860349127, "ota": 0.0024937655860349127, "pabo": 0.0024937655860349127, "pawa": 0.0024937655860349127, "pawar": 0.0024937655860349127, "paybill": 0.0024937655860349127, "please": 0.0024937655860349127, "processed": 0.0024937655860349127, "proyojon": 0.0024937655860349127, "really": 0.0024937655860349127, "refund": 0.0024937655860349127, "revarsable": 0.0024937655860349127, "reversal": 0.0024937655860349127, "reverted": 0.0024937655860349127, "right": 0.0024937655860349127, "says": 0.0024937655860349127, "select": 0.0024937655860349127, "sent": 0.0024937655860349127, "should": 0.0024937655860349127, "so": 0.0024937655860349127, "stop": 0.0024937655860349127, "store_": 0.0024937655860349127, "successful": 0.0024937655860349127, "the": 0.0024937655860349127, "theke": 0.0024937655860349127, "there": 0.0024937655860349127, "ti": 0.0024937655860349127, "transaction": 0.0024937655860349127, "trxid": 0.0024937655860349127, "vabe": 0.0024937655860349127, "vhull": 0.0024937655860349127, "want": 0.0024937655860349127, "what": 0.0024937655860349127, "you": 0.0024937655860349127, "অপশনে": 0.0024937655860349127, "আগে": 0.0024937655860349127, "আরেক": 0.0024937655860349127, "একটি": 0.0024937655860349127, "করবো": 0.0024937655860349127, "করা": 0.0024937655860349127, "কিছুক্ষন": 0.0024937655860349127, "কিভাবে": 0.0024937655860349127, "খেয়াল": 0.0024937655860349127, "গিয়ে": 0.0024937655860349127, "গিয়েছে": 0.0024937655860349127, "গেছে": 0.0024937655860349127, "গেলে": 0.0024937655860349127, "চলে": 0.0024937655860349127, "জি": 0.0024937655860349127, "টা": 0.0024937655860349127, "থেকে": 0.0024937655860349127, "না": 0.0024937655860349127, "নামবার": 0.0024937655860349127, "নামবারে": 0.0024937655860349127, "নামে": 0.0024937655860349127, "নাম্বার": 0.0024937655860349127, "নিশ্চিত": 0.0024937655860349127, "পাবো": 0.0024937655860349127, "পেতে": 0.0024937655860349127, "প্রদান": 0.0024937655860349127, "প্রেমেট": 0.0024937655860349127, "ফেলসি": 0.0024937655860349127, "ফেলি": 0.0024937655860349127, "ভুলে": 0.0024937655860349127, "মার্চেন্ট": 0.0024937655860349127, "যাওয়া": 0.0024937655860349127, "যায়": 0.0024937655860349127, "র": 0.0024937655860349127, "রবি": 0.0024937655860349127, "শপে": 0.0024937655860349127, "স্যার": 0.0024937655860349127, "হসপিটালে": 0.0024937655860349127, "হয়েছে": 0.0024937655860349127}