{"payment": 0.07804878048780488, "পেমেন্ট": 0.058536585365853655, "bkash": 0.03414634146341464, "ki": 0.024390243902439022, "er": 0.01951219512195122, "kivabe": 0.01951219512195122, "kora": 0.01951219512195122, "korbo": 0.01951219512195122, "করতে": 0.01951219512195122, "কি": 0.01951219512195122, "কিভাবে": 0.01951219512195122, "app": 0.014634146341463414, "is": 0.014634146341463414, "number": 0.014634146341463414, "procedure": 0.014634146341463414, "the": 0.014634146341463414, "theke": 0.014634146341463414, "what": 0.014634146341463414, "করবো": 0.014634146341463414, "বলেন": 0.014634146341463414, "বিকাশ": 0.014634146341463414, "247": 0.00975609756097561, "a": 0.00975609756097561, "e": 0.00975609756097561, "jabe": 0.00975609756097561, "jay": 0.00975609756097561, "mane": 0.00975609756097561, "merchant": 0.00975609756097561, "method": 0.00975609756097561, "naki": 0.00975609756097561, "pement": 0.00975609756097561, "plz": 0.00975609756097561, "system": 0.00975609756097561, "teke": 0.00975609756097561, "to": 0.00975609756097561, "আমি": 0.00975609756097561, "করার": 0.00975609756097561, "থেকে": 0.00975609756097561, "নাম্বারে": 0.00975609756097561, "সিস্টেম": 0.00975609756097561, "account": 0.004878048780487805, "admission": 0.004878048780487805, "ami": 0.004878048780487805, "bijoy": 0.004878048780487805, "bikash": 0.004878048780487805, "bistarit": 0.004878048780487805, "bojina": 0.004878048780487805, "by": 0.004878048780487805, "can": 0.004878048780487805, "class": 0.004878048780487805, "dialing": 0.004878048780487805, "ei": 0.004878048780487805, "from": 0.004878048780487805, "how": 0.004878048780487805, "hungry": 0.004878048780487805, "i": 0.004878048780487805, "janaben": 0.004878048780487805, "janan": 0.004878048780487805, "kmne": 0.004878048780487805, "kobe": 0.004878048780487805, "kore": 0.004878048780487805, "korte": 0.004878048780487805, "maddome": 0.004878048780487805, "make": 0.004878048780487805, "mela": 0.004878048780487805, "pament": 0.004878048780487805, "parbo": 0.004878048780487805, "pay": 0.004878048780487805, "personal": 0.004878048780487805, "retail": 0.004878048780487805, "te": 0.004878048780487805, "tk": 0.004878048780487805, "vai": 0.004878048780487805, "want": 0.004878048780487805, "xi": 0.004878048780487805, "xiadmission": 0.004878048780487805, "আবেদনের": 0.004878048780487805, "আমারে": 0.004878048780487805, "এই": 0.004878048780487805, "একাদশ": 0.004878048780487805, "এপ্প": 0.004878048780487805, "করব": 0.004878048780487805, "করা": 0.004878048780487805, "করে": 0.004878048780487805, "কীভাবে": 0.004878048780487805, "কেমনে": 0.004878048780487805, "চাই": 0.004878048780487805, "চার্জ": 0.004878048780487805, "জন্য": 0.004878048780487805, "টাকা": 0.004878048780487805, "ডায়াল": 0.004878048780487805, "নিতে": 0.004878048780487805, "নৌবাহিনীতে": 0.004878048780487805, "পারবো": 0.004878048780487805, "পার্সোনাল": 0.004878048780487805, "পেমেন্টে": 0.004878048780487805, "ভর্তি": 0.004878048780487805, "ভাই": 0.004878048780487805, "মারুম": 0.004878048780487805, "মার্চেন্ট": 0.004878048780487805, "যায়": 0.004878048780487805, "লাগে": 0.004878048780487805, "শ্রেনিতে": 0.004878048780487805, "সার্ভিস": 0.004878048780487805, "হওয়ার": 0.004878048780487805, "হবে": 0.004878048780487805, "হলে": 0.004878048780487805, "হয়": 0.004878048780487805, "২৪৭": 0.004878048780487805}