{"limit": 0.06597222222222221, "payment": 0.04513888888888889, "পেমেন্ট": 0.041666666666666664, "কত": 0.03125, "i": 0.024305555555555556, "লিমিট": 0.020833333333333332, "লিমিত": 0.020833333333333332, "bkash": 0.01736111111111111, "করতে": 0.01736111111111111, "থেকে": 0.01736111111111111, "বিকাশ": 0.01736111111111111, "amar": 0.013888888888888888, "er": 0.013888888888888888, "korar": 0.013888888888888888, "pement": 0.013888888888888888, "please": 0.013888888888888888, "theke": 0.013888888888888888, "করার": 0.013888888888888888, "কি": 0.013888888888888888, "e": 0.010416666666666666, "issue": 0.010416666666666666, "koto": 0.010416666666666666, "make": 0.010416666666666666, "pamant": 0.010416666666666666, "আছে": 0.010416666666666666, "আমি": 0.010416666666666666, "পেমেন্তে": 0.010416666666666666, "amake": 0.006944444444444444, "bikash": 0.006944444444444444, "have": 0.006944444444444444, "how": 0.006944444444444444, "jaigai": 0.006944444444444444, "jonno": 0.006944444444444444, "kirokom": 0.006944444444444444, "korer": 0.006944444444444444, "me": 0.006944444444444444, "much": 0.006944444444444444, "na": 0.006944444444444444, "of": 0.006944444444444444, "to": 0.006944444444444444, "use": 0.006944444444444444, "why": 0.006944444444444444, "করব": 0.006944444444444444, "টাকা": 0.006944444444444444, "পারবো": 0.006944444444444444, "a": 0.003472222222222222, "about": 0.003472222222222222, "account": 0.003472222222222222, "akhn": 0.003472222222222222, "akta": 0.003472222222222222, "am": 0.003472222222222222, "ame": 0.003472222222222222, "ami": 0.003472222222222222, "asa": 0.003472222222222222, "avail": 0.003472222222222222, "barely": 0.003472222222222222, "bikele": 0.003472222222222222, "bujhbo": 0.003472222222222222, "can": 0.003472222222222222, "can't": 0.003472222222222222, "check": 0.003472222222222222, "dekhasse": 0.003472222222222222, "den": 0.003472222222222222, "details": 0.003472222222222222, "ekaunte": 0.003472222222222222, "fall": 0.003472222222222222, "food": 0.003472222222222222, "foodpanda": 0.003472222222222222, "getting": 0.003472222222222222, "hoye": 0.003472222222222222, "in": 0.003472222222222222, "is": 0.003472222222222222, "it": 0.003472222222222222, "jacche": 0.003472222222222222, "janaben": 0.003472222222222222, "janai": 0.003472222222222222, "janan": 0.003472222222222222, "jekoono": 0.003472222222222222, "jodi": 0.003472222222222222, "kivabee": 0.003472222222222222, "kono": 0.003472222222222222, "kora": 0.003472222222222222, "korbo": 0.003472222222222222, "kori": 0.003472222222222222, "korte": 0.003472222222222222, "kot": 0.003472222222222222, "krsilam": 0.003472222222222222, "krte": 0.003472222222222222, "lemit": 0.003472222222222222, "limet": 0.003472222222222222, "nmbr": 0.003472222222222222, "now": 0.003472222222222222, "oi": 0.003472222222222222, "option": 0.003472222222222222, "order": 0.003472222222222222, "panda": 0.003472222222222222, "parsi": 0.003472222222222222, "pay": 0.003472222222222222, "paying": 0.003472222222222222, "prement": 0.003472222222222222, "priment": 0.003472222222222222, "r": 0.003472222222222222, "roise": 0.003472222222222222, "says": 0.003472222222222222, "some": 0.003472222222222222, "sync": 0.003472222222222222, "tell": 0.003472222222222222, "the": 0.003472222222222222, "time": 0.003472222222222222, "using": 0.003472222222222222, "vai": 0.003472222222222222, "via": 0.003472222222222222, "want": 0.003472222222222222, "what": 0.003472222222222222, "when": 0.003472222222222222, "while": 0.003472222222222222, "will": 0.003472222222222222, "within": 0.003472222222222222, "you": 0.003472222222222222, "আমার": 0.003472222222222222, "এ": 0.003472222222222222, "এক": 0.003472222222222222, "একটি": 0.003472222222222222, "এর": 0.003472222222222222, "করম": 0.003472222222222222, "করা": 0.003472222222222222, "কিছু": 0.003472222222222222, "কোন": 0.003472222222222222, "কয়টা": 0.003472222222222222, "চাই": 0.003472222222222222, "জন্য": 0.003472222222222222, "জানতে": 0.003472222222222222, "দিনে": 0.003472222222222222, "দৈনিক": 0.003472222222222222, "ধরনের": 0.003472222222222222, "নাম্বারে": 0.003472222222222222, "পারসোনাল": 0.003472222222222222, "পিমেন্ত": 0.003472222222222222, "পেমেতে": 0.003472222222222222, "পেমেন্টের": 0.003472222222222222, "বলুন": 0.003472222222222222, "যায়": 0.003472222222222222, "লিমত": 0.003472222222222222, "লিমেত": 0.003472222222222222, "লেমিত": 0.003472222222222222, "সম্পর্কে": 0.003472222222222222, "সর্বনিম্ন": 0.003472222222222222, "সর্বোচ্চ": 0.003472222222222222, "সিম": 0.003472222222222222}