{"account": 0.06830601092896176, "add": 0.049180327868852465, "bkash": 0.04644808743169399, "payoneer": 0.040983606557377046, "with": 0.024590163934426233, "পাইওনিয়ার": 0.024590163934426233, "i": 0.02185792349726776, "একাউন্ট": 0.02185792349726776, "one": 0.019125683060109294, "বিকাশে": 0.019125683060109294, "my": 0.01639344262295082, "to": 0.01639344262295082, "করতে": 0.01639344262295082, "can": 0.01366120218579235, "e": 0.01366120218579235, "ekta": 0.01366120218579235, "want": 0.01366120218579235, "অ্যাড": 0.01366120218579235, "আমার": 0.01366120218579235, "possible": 0.01092896174863388, "একটি": 0.01092896174863388, "করা": 0.01092896174863388, "কি": 0.01092896174863388, "পারব": 0.01092896174863388, "বিকাশ": 0.01092896174863388, "যোগ": 0.01092896174863388, "ami": 0.00819672131147541, "how": 0.00819672131147541, "it": 0.00819672131147541, "ki": 0.00819672131147541, "korsi": 0.00819672131147541, "korte": 0.00819672131147541, "link": 0.00819672131147541, "many": 0.00819672131147541, "more": 0.00819672131147541, "paineer": 0.00819672131147541, "parbo": 0.00819672131147541, "please": 0.00819672131147541, "sir": 0.00819672131147541, "আমি": 0.00819672131147541, "আরেকটা": 0.00819672131147541, "করব": 0.00819672131147541, "সাথে": 0.00819672131147541, "a": 0.00546448087431694, "amar": 0.00546448087431694, "arekta": 0.00546448087431694, "chai": 0.00546448087431694, "er": 0.00546448087431694, "have": 0.00546448087431694, "help": 0.00546448087431694, "hobe": 0.00546448087431694, "is": 0.00546448087431694, "jabe": 0.00546448087431694, "koita": 0.00546448087431694, "koiti": 0.00546448087431694, "kora": 0.00546448087431694, "sathe": 0.00546448087431694, "than": 0.00546448087431694, "একটা": 0.00546448087431694, "একাউন্টে": 0.00546448087431694, "একাউন্টের": 0.00546448087431694, "কোন": 0.00546448087431694, "কয়টি": 0.00546448087431694, "দুইটি": 0.00546448087431694, "বলেন": 0.00546448087431694, "যাবে": 0.00546448087431694, "যুক্ত": 0.00546448087431694, "সম্ভব": 0.00546448087431694, "adding": 0.00273224043715847, "amake": 0.00273224043715847, "ame": 0.00273224043715847, "another": 0.00273224043715847, "ante": 0.00273224043715847, "anyone": 0.00273224043715847, "ar": 0.00273224043715847, "aro": 0.00273224043715847, "be": 0.00273224043715847, "bkaha": 0.00273224043715847, "bolben": 0.00273224043715847, "do": 0.00273224043715847, "ekti": 0.00273224043715847, "ektu": 0.00273224043715847, "eta": 0.00273224043715847, "hoi": 0.00273224043715847, "iccha": 0.00273224043715847, "if": 0.00273224043715847, "je": 0.00273224043715847, "jonno": 0.00273224043715847, "kalke": 0.00273224043715847, "korle": 0.00273224043715847, "koyekta": 0.00273224043715847, "limitation": 0.00273224043715847, "me": 0.00273224043715847, "of": 0.00273224043715847, "paioner": 0.00273224043715847, "pawar": 0.00273224043715847, "payneer": 0.00273224043715847, "service": 0.00273224043715847, "somvob": 0.00273224043715847, "taka": 0.00273224043715847, "tell": 0.00273224043715847, "the": 0.00273224043715847, "theke": 0.00273224043715847, "two": 0.00273224043715847, "what": 0.00273224043715847, "অধিক": 0.00273224043715847, "আচ্ছা": 0.00273224043715847, "আছে": 0.00273224043715847, "আমাকে": 0.00273224043715847, "আরেকটি": 0.00273224043715847, "একতু": 0.00273224043715847, "একের": 0.00273224043715847, "এটা": 0.00273224043715847, "এর": 0.00273224043715847, "কতগুলি": 0.00273224043715847, "করেছি": 0.00273224043715847, "কিভাবে": 0.00273224043715847, "কেমনে": 0.00273224043715847, "কয়টা": 0.00273224043715847, "চাই": 0.00273224043715847, "ছাইলেই": 0.00273224043715847, "ছাচ্ছি": 0.00273224043715847, "জুক্ত": 0.00273224043715847, "তো": 0.00273224043715847, "দুইতা": 0.00273224043715847, "পাইওনিয়াআর": 0.00273224043715847, "পাইনিয়ার": 0.00273224043715847, "পারি": 0.00273224043715847, "পেওনিয়ার": 0.00273224043715847, "বিক্যাশ": 0.00273224043715847, "ভাবে": 0.00273224043715847, "লিংক": 0.00273224043715847, "সিস্তেমে": 0.00273224043715847, "স্যার": 0.00273224043715847}