{"payoneer": 0.04205607476635514, "bkash": 0.0397196261682243, "charge": 0.03271028037383178, "টাকা": 0.030373831775700934, "বিকাশে": 0.030373831775700934, "to": 0.028037383177570093, "taka": 0.02336448598130841, "theke": 0.02336448598130841, "চার্জ": 0.02336448598130841, "থেকে": 0.02336448598130841, "koto": 0.01635514018691589, "money": 0.01635514018691589, "কত": 0.01635514018691589, "e": 0.014018691588785047, "পাইওনিয়ার": 0.014018691588785047, "i": 0.011682242990654205, "will": 0.011682242990654205, "আমি": 0.011682242990654205, "লাগবে": 0.011682242990654205, "account": 0.009345794392523364, "amar": 0.009345794392523364, "ami": 0.009345794392523364, "be": 0.009345794392523364, "for": 0.009345794392523364, "from": 0.009345794392523364, "me": 0.009345794392523364, "about": 0.007009345794392523, "anle": 0.007009345794392523, "ektu": 0.007009345794392523, "fee": 0.007009345794392523, "how": 0.007009345794392523, "much": 0.007009345794392523, "my": 0.007009345794392523, "sir": 0.007009345794392523, "transaction": 0.007009345794392523, "transfer": 0.007009345794392523, "want": 0.007009345794392523, "আমাকে": 0.007009345794392523, "কি": 0.007009345794392523, "পাইওনিওর": 0.007009345794392523, "যদি": 0.007009345794392523, "a": 0.004672897196261682, "add": 0.004672897196261682, "amake": 0.004672897196261682, "amount": 0.004672897196261682, "anbo": 0.004672897196261682, "applicable": 0.004672897196261682, "have": 0.004672897196261682, "hobe": 0.004672897196261682, "in": 0.004672897196261682, "is": 0.004672897196261682, "jodi": 0.004672897196261682, "ki": 0.004672897196261682, "nei": 0.004672897196261682, "nibe": 0.004672897196261682, "of": 0.004672897196261682, "paynoeer": 0.004672897196261682, "please": 0.004672897196261682, "receive": 0.004672897196261682, "some": 0.004672897196261682, "taking": 0.004672897196261682, "the": 0.004672897196261682, "what": 0.004672897196261682, "আনতে": 0.004672897196261682, "আমার": 0.004672897196261682, "একাউন্ট": 0.004672897196261682, "কেমন": 0.004672897196261682, "খরছ": 0.004672897196261682, "তো": 0.004672897196261682, "নিবেন": 0.004672897196261682, "নিয়ে": 0.004672897196261682, "বলবেন": 0.004672897196261682, "রকম": 0.004672897196261682, "accha": 0.002336448598130841, "acount": 0.002336448598130841, "ame": 0.002336448598130841, "anar": 0.002336448598130841, "anta": 0.002336448598130841, "any": 0.002336448598130841, "apnader": 0.002336448598130841, "balance": 0.002336448598130841, "bkassh": 0.002336448598130841, "bolen": 0.002336448598130841, "bolento": 0.002336448598130841, "by": 0.002336448598130841, "cai": 0.002336448598130841, "cashout": 0.002336448598130841, "chagre": 0.002336448598130841, "charged": 0.002336448598130841, "charges": 0.002336448598130841, "deduct": 0.002336448598130841, "deta": 0.002336448598130841, "dite": 0.002336448598130841, "dollars": 0.002336448598130841, "ejonno": 0.002336448598130841, "ete": 0.002336448598130841, "free": 0.002336448598130841, "give": 0.002336448598130841, "help": 0.002336448598130841, "if": 0.002336448598130841, "inform": 0.002336448598130841, "information": 0.002336448598130841, "janan": 0.002336448598130841, "jog": 0.002336448598130841, "kamon": 0.002336448598130841, "katbe": 0.002336448598130841, "kate": 0.002336448598130841, "kete": 0.002336448598130841, "khoroch": 0.002336448598130841, "khulichi": 0.002336448598130841, "kno": 0.002336448598130841, "know": 0.002336448598130841, "korlam": 0.002336448598130841, "korle": 0.002336448598130841, "lagba": 0.002336448598130841, "lage": 0.002336448598130841, "mane": 0.002336448598130841, "more": 0.002336448598130841, "naki": 0.002336448598130841, "nibo": 0.002336448598130841, "or": 0.002336448598130841, "paioneer": 0.002336448598130841, "paiyoneer": 0.002336448598130841, "payneer": 0.002336448598130841, "sokale": 0.002336448598130841, "taila": 0.002336448598130841, "tell": 0.002336448598130841, "thake": 0.002336448598130841, "that": 0.002336448598130841, "there": 0.002336448598130841, "this": 0.002336448598130841, "tk": 0.002336448598130841, "usd": 0.002336448598130841, "withdraw": 0.002336448598130841, "অ্যাড": 0.002336448598130841, "আচ্ছা": 0.002336448598130841, "আছে": 0.002336448598130841, "আজকে": 0.002336448598130841, "আনব": 0.002336448598130841, "আনার": 0.002336448598130841, "আনি": 0.002336448598130841, "আসব": 0.002336448598130841, "আসি": 0.002336448598130841, "এ": 0.002336448598130841, "এই": 0.002336448598130841, "একটু": 0.002336448598130841, "একাউন্টে": 0.002336448598130841, "এর": 0.002336448598130841, "করতে": 0.002336448598130841, "করি": 0.002336448598130841, "করে": 0.002336448598130841, "করেছি": 0.002336448598130841, "কাটবে": 0.002336448598130841, "কিছু": 0.002336448598130841, "কিরকম": 0.002336448598130841, "খরচ": 0.002336448598130841, "গ্রহন": 0.002336448598130841, "ছাইতেছি": 0.002336448598130841, "ছাচ্ছি": 0.002336448598130841, "জন্য": 0.002336448598130841, "জানান": 0.002336448598130841, "দেওয়া": 0.002336448598130841, "দয়া": 0.002336448598130841, "নতুন": 0.002336448598130841, "নাকি": 0.002336448598130841, "নিতে": 0.002336448598130841, "নিব": 0.002336448598130841, "নিলে": 0.002336448598130841, "নেওয়ার": 0.002336448598130841, "পাইইনিয়ার": 0.002336448598130841, "পাইওনার": 0.002336448598130841, "পাইনিওর": 0.002336448598130841, "পারসেন্ট": 0.002336448598130841, "পারে": 0.002336448598130841, "পেওনিয়ার": 0.002336448598130841, "প্রথমবার": 0.002336448598130841, "প্রযোজ্য": 0.002336448598130841, "বিকাশ": 0.002336448598130841, "বেশি": 0.002336448598130841, "লাগতে": 0.002336448598130841, "শিফট": 0.002336448598130841, "স্যার": 0.002336448598130841, "স্য্যার": 0.002336448598130841, "হবে": 0.002336448598130841}