{"payoneer": 0.04632152588555859, "cancel": 0.03269754768392371, "theke": 0.03269754768392371, "lenden": 0.029972752043596732, "করে": 0.029972752043596732, "থেকে": 0.027247956403269755, "বাতিল": 0.027247956403269755, "i": 0.021798365122615803, "লেনদেন": 0.021798365122615803, "batil": 0.01907356948228883, "পেওনিয়ার": 0.01907356948228883, "korar": 0.016348773841961855, "to": 0.016348773841961855, "transaction": 0.016348773841961855, "from": 0.013623978201634877, "ki": 0.013623978201634877, "withdraw": 0.013623978201634877, "a": 0.010899182561307902, "ekta": 0.010899182561307902, "kora": 0.010899182561307902, "kore": 0.010899182561307902, "upay": 0.010899182561307902, "withdrawal": 0.010899182561307902, "আমি": 0.010899182561307902, "উইথড্র": 0.010899182561307902, "any": 0.008174386920980927, "bhule": 0.008174386920980927, "is": 0.008174386920980927, "jay": 0.008174386920980927, "kono": 0.008174386920980927, "korte": 0.008174386920980927, "made": 0.008174386920980927, "ta": 0.008174386920980927, "the": 0.008174386920980927, "there": 0.008174386920980927, "way": 0.008174386920980927, "করতে": 0.008174386920980927, "করা": 0.008174386920980927, "কি": 0.008174386920980927, "দিয়ে": 0.008174386920980927, "দেন": 0.008174386920980927, "পেনিয়ার": 0.008174386920980927, "ফেলছি": 0.008174386920980927, "ভুল": 0.008174386920980927, "ভুলে": 0.008174386920980927, "ami": 0.005449591280653951, "ase": 0.005449591280653951, "bolen": 0.005449591280653951, "can": 0.005449591280653951, "cancellation": 0.005449591280653951, "den": 0.005449591280653951, "felsi": 0.005449591280653951, "korsi": 0.005449591280653951, "mistakenly": 0.005449591280653951, "oita": 0.005449591280653951, "por": 0.005449591280653951, "process": 0.005449591280653951, "taka": 0.005449591280653951, "want": 0.005449591280653951, "একটা": 0.005449591280653951, "করার": 0.005449591280653951, "কোনো": 0.005449591280653951, "ক্যান্সেল": 0.005449591280653951, "চাই": 0.005449591280653951, "ফেলসি": 0.005449591280653951, "সম্ভব": 0.005449591280653951, "amake": 0.0027247956403269754, "amar": 0.0027247956403269754, "bhai": 0.0027247956403269754, "bhaiya": 0.0027247956403269754, "bhul": 0.0027247956403269754, "bole": 0.0027247956403269754, "bule": 0.0027247956403269754, "but": 0.0027247956403269754, "cancelling": 0.0027247956403269754, "chacchilam": 0.0027247956403269754, "chai": 0.0027247956403269754, "detail": 0.0027247956403269754, "e": 0.0027247956403269754, "ekhon": 0.0027247956403269754, "ekon": 0.0027247956403269754, "ektu": 0.0027247956403269754, "felesi": 0.0027247956403269754, "for": 0.0027247956403269754, "fund": 0.0027247956403269754, "help": 0.0027247956403269754, "hobe": 0.0027247956403269754, "how": 0.0027247956403269754, "if": 0.0027247956403269754, "kemne": 0.0027247956403269754, "know": 0.0027247956403269754, "korbo": 0.0027247956403269754, "kori": 0.0027247956403269754, "korle": 0.0027247956403269754, "me": 0.0027247956403269754, "method": 0.0027247956403269754, "mistkenly": 0.0027247956403269754, "nai": 0.0027247956403269754, "niyom": 0.0027247956403269754, "now": 0.0027247956403269754, "of": 0.0027247956403269754, "paynear": 0.0027247956403269754, "payneer": 0.0027247956403269754, "payoner": 0.0027247956403269754, "please": 0.0027247956403269754, "purpose": 0.0027247956403269754, "pyoneer": 0.0027247956403269754, "request": 0.0027247956403269754, "so": 0.0027247956403269754, "submitted": 0.0027247956403269754, "test": 0.0027247956403269754, "thke": 0.0027247956403269754, "transactions": 0.0027247956403269754, "vule": 0.0027247956403269754, "wanted": 0.0027247956403269754, "with": 0.0027247956403269754, "withdrow": 0.0027247956403269754, "আছে": 0.0027247956403269754, "আমার": 0.0027247956403269754, "আসে": 0.0027247956403269754, "উইথড্রওয়াল": 0.0027247956403269754, "উপায়": 0.0027247956403269754, "উপায়": 0.0027247956403269754, "এই": 0.0027247956403269754, "একটু": 0.0027247956403269754, "একবার": 0.0027247956403269754, "কখনো": 0.0027247956403269754, "করবো": 0.0027247956403269754, "করেছি": 0.0027247956403269754, "কিছু": 0.0027247956403269754, "খুবই": 0.0027247956403269754, "চাইতেছি": 0.0027247956403269754, "চাচ্ছিলাম": 0.0027247956403269754, "জরুরি": 0.0027247956403269754, "জানতে": 0.0027247956403269754, "টা": 0.0027247956403269754, "টাকা": 0.0027247956403269754, "তা": 0.0027247956403269754, "তাহলে": 0.0027247956403269754, "থিকে": 0.0027247956403269754, "দয়া": 0.0027247956403269754, "পেওনিইয়ার": 0.0027247956403269754, "ফান্ড": 0.0027247956403269754, "ফেললে": 0.0027247956403269754, "ফেলি": 0.0027247956403269754, "ফেলেচ্চিলাম": 0.0027247956403269754, "বুলে": 0.0027247956403269754, "ভুলবশত": 0.0027247956403269754, "যদি": 0.0027247956403269754, "রিকোয়েস্ট": 0.0027247956403269754, "লেনদেনটা": 0.0027247956403269754, "লেনদেনটি": 0.0027247956403269754, "স্যার": 0.0027247956403269754}