{"certificate": 0.058201058201058205, "payoneer": 0.042328042328042326, "theke": 0.03703703703703704, "থেকে": 0.029100529100529102, "সার্টিফিকেট": 0.029100529100529102, "tk": 0.026455026455026454, "টাকা": 0.026455026455026454, "পেওনিয়ার": 0.021164021164021163, "i": 0.01851851851851852, "আনলে": 0.01851851851851852, "bkash": 0.015873015873015872, "from": 0.015873015873015872, "money": 0.015873015873015872, "anle": 0.013227513227513227, "bank": 0.013227513227513227, "dey": 0.013227513227513227, "get": 0.013227513227513227, "the": 0.013227513227513227, "কি": 0.013227513227513227, "account": 0.010582010582010581, "if": 0.010582010582010581, "to": 0.010582010582010581, "দেয়া": 0.010582010582010581, "হয়": 0.010582010582010581, "available": 0.007936507936507936, "ceritificate": 0.007936507936507936, "dibe": 0.007936507936507936, "e": 0.007936507936507936, "ki": 0.007936507936507936, "pabo": 0.007936507936507936, "remmitance": 0.007936507936507936, "withdraw": 0.007936507936507936, "aile": 0.005291005291005291, "any": 0.005291005291005291, "besides": 0.005291005291005291, "chai": 0.005291005291005291, "dile": 0.005291005291005291, "is": 0.005291005291005291, "jabe": 0.005291005291005291, "my": 0.005291005291005291, "na": 0.005291005291005291, "neya": 0.005291005291005291, "remitence": 0.005291005291005291, "remittance": 0.005291005291005291, "statement": 0.005291005291005291, "there": 0.005291005291005291, "transfer": 0.005291005291005291, "won't": 0.005291005291005291, "would": 0.005291005291005291, "আমাদের": 0.005291005291005291, "একাউন্ট": 0.005291005291005291, "করেন": 0.005291005291005291, "জন্য": 0.005291005291005291, "দেয়ার": 0.005291005291005291, "পাওয়া": 0.005291005291005291, "ফ্রি": 0.005291005291005291, "বিদেশ": 0.005291005291005291, "বেবস্থা": 0.005291005291005291, "যায়": 0.005291005291005291, "হইত": 0.005291005291005291, "$": 0.0026455026455026454, "a": 0.0026455026455026454, "abbe": 0.0026455026455026454, "accounts": 0.0026455026455026454, "amake": 0.0026455026455026454, "ami": 0.0026455026455026454, "amr": 0.0026455026455026454, "anale": 0.0026455026455026454, "anar": 0.0026455026455026454, "ansi": 0.0026455026455026454, "ante": 0.0026455026455026454, "anum": 0.0026455026455026454, "anyone": 0.0026455026455026454, "ashse": 0.0026455026455026454, "banaisos": 0.0026455026455026454, "be": 0.0026455026455026454, "bebostha": 0.0026455026455026454, "better": 0.0026455026455026454, "bikash": 0.0026455026455026454, "bkashe": 0.0026455026455026454, "but": 0.0026455026455026454, "cash": 0.0026455026455026454, "ceritficate": 0.0026455026455026454, "chacchi": 0.0026455026455026454, "collect": 0.0026455026455026454, "deyar": 0.0026455026455026454, "do": 0.0026455026455026454, "dye": 0.0026455026455026454, "eivabe": 0.0026455026455026454, "ekhn": 0.0026455026455026454, "er": 0.0026455026455026454, "first": 0.0026455026455026454, "hala": 0.0026455026455026454, "hoito": 0.0026455026455026454, "how": 0.0026455026455026454, "it": 0.0026455026455026454, "jay": 0.0026455026455026454, "jeivabe": 0.0026455026455026454, "kibhabe": 0.0026455026455026454, "kivabe": 0.0026455026455026454, "kivave": 0.0026455026455026454, "kn": 0.0026455026455026454, "koren": 0.0026455026455026454, "korlam": 0.0026455026455026454, "korte": 0.0026455026455026454, "magar": 0.0026455026455026454, "nai": 0.0026455026455026454, "naki": 0.0026455026455026454, "need": 0.0026455026455026454, "nite": 0.0026455026455026454, "no": 0.0026455026455026454, "on": 0.0026455026455026454, "out": 0.0026455026455026454, "paowa": 0.0026455026455026454, "pawa": 0.0026455026455026454, "payonar": 0.0026455026455026454, "payoniar": 0.0026455026455026454, "payonner": 0.0026455026455026454, "por": 0.0026455026455026454, "porbortite": 0.0026455026455026454, "provide": 0.0026455026455026454, "remittances": 0.0026455026455026454, "system": 0.0026455026455026454, "taka": 0.0026455026455026454, "take": 0.0026455026455026454, "thekeo": 0.0026455026455026454, "theket": 0.0026455026455026454, "transferring": 0.0026455026455026454, "used": 0.0026455026455026454, "valo": 0.0026455026455026454, "want": 0.0026455026455026454, "while": 0.0026455026455026454, "why": 0.0026455026455026454, "will": 0.0026455026455026454, "আনতেসি": 0.0026455026455026454, "আনলেও": 0.0026455026455026454, "আনা": 0.0026455026455026454, "আনার": 0.0026455026455026454, "আমারা": 0.0026455026455026454, "আসলে": 0.0026455026455026454, "উপার্জন": 0.0026455026455026454, "এ": 0.0026455026455026454, "এত": 0.0026455026455026454, "করা": 0.0026455026455026454, "করে": 0.0026455026455026454, "কষ্ট": 0.0026455026455026454, "কিন্তু": 0.0026455026455026454, "কেন": 0.0026455026455026454, "কোন": 0.0026455026455026454, "তার": 0.0026455026455026454, "দিবে": 0.0026455026455026454, "দিলে": 0.0026455026455026454, "দেশের": 0.0026455026455026454, "দেয়": 0.0026455026455026454, "দেয়না": 0.0026455026455026454, "নাকি": 0.0026455026455026454, "পর": 0.0026455026455026454, "পাব": 0.0026455026455026454, "প্রকার": 0.0026455026455026454, "ফ্রি-লেন্সাররা": 0.0026455026455026454, "বিকাশ": 0.0026455026455026454, "বিকাশএ": 0.0026455026455026454, "বিকাশে": 0.0026455026455026454, "বিকাসে": 0.0026455026455026454, "ব্যাংক": 0.0026455026455026454, "ব্যাংকে": 0.0026455026455026454, "ভাল": 0.0026455026455026454, "মাটিতে": 0.0026455026455026454, "যে": 0.0026455026455026454, "রেমিট্যান্স": 0.0026455026455026454, "লেন্সারদের": 0.0026455026455026454, "লেন্সিং": 0.0026455026455026454, "সুবিধা": 0.0026455026455026454, "হলে": 0.0026455026455026454}