{"payoneer": 0.05545286506469501, "account": 0.044362292051756014, "bkash": 0.03758471965495995, "আমার": 0.022181146025878007, "ami": 0.02094886013555145, "add": 0.019716574245224893, "link": 0.018484288354898338, "na": 0.017868145409735057, "করতে": 0.017868145409735057, "korte": 0.016635859519408505, "my": 0.016635859519408505, "সাথে": 0.016635859519408505, "বিকাশ": 0.016019716574245228, "আমি": 0.01478743068391867, "er": 0.014171287738755391, "i": 0.012322858903265559, "না": 0.012322858903265559, "একাউন্ট": 0.01170671595810228, "sathe": 0.011090573012939003, "amar": 0.010474430067775726, "to": 0.010474430067775726, "name": 0.009858287122612447, "nid": 0.009858287122612447, "এর": 0.008626001232285891, "but": 0.008009858287122614, "লিংক": 0.008009858287122614, "amr": 0.007393715341959335, "connect": 0.006777572396796058, "payonner": 0.006161429451632779, "same": 0.006161429451632779, "পেওনিয়ার": 0.006161429451632779, "হচ্ছে": 0.006161429451632779, "bikash": 0.005545286506469502, "kintu": 0.005545286506469502, "not": 0.005545286506469502, "a": 0.004929143561306223, "and": 0.004929143561306223, "is": 0.004929143561306223, "ki": 0.004929143561306223, "korbo": 0.004929143561306223, "with": 0.004929143561306223, "চাচ্ছি": 0.004929143561306223, "পারছি": 0.004929143561306223, "পারি": 0.004929143561306223, "can": 0.004313000616142946, "e": 0.004313000616142946, "ekaount": 0.004313000616142946, "how": 0.004313000616142946, "কি": 0.004313000616142946, "কিন্তু": 0.004313000616142946, "পেওনার": 0.004313000616142946, "বিকাশের": 0.004313000616142946, "ar": 0.0036968576709796677, "are": 0.0036968576709796677, "pari": 0.0036968576709796677, "the": 0.0036968576709796677, "এড": 0.0036968576709796677, "কানেক্ট": 0.0036968576709796677, "কিভাবে": 0.0036968576709796677, "দিয়ে": 0.0036968576709796677, "পেওয়ানারের": 0.0036968576709796677, "fail": 0.0030807147258163897, "linking": 0.0030807147258163897, "partesi": 0.0030807147258163897, "problem": 0.0030807147258163897, "process": 0.0030807147258163897, "একাউন্টের": 0.0030807147258163897, "নাম": 0.0030807147258163897, "bar": 0.0024645717806531116, "can't": 0.0024645717806531116, "cant": 0.0024645717806531116, "diye": 0.0024645717806531116, "korar": 0.0024645717806531116, "linked": 0.0024645717806531116, "me": 0.0024645717806531116, "please": 0.0024645717806531116, "try": 0.0024645717806531116, "অ্যাড": 0.0024645717806531116, "এ": 0.0024645717806531116, "করার": 0.0024645717806531116, "কার্ড": 0.0024645717806531116, "ভাই": 0.0024645717806531116, "হবে": 0.0024645717806531116, "chacchi": 0.0018484288354898338, "chai": 0.0018484288354898338, "failed": 0.0018484288354898338, "help": 0.0018484288354898338, "hocce": 0.0018484288354898338, "hosse": 0.0018484288354898338, "in": 0.0018484288354898338, "info": 0.0018484288354898338, "khulte": 0.0018484288354898338, "kora": 0.0018484288354898338, "nah": 0.0018484288354898338, "open": 0.0018484288354898338, "parchi": 0.0018484288354898338, "says": 0.0018484288354898338, "te": 0.0018484288354898338, "vabe": 0.0018484288354898338, "why": 0.0018484288354898338, "আসছে": 0.0018484288354898338, "একাউন্টটি": 0.0018484288354898338, "এ্যাড": 0.0018484288354898338, "থেকে": 0.0018484288354898338, "পারবো": 0.0018484288354898338, "বিকাশে": 0.0018484288354898338, "মিলছে": 0.0018484288354898338, "যদি": 0.0018484288354898338, "ante": 0.0012322858903265558, "app": 0.0012322858903265558, "apps": 0.0012322858903265558, "bhaiya": 0.0012322858903265558, "bollo": 0.0012322858903265558, "cannot": 0.0012322858903265558, "card": 0.0012322858903265558, "chachi": 0.0012322858903265558, "chaschi": 0.0012322858903265558, "dekhache": 0.0012322858903265558, "dia": 0.0012322858903265558, "different": 0.0012322858903265558, "do": 0.0012322858903265558, "ekhon": 0.0012322858903265558, "error": 0.0012322858903265558, "get": 0.0012322858903265558, "hocche": 0.0012322858903265558, "hoche": 0.0012322858903265558, "id": 0.0012322858903265558, "issue": 0.0012322858903265558, "jante": 0.0012322858903265558, "kivabe": 0.0012322858903265558, "kon": 0.0012322858903265558, "korta": 0.0012322858903265558, "match": 0.0012322858903265558, "milse": 0.0012322858903265558, "nam": 0.0012322858903265558, "names": 0.0012322858903265558, "parbo": 0.0012322858903265558, "parci": 0.0012322858903265558, "payneer": 0.0012322858903265558, "payoner": 0.0012322858903265558, "payooner": 0.0012322858903265558, "r": 0.0012322858903265558, "shata": 0.0012322858903265558, "shate": 0.0012322858903265558, "ta": 0.0012322858903265558, "thaka": 0.0012322858903265558, "theke": 0.0012322858903265558, "thik": 0.0012322858903265558, "totho": 0.0012322858903265558, "whats": 0.0012322858903265558, "you": 0.0012322858903265558, "আর": 0.0012322858903265558, "ইনফরমেশন": 0.0012322858903265558, "একটু": 0.0012322858903265558, "এখন": 0.0012322858903265558, "এটি": 0.0012322858903265558, "কথা": 0.0012322858903265558, "করবো": 0.0012322858903265558, "খুলা": 0.0012322858903265558, "চাই": 0.0012322858903265558, "জন্য": 0.0012322858903265558, "টাকা": 0.0012322858903265558, "তারপরও": 0.0012322858903265558, "নাকি": 0.0012322858903265558, "নিয়ম": 0.0012322858903265558, "পাইওনিয়ার": 0.0012322858903265558, "পেইনিয়র": 0.0012322858903265558, "পেইনিয়ার": 0.0012322858903265558, "ফেইল": 0.0012322858903265558, "বলছে": 0.0012322858903265558, "বলতেন": 0.0012322858903265558, "বাবার": 0.0012322858903265558, "বার": 0.0012322858903265558, "মত": 0.0012322858903265558, "মাধ্যমে": 0.0012322858903265558, "যে": 0.0012322858903265558, "যোগ": 0.0012322858903265558, "লাগবে": 0.0012322858903265558, "হতে": 0.0012322858903265558, "'name": 0.0006161429451632779, "able": 0.0006161429451632779, "abr": 0.0006161429451632779, "acc": 0.0006161429451632779, "accounts": 0.0006161429451632779, "accund": 0.0006161429451632779, "ache": 0.0006161429451632779, "acuonter": 0.0006161429451632779, "ad": 0.0006161429451632779, "again": 0.0006161429451632779, "ago": 0.0006161429451632779, "akhn": 0.0006161429451632779, "alamgir": 0.0006161429451632779, "am": 0.0006161429451632779, "ame": 0.0006161429451632779, "amer": 0.0006161429451632779, "amk": 0.0006161429451632779, "an": 0.0006161429451632779, "apanr": 0.0006161429451632779, "apnr": 0.0006161429451632779, "ase": 0.0006161429451632779, "ashtese": 0.0006161429451632779, "asteca": 0.0006161429451632779, "astechena": 0.0006161429451632779, "at": 0.0006161429451632779, "aware": 0.0006161429451632779, "barbar": 0.0006161429451632779, "bartho": 0.0006161429451632779, "being": 0.0006161429451632779, "bhai": 0.0006161429451632779, "bola": 0.0006161429451632779, "bolben": 0.0006161429451632779, "bolce": 0.0006161429451632779, "bolche": 0.0006161429451632779, "bole": 0.0006161429451632779, "bolen": 0.0006161429451632779, "boltese": 0.0006161429451632779, "bolun": 0.0006161429451632779, "both": 0.0006161429451632779, "broo": 0.0006161429451632779, "cachi": 0.0006161429451632779, "cai": 0.0006161429451632779, "chaicilam": 0.0006161429451632779, "chaitci": 0.0006161429451632779, "chaitesilam": 0.0006161429451632779, "change": 0.0006161429451632779, "che": 0.0006161429451632779, "cheyecilen": 0.0006161429451632779, "code": 0.0006161429451632779, "connecting": 0.0006161429451632779, "dakhay": 0.0006161429451632779, "dekhacche": 0.0006161429451632779, "dekhai": 0.0006161429451632779, "dekhasse": 0.0006161429451632779, "dewa": 0.0006161429451632779, "deya": 0.0006161429451632779, "di": 0.0006161429451632779, "did": 0.0006161429451632779, "dite": 0.0006161429451632779, "dose": 0.0006161429451632779, "due": 0.0006161429451632779, "duitar": 0.0006161429451632779, "dye": 0.0006161429451632779, "ek": 0.0006161429451632779, "ektu": 0.0006161429451632779, "emran": 0.0006161429451632779, "end": 0.0006161429451632779, "eta": 0.0006161429451632779, "every": 0.0006161429451632779, "failing": 0.0006161429451632779, "felchi": 0.0006161429451632779, "few": 0.0006161429451632779, "gale": 0.0006161429451632779, "give": 0.0006161429451632779, "have": 0.0006161429451632779,