{"payoneer": 0.05405405405405406, "option": 0.03903903903903904, "না": 0.03003003003003003, "বিকাশ": 0.03003003003003003, "app": 0.02702702702702703, "bkash": 0.021021021021021023, "পেওনিয়ার": 0.021021021021021023, "na": 0.018018018018018018, "pacchi": 0.018018018018018018, "the": 0.018018018018018018, "অপশন": 0.018018018018018018, "পাচ্ছি": 0.018018018018018018, "ta": 0.015015015015015015, "অ্যাপে": 0.015015015015015015, "টা": 0.015015015015015015, "পেওনির": 0.015015015015015015, "a": 0.012012012012012012, "account": 0.012012012012012012, "i": 0.012012012012012012, "keno": 0.012012012012012012, "kintu": 0.012012012012012012, "পাওনির": 0.012012012012012012, "can": 0.009009009009009009, "find": 0.009009009009009009, "khuje": 0.009009009009009009, "where": 0.009009009009009009, "অ্যাপ": 0.009009009009009009, "এ": 0.009009009009009009, "কেনো": 0.009009009009009009, "খুঁজে": 0.009009009009009009, "amar": 0.006006006006006006, "dekhlam": 0.006006006006006006, "hobe": 0.006006006006006006, "in": 0.006006006006006006, "is": 0.006006006006006006, "khule": 0.006006006006006006, "khulte": 0.006006006006006006, "kivabe": 0.006006006006006006, "kothay": 0.006006006006006006, "pelam": 0.006006006006006006, "pete": 0.006006006006006006, "theke": 0.006006006006006006, "update": 0.006006006006006006, "অপ্সন": 0.006006006006006006, "আপডেট": 0.006006006006006006, "আমাকে": 0.006006006006006006, "একাউন্ট": 0.006006006006006006, "কি": 0.006006006006006006, "কিন্তু": 0.006006006006006006, "কেন": 0.006006006006006006, "কোথায়": 0.006006006006006006, "খুজে": 0.006006006006006006, "তাও": 0.006006006006006006, "তো": 0.006006006006006006, "দেখতে": 0.006006006006006006, "পাওয়া": 0.006006006006006006, "পারি": 0.006006006006006006, "পেতে": 0.006006006006006006, "ভাই": 0.006006006006006006, "সার্ভিসটি": 0.006006006006006006, "amk": 0.003003003003003003, "ase": 0.003003003003003003, "bank": 0.003003003003003003, "bikas": 0.003003003003003003, "bikash": 0.003003003003003003, "bro": 0.003003003003003003, "bt": 0.003003003003003003, "can't": 0.003003003003003003, "cannot": 0.003003003003003003, "chacchi": 0.003003003003003003, "chai": 0.003003003003003003, "details": 0.003003003003003003, "diyechi": 0.003003003003003003, "dorkar": 0.003003003003003003, "e": 0.003003003003003003, "ekta": 0.003003003003003003, "ektu": 0.003003003003003003, "er": 0.003003003003003003, "facebook": 0.003003003003003003, "follow": 0.003003003003003003, "gelam": 0.003003003003003003, "help": 0.003003003003003003, "hiding": 0.003003003003003003, "hole": 0.003003003003003003, "holee": 0.003003003003003003, "how": 0.003003003003003003, "info": 0.003003003003003003, "jaygay": 0.003003003003003003, "jete": 0.003003003003003003, "ki": 0.003003003003003003, "koi": 0.003003003003003003, "kon": 0.003003003003003003, "kore": 0.003003003003003003, "koren": 0.003003003003003003, "korte": 0.003003003003003003, "me": 0.003003003003003003, "na>>": 0.003003003003003003, "naa": 0.003003003003003003, "nai": 0.003003003003003003, "niom": 0.003003003003003003, "oi": 0.003003003003003003, "options": 0.003003003003003003, "parchi": 0.003003003003003003, "payoneerr": 0.003003003003003003, "payoniar": 0.003003003003003003, "payonneer": 0.003003003003003003, "see": 0.003003003003003003, "service": 0.003003003003003003, "sob": 0.003003003003003003, "somporke": 0.003003003003003003, "tell": 0.003003003003003003, "to": 0.003003003003003003, "toh": 0.003003003003003003, "you": 0.003003003003003003, "অপ্সনে": 0.003003003003003003, "অ্যাপের": 0.003003003003003003, "আইকনে": 0.003003003003003003, "আইফোন": 0.003003003003003003, "আমি": 0.003003003003003003, "আসে": 0.003003003003003003, "ই": 0.003003003003003003, "উত্তোলন": 0.003003003003003003, "একটু": 0.003003003003003003, "এর": 0.003003003003003003, "কই": 0.003003003003003003, "করতে": 0.003003003003003003, "করবো": 0.003003003003003003, "করে": 0.003003003003003003, "কিভাবে": 0.003003003003003003, "কিহ": 0.003003003003003003, "কোথাও": 0.003003003003003003, "কোথায়": 0.003003003003003003, "কোন": 0.003003003003003003, "খুলবো": 0.003003003003003003, "খুলেছি": 0.003003003003003003, "খোলার": 0.003003003003003003, "গেলে": 0.003003003003003003, "টাকা": 0.003003003003003003, "ট্যাপ": 0.003003003003003003, "থাকে": 0.003003003003003003, "থেকে": 0.003003003003003003, "দিলাম": 0.003003003003003003, "দিয়েছি": 0.003003003003003003, "নতুন": 0.003003003003003003, "পাআছি": 0.003003003003003003, "পাই": 0.003003003003003003, "পাচ্ছিনা": 0.003003003003003003, "পাব": 0.003003003003003003, "পেওনার": 0.003003003003003003, "পেওনিরে": 0.003003003003003003, "বলবেন": 0.003003003003003003, "বিকাশে": 0.003003003003003003, "যদি": 0.003003003003003003, "যাচ্ছে": 0.003003003003003003, "যায়": 0.003003003003003003, "রেমিটেন্স": 0.003003003003003003, "সেখেত্রে": 0.003003003003003003, "হবে": 0.003003003003003003, "হারিয়ে": 0.003003003003003003, "হোমপেজের": 0.003003003003003003, "হয়": 0.003003003003003003}