{"payoneer": 0.03821656050955414, "কি": 0.025477707006369428, "bkash": 0.02229299363057325, "ki": 0.02229299363057325, "আমি": 0.02229299363057325, "থেকে": 0.02229299363057325, "এর": 0.01910828025477707, "টাকা": 0.01910828025477707, "পাইওনিয়ার": 0.01910828025477707, "e": 0.01592356687898089, "আনা": 0.01592356687898089, "জানতে": 0.01592356687898089, "পেওনিয়ার": 0.01592356687898089, "বিকাশে": 0.01592356687898089, "about": 0.012738853503184714, "চাচ্ছি": 0.012738853503184714, "account": 0.009554140127388535, "ami": 0.009554140127388535, "freelancer": 0.009554140127388535, "i": 0.009554140127388535, "is": 0.009554140127388535, "ta": 0.009554140127388535, "আমার": 0.009554140127388535, "একটু": 0.009554140127388535, "এটা": 0.009554140127388535, "দেখলাম": 0.009554140127388535, "বিকাশ": 0.009554140127388535, "যায়": 0.009554140127388535, "সম্পর্কে": 0.009554140127388535, "a": 0.006369426751592357, "chai": 0.006369426751592357, "der": 0.006369426751592357, "in": 0.006369426751592357, "j": 0.006369426751592357, "jante": 0.006369426751592357, "know": 0.006369426751592357, "me": 0.006369426751592357, "parbo": 0.006369426751592357, "paynoeer": 0.006369426751592357, "payonner": 0.006369426751592357, "service": 0.006369426751592357, "something": 0.006369426751592357, "somporke": 0.006369426751592357, "system": 0.006369426751592357, "tell": 0.006369426751592357, "that": 0.006369426751592357, "to": 0.006369426751592357, "want": 0.006369426751592357, "with": 0.006369426751592357, "একাউন্ট": 0.006369426751592357, "করতে": 0.006369426751592357, "কিছু": 0.006369426751592357, "জানাবেন": 0.006369426751592357, "ডলার": 0.006369426751592357, "নতুন": 0.006369426751592357, "পারব": 0.006369426751592357, "বলবেন": 0.006369426751592357, "বুঝিয়ে": 0.006369426751592357, "মানে": 0.006369426751592357, "সেবার": 0.006369426751592357, "ache": 0.0031847133757961785, "amar": 0.0031847133757961785, "amazon": 0.0031847133757961785, "ane": 0.0031847133757961785, "anta": 0.0031847133757961785, "apnader": 0.0031847133757961785, "asce": 0.0031847133757961785, "asole": 0.0031847133757961785, "bekash": 0.0031847133757961785, "bishoi": 0.0031847133757961785, "bolben": 0.0031847133757961785, "boss": 0.0031847133757961785, "bujhlamna": 0.0031847133757961785, "buy": 0.0031847133757961785, "cai": 0.0031847133757961785, "can": 0.0031847133757961785, "dekhlam": 0.0031847133757961785, "details": 0.0031847133757961785, "diya": 0.0031847133757961785, "diye": 0.0031847133757961785, "ei": 0.0031847133757961785, "ekta": 0.0031847133757961785, "ektu": 0.0031847133757961785, "eta": 0.0031847133757961785, "facebook": 0.0031847133757961785, "found": 0.0031847133757961785, "frellencer": 0.0031847133757961785, "informetion": 0.0031847133757961785, "international": 0.0031847133757961785, "jabe": 0.0031847133757961785, "janta": 0.0031847133757961785, "jonno": 0.0031847133757961785, "kichu": 0.0031847133757961785, "korte": 0.0031847133757961785, "like": 0.0031847133757961785, "new": 0.0031847133757961785, "notun": 0.0031847133757961785, "of": 0.0031847133757961785, "oita": 0.0031847133757961785, "pabe": 0.0031847133757961785, "payooner": 0.0031847133757961785, "peonior": 0.0031847133757961785, "post": 0.0031847133757961785, "process": 0.0031847133757961785, "seba": 0.0031847133757961785, "sheba": 0.0031847133757961785, "sir": 0.0031847133757961785, "someting": 0.0031847133757961785, "started": 0.0031847133757961785, "subidha": 0.0031847133757961785, "taka": 0.0031847133757961785, "teke": 0.0031847133757961785, "this": 0.0031847133757961785, "ti": 0.0031847133757961785, "tk": 0.0031847133757961785, "today": 0.0031847133757961785, "transiction": 0.0031847133757961785, "what": 0.0031847133757961785, "you": 0.0031847133757961785, "আছে": 0.0031847133757961785, "আপনাদের": 0.0031847133757961785, "আমাকে": 0.0031847133757961785, "আসলে": 0.0031847133757961785, "এক": 0.0031847133757961785, "একজন": 0.0031847133757961785, "একটা": 0.0031847133757961785, "একটি": 0.0031847133757961785, "একাউন্টটি": 0.0031847133757961785, "এখন": 0.0031847133757961785, "ঐখান": 0.0031847133757961785, "কাছ": 0.0031847133757961785, "কাজের": 0.0031847133757961785, "কিভাবে": 0.0031847133757961785, "কোরো": 0.0031847133757961785, "খুলি": 0.0031847133757961785, "ছিল": 0.0031847133757961785, "জানার": 0.0031847133757961785, "টু": 0.0031847133757961785, "তথ্য": 0.0031847133757961785, "তবে": 0.0031847133757961785, "তার": 0.0031847133757961785, "তো": 0.0031847133757961785, "দিয়ে": 0.0031847133757961785, "দেশের": 0.0031847133757961785, "নিচ্ছে": 0.0031847133757961785, "নিয়ে": 0.0031847133757961785, "পারি": 0.0031847133757961785, "পায়": 0.0031847133757961785, "পেওনিয়ার": 0.0031847133757961785, "পেওনির": 0.0031847133757961785, "পেয়োনিওর": 0.0031847133757961785, "প্লিজ": 0.0031847133757961785, "ফ্রিল্যান্সিং": 0.0031847133757961785, "বন্ধু": 0.0031847133757961785, "বলেন": 0.0031847133757961785, "বা": 0.0031847133757961785, "বাইরের": 0.0031847133757961785, "বিদেশ": 0.0031847133757961785, "বিষয়ে": 0.0031847133757961785, "বিস্তারিত": 0.0031847133757961785, "বেপারটা": 0.0031847133757961785, "ব্যবহার": 0.0031847133757961785, "ভাইয়া": 0.0031847133757961785, "মাধ্যমে": 0.0031847133757961785, "যদি": 0.0031847133757961785, "যাবে": 0.0031847133757961785, "যেমন": 0.0031847133757961785, "সকল": 0.0031847133757961785, "সার্ভিসে": 0.0031847133757961785, "সিস্টেম": 0.0031847133757961785, "সুবিধা": 0.0031847133757961785, "সুযোগ-সবিধা": 0.0031847133757961785, "সেটি": 0.0031847133757961785, "হচ্ছে": 0.0031847133757961785}