{"account": 0.0625, "bank": 0.05397727272727272, "payoneer": 0.05397727272727272, "একাউন্ট": 0.05397727272727272, "ব্যাংক": 0.03409090909090909, "to": 0.03125, "পেওনিয়ার": 0.03125, "i": 0.022727272727272724, "information": 0.022727272727272724, "খুলতে": 0.022727272727272724, "a": 0.019886363636363636, "er": 0.019886363636363636, "tottho": 0.019886363636363636, "কি": 0.019886363636363636, "have": 0.017045454545454544, "bkash": 0.014204545454545454, "ki": 0.014204545454545454, "the": 0.014204545454545454, "নাকি": 0.014204545454545454, "do": 0.011363636363636362, "e": 0.011363636363636362, "naki": 0.011363636363636362, "need": 0.011363636363636362, "theke": 0.011363636363636362, "আমার": 0.011363636363636362, "তথ্য": 0.011363636363636362, "না": 0.011363636363636362, "khulte": 0.008522727272727272, "lagbe": 0.008522727272727272, "lage": 0.008522727272727272, "open": 0.008522727272727272, "tk": 0.008522727272727272, "আমি": 0.008522727272727272, "একাউন্টের": 0.008522727272727272, "পারব": 0.008522727272727272, "লাগবে": 0.008522727272727272, "হবে": 0.008522727272727272, "account's": 0.005681818181818181, "accounts": 0.005681818181818181, "anbo": 0.005681818181818181, "can": 0.005681818181818181, "chai": 0.005681818181818181, "dite": 0.005681818181818181, "hobe": 0.005681818181818181, "is": 0.005681818181818181, "jonno": 0.005681818181818181, "na": 0.005681818181818181, "খোলা": 0.005681818181818181, "ছাড়া": 0.005681818181818181, "দিতে": 0.005681818181818181, "নেই": 0.005681818181818181, "accunt": 0.0028409090909090906, "amar": 0.0028409090909090906, "ami": 0.0028409090909090906, "ante": 0.0028409090909090906, "any": 0.0028409090909090906, "ase": 0.0028409090909090906, "bank's": 0.0028409090909090906, "banker": 0.0028409090909090906, "cai": 0.0028409090909090906, "chara": 0.0028409090909090906, "cholbe": 0.0028409090909090906, "deya": 0.0028409090909090906, "dileo": 0.0028409090909090906, "ditei": 0.0028409090909090906, "does": 0.0028409090909090906, "don’t": 0.0028409090909090906, "ekhn": 0.0028409090909090906, "habe": 0.0028409090909090906, "how": 0.0028409090909090906, "howa": 0.0028409090909090906, "input": 0.0028409090909090906, "it": 0.0028409090909090906, "jay": 0.0028409090909090906, "khola": 0.0028409090909090906, "khulbo": 0.0028409090909090906, "kintu": 0.0028409090909090906, "kivabe": 0.0028409090909090906, "korar": 0.0028409090909090906, "korbo": 0.0028409090909090906, "lenden": 0.0028409090909090906, "mandatory": 0.0028409090909090906, "my": 0.0028409090909090906, "nah": 0.0028409090909090906, "nai": 0.0028409090909090906, "necessary": 0.0028409090909090906, "needs": 0.0028409090909090906, "no": 0.0028409090909090906, "of": 0.0028409090909090906, "or": 0.0028409090909090906, "register": 0.0028409090909090906, "same": 0.0028409090909090906, "share": 0.0028409090909090906, "submit": 0.0028409090909090906, "temporary": 0.0028409090909090906, "then": 0.0028409090909090906, "transactions": 0.0028409090909090906, "which": 0.0028409090909090906, "অই": 0.0028409090909090906, "আবার": 0.0028409090909090906, "এখন": 0.0028409090909090906, "এর": 0.0028409090909090906, "করতে": 0.0028409090909090906, "কিন্তু": 0.0028409090909090906, "কোন": 0.0028409090909090906, "কোনো": 0.0028409090909090906, "খুলা": 0.0028409090909090906, "খুলে": 0.0028409090909090906, "তাইলে": 0.0028409090909090906, "থাকা": 0.0028409090909090906, "দিলে": 0.0028409090909090906, "দেন": 0.0028409090909090906, "দেয়া": 0.0028409090909090906, "পারবো": 0.0028409090909090906, "বাধ্যতামূলক": 0.0028409090909090906, "যাবে": 0.0028409090909090906, "যায়": 0.0028409090909090906, "রেজিস্ট্রেশন": 0.0028409090909090906, "রয়েছে": 0.0028409090909090906, "লাগে": 0.0028409090909090906, "সমস্যা": 0.0028409090909090906, "হলে": 0.0028409090909090906}