{"to": 0.04372355430183356, "payoneer": 0.036671368124118475, "account": 0.03244005641748942, "bkash": 0.031029619181946404, "টাকা": 0.026798307475317345, "currency": 0.022566995768688293, "থেকে": 0.022566995768688293, "পেওনিয়ার": 0.019746121297602257, "e": 0.018335684062059238, "the": 0.018335684062059238, "from": 0.015514809590973202, "my": 0.015514809590973202, "select": 0.015514809590973202, "tk": 0.014104372355430182, "আনতে": 0.014104372355430182, "money": 0.012693935119887164, "theke": 0.012693935119887164, "কি": 0.012693935119887164, "withdraw": 0.011283497884344146, "i": 0.009873060648801129, "taka": 0.009873060648801129, "transfer": 0.009873060648801129, "আমার": 0.009873060648801129, "আমি": 0.009873060648801129, "একাউন্ট": 0.009873060648801129, "কিভাবে": 0.009873060648801129, "মুদ্রা": 0.009873060648801129, "fund": 0.008462623413258109, "kivabe": 0.008462623413258109, "চাই": 0.008462623413258109, "নির্বাচন": 0.008462623413258109, "amar": 0.007052186177715091, "korte": 0.007052186177715091, "করতে": 0.007052186177715091, "ডলার": 0.007052186177715091, "পাইওনিয়ার": 0.007052186177715091, "ana": 0.005641748942172073, "ante": 0.005641748942172073, "dollar": 0.005641748942172073, "ki": 0.005641748942172073, "pound": 0.005641748942172073, "procedure": 0.005641748942172073, "want": 0.005641748942172073, "একাউন্টের": 0.005641748942172073, "বিকাশে": 0.005641748942172073, "রয়েছে": 0.005641748942172073, "a": 0.0042313117066290545, "ache": 0.0042313117066290545, "anbo": 0.0042313117066290545, "bole": 0.0042313117066290545, "bolen": 0.0042313117066290545, "how": 0.0042313117066290545, "is": 0.0042313117066290545, "jay": 0.0042313117066290545, "korar": 0.0042313117066290545, "na": 0.0042313117066290545, "take": 0.0042313117066290545, "with": 0.0042313117066290545, "কারেন্সি": 0.0042313117066290545, "না": 0.0042313117066290545, "বিকাশ": 0.0042313117066290545, "হবে": 0.0042313117066290545, "add": 0.0028208744710860366, "age": 0.0028208744710860366, "anar": 0.0028208744710860366, "balance": 0.0028208744710860366, "bikash": 0.0028208744710860366, "bikashe": 0.0028208744710860366, "choose": 0.0028208744710860366, "do": 0.0028208744710860366, "er": 0.0028208744710860366, "have": 0.0028208744710860366, "in": 0.0028208744710860366, "it": 0.0028208744710860366, "jodi": 0.0028208744710860366, "me": 0.0028208744710860366, "necessary": 0.0028208744710860366, "need": 0.0028208744710860366, "of": 0.0028208744710860366, "one": 0.0028208744710860366, "out": 0.0028208744710860366, "parbo": 0.0028208744710860366, "payoniar": 0.0028208744710860366, "pioneer": 0.0028208744710860366, "process": 0.0028208744710860366, "selection": 0.0028208744710860366, "shomoy": 0.0028208744710860366, "tell": 0.0028208744710860366, "what's": 0.0028208744710860366, "while": 0.0028208744710860366, "আনব": 0.0028208744710860366, "আনার": 0.0028208744710860366, "আমাকে": 0.0028208744710860366, "একটি": 0.0028208744710860366, "একাউণ্টে": 0.0028208744710860366, "একাউন্টে": 0.0028208744710860366, "একাধিক": 0.0028208744710860366, "ও": 0.0028208744710860366, "করব": 0.0028208744710860366, "করা": 0.0028208744710860366, "করে": 0.0028208744710860366, "থাকে": 0.0028208744710860366, "পারব": 0.0028208744710860366, "বিদেশ": 0.0028208744710860366, "যেকোনো": 0.0028208744710860366, "লিংক": 0.0028208744710860366, "সময়": 0.0028208744710860366, "সাথে": 0.0028208744710860366, "সুধু": 0.0028208744710860366, "accounte": 0.0014104372355430183, "accunt": 0.0014104372355430183, "ami": 0.0014104372355430183, "are": 0.0014104372355430183, "at": 0.0014104372355430183, "baddhota": 0.0014104372355430183, "be": 0.0014104372355430183, "been": 0.0014104372355430183, "before": 0.0014104372355430183, "bidhesh": 0.0014104372355430183, "both": 0.0014104372355430183, "bujhlam": 0.0014104372355430183, "but": 0.0014104372355430183, "can": 0.0014104372355430183, "chai": 0.0014104372355430183, "chose": 0.0014104372355430183, "cureency": 0.0014104372355430183, "curenncy": 0.0014104372355430183, "currecny": 0.0014104372355430183, "dekhlam": 0.0014104372355430183, "detials": 0.0014104372355430183, "dibo": 0.0014104372355430183, "dite": 0.0014104372355430183, "doing": 0.0014104372355430183, "ehn": 0.0014104372355430183, "eikhane": 0.0014104372355430183, "ekadhik": 0.0014104372355430183, "ekhn": 0.0014104372355430183, "eksathe": 0.0014104372355430183, "ekta": 0.0014104372355430183, "ese": 0.0014104372355430183, "euro": 0.0014104372355430183, "gulo": 0.0014104372355430183, "hobe": 0.0014104372355430183, "hoy": 0.0014104372355430183, "initiative": 0.0014104372355430183, "it's": 0.0014104372355430183, "jabe": 0.0014104372355430183, "jknoo": 0.0014104372355430183, "konta": 0.0014104372355430183, "kora": 0.0014104372355430183, "korbo": 0.0014104372355430183, "kore": 0.0014104372355430183, "lage": 0.0014104372355430183, "link": 0.0014104372355430183, "linked": 0.0014104372355430183, "long": 0.0014104372355430183, "mandatory": 0.0014104372355430183, "may": 0.0014104372355430183, "moddhe": 0.0014104372355430183, "mulok": 0.0014104372355430183, "multiple": 0.0014104372355430183, "naki": 0.0014104372355430183, "nawar": 0.0014104372355430183, "nite": 0.0014104372355430183, "oi": 0.0014104372355430183, "onek": 0.0014104372355430183, "only": 0.0014104372355430183, "options": 0.0014104372355430183, "paioniar": 0.0014104372355430183, "particular": 0.0014104372355430183, "paytoneer": 0.0014104372355430183, "pioniar": 0.0014104372355430183, "please": 0.0014104372355430183, "request": 0.0014104372355430183, "sekhetre": 0.0014104372355430183, "sir": 0.0014104372355430183, "somoi": 0.0014104372355430183, "system": 0.0014104372355430183, "taking": 0.0014104372355430183, "thaka": 0.0014104372355430183, "thake": 0.0014104372355430183, "there": 0.0014104372355430183, "time": 0.0014104372355430183, "transaction": 0.0014104372355430183, "transferring": 0.0014104372355430183, "two": 0.0014104372355430183, "vai": 0.0014104372355430183, "withdrawing": 0.0014104372355430183, "yen": 0.0014104372355430183, "আনা": 0.0014104372355430183, "আনে": 0.0014104372355430183, "আপনি": 0.0014104372355430183, "আর": 0.0014104372355430183, "ইয়েন": 0.0014104372355430183, "উইথড্র": 0.0014104372355430183, "উটাতে": 0.0014104372355430183, "উঠাতে": 0.0014104372355430183, "উঠানোর": 0.0014104372355430183, "উঠাব": 0.0014104372355430183, "উত্তোলনের": 0.0014104372355430183, "এ": 0.0014104372355430183, "একটা": 0.0014104372355430183, "এবং": 0.0014104372355430183, "এর": 0.0014104372355430183, "এসে": 0.0014104372355430183, "ঐটা": 0.0014104372355430183, "করতেই": 0.0014104372355430183, "করবো": 0.0014104372355430183, "করলে": 0.0014104372355430183, "করেছি": 0.0014104372355430183, "কিন্তু": 0.0014104372355430183, "গেলে": 0.0014104372355430183, "চাচ্ছিলাম": 0.0014104372355430183, "চাছি": 0.0014104372355430183, "ছিল": 0.0014104372355430183, "জন্য": 0.0014104372355430183, "জরুরি": 0.0014104372355430183, "জরুরী": 0.0014104372355430183, "জানার": 0.0014104372355430183, "জানি": 0.0014104372355430183, "টাকার": 0.0014104372355430183, "ট্রান্সফার": 0.0014104372355430183, "তথ্য": 0.0014104372355430183, "তাহলে": 0.0014104372355430183, "তিন": 0.0014104372355430183, "থাকা": 0.0014104372355430183, "ধরনের": 0.0014104372355430183, "নাহ": 0.0014104372355430183, "নিতে": 0.0014104372355430183, "পরিমাণতো": 0.0014104372355430183, "পাউন্ড": 0.0014104372355430183, "পাউন্ডের": 0.0014104372355430183, "পারছিনা": 0.0014104372355430183, "পারেন": 0.0014104372355430183, "পেওনিয়ারের": 0.0014104372355430183, "পেনিয়ার": 0.0014104372355430183, "বলে": 0.0014104372355430183, "বাধ্যতামুলক": 0.0014104372355430183, "বিশেশ": 0.0014104372355430183, "ভাঙ্গাইতে": 0.0014104372355430183, "ভিন্ন": 0.0014104372355430183, "মাধ্যমে": 0.0014104372355430183, "যদি": 0.0014104372355430183, "যায়না": 0.0014104372355430183, "লিঙ্ক": 0.0014104372355430183, "সময়": 0.0014104372355430183, "সহায়তা": 0.0014104372355430183, "সিলেক্ত": 0.0014104372355430183, "স্যার": 0.0014104372355430183, "হবেনা": 0.0014104372355430183}