{"payoneer": 0.05026455026455026, "কি": 0.029100529100529102, "পাইওনিয়ার": 0.029100529100529102, "i": 0.026455026455026454, "bkash": 0.02380952380952381, "service": 0.02380952380952381, "ki": 0.021164021164021163, "আমি": 0.021164021164021163, "eligible": 0.01851851851851852, "নিতে": 0.01851851851851852, "er": 0.015873015873015872, "sir": 0.015873015873015872, "অ্যাড": 0.015873015873015872, "account": 0.013227513227513227, "add": 0.013227513227513227, "ami": 0.013227513227513227, "for": 0.013227513227513227, "to": 0.013227513227513227, "বিকাশে": 0.013227513227513227, "সেবাটি": 0.013227513227513227, "স্যার": 0.013227513227513227, "am": 0.010582010582010581, "ame": 0.010582010582010581, "korte": 0.010582010582010581, "parbo": 0.010582010582010581, "একটু": 0.010582010582010581, "একাউন্ট": 0.010582010582010581, "পারব": 0.010582010582010581, "বিকাশ": 0.010582010582010581, "যে": 0.010582010582010581, "amar": 0.007936507936507936, "can": 0.007936507936507936, "chai": 0.007936507936507936, "ektu": 0.007936507936507936, "eta": 0.007936507936507936, "is": 0.007936507936507936, "jonno": 0.007936507936507936, "my": 0.007936507936507936, "nite": 0.007936507936507936, "the": 0.007936507936507936, "করতে": 0.007936507936507936, "করে": 0.007936507936507936, "জন্য": 0.007936507936507936, "পারবে": 0.007936507936507936, "সেবা": 0.007936507936507936, "apnader": 0.005291005291005291, "chacchi": 0.005291005291005291, "check": 0.005291005291005291, "do": 0.005291005291005291, "it": 0.005291005291005291, "kon": 0.005291005291005291, "kore": 0.005291005291005291, "may": 0.005291005291005291, "me": 0.005291005291005291, "parbe": 0.005291005291005291, "please": 0.005291005291005291, "sathe": 0.005291005291005291, "what": 0.005291005291005291, "with": 0.005291005291005291, "আমাকে": 0.005291005291005291, "এই": 0.005291005291005291, "একাউন্টের": 0.005291005291005291, "কার": 0.005291005291005291, "গ্রাহক": 0.005291005291005291, "পারবেন": 0.005291005291005291, "পেওনিয়ার": 0.005291005291005291, "প্রযোজ্য": 0.005291005291005291, "যদি": 0.005291005291005291, "সকল": 0.005291005291005291, "সাথে": 0.005291005291005291, "a": 0.0026455026455026454, "about": 0.0026455026455026454, "access": 0.0026455026455026454, "all": 0.0026455026455026454, "anbo": 0.0026455026455026454, "any": 0.0026455026455026454, "avail": 0.0026455026455026454, "bikash": 0.0026455026455026454, "bolento": 0.0026455026455026454, "chailei": 0.0026455026455026454, "condition": 0.0026455026455026454, "dekhben": 0.0026455026455026454, "eligibe": 0.0026455026455026454, "grahok": 0.0026455026455026454, "if": 0.0026455026455026454, "inform": 0.0026455026455026454, "janaben": 0.0026455026455026454, "jante": 0.0026455026455026454, "je": 0.0026455026455026454, "keu": 0.0026455026455026454, "know": 0.0026455026455026454, "let": 0.0026455026455026454, "maddhome": 0.0026455026455026454, "na": 0.0026455026455026454, "online": 0.0026455026455026454, "pabe": 0.0026455026455026454, "pauoneer": 0.0026455026455026454, "payment": 0.0026455026455026454, "projojjo": 0.0026455026455026454, "sebati": 0.0026455026455026454, "should": 0.0026455026455026454, "sobai": 0.0026455026455026454, "sober": 0.0026455026455026454, "ta": 0.0026455026455026454, "taka": 0.0026455026455026454, "take": 0.0026455026455026454, "thinking": 0.0026455026455026454, "unable": 0.0026455026455026454, "user": 0.0026455026455026454, "want": 0.0026455026455026454, "অনলাইনে": 0.0026455026455026454, "অসমর্থ": 0.0026455026455026454, "অ্যাক্সেস": 0.0026455026455026454, "আগ্রহী": 0.0026455026455026454, "আচ্ছা": 0.0026455026455026454, "আপনাদের": 0.0026455026455026454, "আপানদের": 0.0026455026455026454, "আমার": 0.0026455026455026454, "এটা": 0.0026455026455026454, "এটার": 0.0026455026455026454, "এসেছে": 0.0026455026455026454, "করণীয়": 0.0026455026455026454, "করা": 0.0026455026455026454, "করার": 0.0026455026455026454, "করি": 0.0026455026455026454, "কাজ": 0.0026455026455026454, "কারা": 0.0026455026455026454, "কিন্তু": 0.0026455026455026454, "কী": 0.0026455026455026454, "কোন": 0.0026455026455026454, "গ্রাহকই": 0.0026455026455026454, "গ্রাহকদের": 0.0026455026455026454, "চাই": 0.0026455026455026454, "চাইলেই": 0.0026455026455026454, "চাচ্ছি": 0.0026455026455026454, "চেক": 0.0026455026455026454, "ছায়": 0.0026455026455026454, "জানাবেন": 0.0026455026455026454, "জানিয়ে": 0.0026455026455026454, "তার": 0.0026455026455026454, "তাহলে": 0.0026455026455026454, "দিবেন": 0.0026455026455026454, "পাই": 0.0026455026455026454, "পাইওনিওর": 0.0026455026455026454, "পাইওনিয়ারে": 0.0026455026455026454, "পেতে": 0.0026455026455026454, "পেমেন্ত": 0.0026455026455026454, "বলবেন": 0.0026455026455026454, "বলুন": 0.0026455026455026454, "ব্যবহার": 0.0026455026455026454, "ভাই": 0.0026455026455026454, "যায়": 0.0026455026455026454, "যেকোনো": 0.0026455026455026454, "সকলের": 0.0026455026455026454, "সবাই": 0.0026455026455026454, "সার্ভিসটি": 0.0026455026455026454, "সার্ভিসটির": 0.0026455026455026454, "সেবাতি": 0.0026455026455026454, "হব": 0.0026455026455026454, "হলে": 0.0026455026455026454}