{"dollar": 0.044150110375275935, "rate": 0.044150110375275935, "payoneer": 0.037527593818984545, "bkash": 0.030905077262693155, "টাকা": 0.030905077262693155, "the": 0.024282560706401765, "to": 0.024282560706401765, "account": 0.022075055187637967, "e": 0.022075055187637967, "koto": 0.022075055187637967, "ডলার": 0.019867549668874173, "থেকে": 0.019867549668874173, "theke": 0.017660044150110375, "একাউন্ট": 0.017660044150110375, "পেওনিয়ার": 0.017660044150110375, "i": 0.015452538631346577, "money": 0.015452538631346577, "ante": 0.01324503311258278, "from": 0.01324503311258278, "taka": 0.01324503311258278, "tk": 0.01324503311258278, "আনতে": 0.01324503311258278, "কত": 0.01324503311258278, "ekhn": 0.011037527593818984, "my": 0.011037527593818984, "of": 0.011037527593818984, "চাই": 0.011037527593818984, "chai": 0.008830022075055188, "change": 0.008830022075055188, "er": 0.008830022075055188, "international": 0.008830022075055188, "ki": 0.008830022075055188, "naki": 0.008830022075055188, "transfer": 0.008830022075055188, "want": 0.008830022075055188, "পরিবর্তন": 0.008830022075055188, "রেট": 0.008830022075055188, "hoy": 0.00662251655629139, "if": 0.00662251655629139, "sathe": 0.00662251655629139, "what": 0.00662251655629139, "withdraw": 0.00662251655629139, "আমি": 0.00662251655629139, "এ": 0.00662251655629139, "কি": 0.00662251655629139, "দিবে": 0.00662251655629139, "বিকাশ": 0.00662251655629139, "বিকাশে": 0.00662251655629139, "হয়": 0.00662251655629139, "account's": 0.004415011037527594, "ami": 0.004415011037527594, "anle": 0.004415011037527594, "be": 0.004415011037527594, "convert": 0.004415011037527594, "currency": 0.004415011037527594, "curretly": 0.004415011037527594, "dibe": 0.004415011037527594, "dolar": 0.004415011037527594, "doller": 0.004415011037527594, "gele": 0.004415011037527594, "is": 0.004415011037527594, "per": 0.004415011037527594, "whats": 0.004415011037527594, "will": 0.004415011037527594, "অামি": 0.004415011037527594, "আনার": 0.004415011037527594, "আমার": 0.004415011037527594, "এক": 0.004415011037527594, "করতে": 0.004415011037527594, "নাকি": 0.004415011037527594, "রয়েছে": 0.004415011037527594, "$": 0.002207505518763797, "$=": 0.002207505518763797, "=": 0.002207505518763797, "according": 0.002207505518763797, "accoutn": 0.002207505518763797, "amar": 0.002207505518763797, "amount": 0.002207505518763797, "amr": 0.002207505518763797, "anumanik": 0.002207505518763797, "apnader": 0.002207505518763797, "app": 0.002207505518763797, "asbe": 0.002207505518763797, "bank": 0.002207505518763797, "bikashe": 0.002207505518763797, "can": 0.002207505518763797, "case": 0.002207505518763797, "chacchilam": 0.002207505518763797, "changeable": 0.002207505518763797, "conversion": 0.002207505518763797, "current": 0.002207505518763797, "currently": 0.002207505518763797, "dam": 0.002207505518763797, "dicche": 0.002207505518763797, "do": 0.002207505518763797, "dollars": 0.002207505518763797, "ebeshi": 0.002207505518763797, "eur": 0.002207505518763797, "freelance": 0.002207505518763797, "have": 0.002207505518763797, "hobe": 0.002207505518763797, "hoye": 0.002207505518763797, "in": 0.002207505518763797, "jante": 0.002207505518763797, "je": 0.002207505518763797, "jeivabe": 0.002207505518763797, "kore": 0.002207505518763797, "luv": 0.002207505518763797, "market": 0.002207505518763797, "oibvabe": 0.002207505518763797, "output": 0.002207505518763797, "ow": 0.002207505518763797, "pari": 0.002207505518763797, "paynoeer": 0.002207505518763797, "payo": 0.002207505518763797, "payonner": 0.002207505518763797, "pete": 0.002207505518763797, "same": 0.002207505518763797, "see": 0.002207505518763797, "teke": 0.002207505518763797, "transaction": 0.002207505518763797, "transferring": 0.002207505518763797, "us": 0.002207505518763797, "withdrawal": 0.002207505518763797, "অইভাবে": 0.002207505518763797, "অ্যাপ": 0.002207505518763797, "আনলে": 0.002207505518763797, "আন্তর্জাতিক": 0.002207505518763797, "এইখানেও": 0.002207505518763797, "একজন": 0.002207505518763797, "একাউণ্টে": 0.002207505518763797, "একাউন্টে": 0.002207505518763797, "এখন": 0.002207505518763797, "করে": 0.002207505518763797, "ক্ষেত্রে": 0.002207505518763797, "চাইলে": 0.002207505518763797, "চাচ্ছি": 0.002207505518763797, "চাচ্ছিলাম": 0.002207505518763797, "জেইভাবে": 0.002207505518763797, "ডলারে": 0.002207505518763797, "দেখা": 0.002207505518763797, "পাব": 0.002207505518763797, "পার": 0.002207505518763797, "পারি": 0.002207505518763797, "পায়নিয়ার": 0.002207505518763797, "পেতে": 0.002207505518763797, "পেয়নিয়ার": 0.002207505518763797, "পয়নিয়ার": 0.002207505518763797, "যদি": 0.002207505518763797, "যাবে": 0.002207505518763797, "রেত": 0.002207505518763797, "লেনদেন": 0.002207505518763797, "সময়": 0.002207505518763797, "সেক্ষেত্রে": 0.002207505518763797, "হয়নাকি": 0.002207505518763797}