{"payoneer": 0.06624605678233439, "account": 0.05993690851735015, "app": 0.04100946372239748, "bkash": 0.03785488958990536, "পেওনার": 0.03470031545741325, "একাউন্ট": 0.031545741324921134, "বিকাশ": 0.031545741324921134, "অ্যাপ": 0.028391167192429023, "delete": 0.025236593059936908, "korte": 0.025236593059936908, "de-link": 0.022082018927444796, "remove": 0.022082018927444796, "পারি": 0.022082018927444796, "ami": 0.01892744479495268, "from": 0.01892744479495268, "থেকে": 0.01892744479495268, "can": 0.015772870662460567, "diye": 0.015772870662460567, "how": 0.015772870662460567, "kivabe": 0.015772870662460567, "my": 0.015772870662460567, "pari": 0.015772870662460567, "আমি": 0.015772870662460567, "chai": 0.012618296529968454, "i": 0.012618296529968454, "করতে": 0.012618296529968454, "কিভাবে": 0.012618296529968454, "বাদ": 0.012618296529968454, "amar": 0.00946372239747634, "bhaiya": 0.00946372239747634, "bikash": 0.00946372239747634, "ki": 0.00946372239747634, "me": 0.00946372239747634, "please": 0.00946372239747634, "tell": 0.00946372239747634, "আমার": 0.00946372239747634, "দিতে": 0.00946372239747634, "e": 0.006309148264984227, "ekta": 0.006309148264984227, "jai": 0.006309148264984227, "kora": 0.006309148264984227, "korar": 0.006309148264984227, "korbo": 0.006309148264984227, "niyom": 0.006309148264984227, "process": 0.006309148264984227, "to": 0.006309148264984227, "you": 0.006309148264984227, "আনলিঙ্ক": 0.006309148264984227, "উপয়": 0.006309148264984227, "কোন": 0.006309148264984227, "দিয়ে": 0.006309148264984227, "ভাইয়া": 0.006309148264984227, "রিমুভ": 0.006309148264984227, "about": 0.0031545741324921135, "accha": 0.0031545741324921135, "ache": 0.0031545741324921135, "babar": 0.0031545741324921135, "boro": 0.0031545741324921135, "ekhon": 0.0031545741324921135, "er": 0.0031545741324921135, "help": 0.0031545741324921135, "janaben": 0.0031545741324921135, "jante": 0.0031545741324921135, "kore": 0.0031545741324921135, "lagbe": 0.0031545741324921135, "sei": 0.0031545741324921135, "the": 0.0031545741324921135, "theke": 0.0031545741324921135, "unlink": 0.0031545741324921135, "vaiya": 0.0031545741324921135, "would": 0.0031545741324921135, "অনুগ্রহ": 0.0031545741324921135, "অ্যাড": 0.0031545741324921135, "আগে": 0.0031545741324921135, "একাউন্টটি": 0.0031545741324921135, "এখন": 0.0031545741324921135, "এর": 0.0031545741324921135, "করবো": 0.0031545741324921135, "করার": 0.0031545741324921135, "করে": 0.0031545741324921135, "করেছি": 0.0031545741324921135, "কি": 0.0031545741324921135, "কিছু": 0.0031545741324921135, "কীভাবে": 0.0031545741324921135, "জানাবেন": 0.0031545741324921135, "দিন": 0.0031545741324921135, "দেওয়া": 0.0031545741324921135, "নিয়মটা": 0.0031545741324921135, "পারবো": 0.0031545741324921135, "পেওনিয়ার": 0.0031545741324921135, "ফেলতে": 0.0031545741324921135, "বলতেন": 0.0031545741324921135, "যদি": 0.0031545741324921135, "যাবে": 0.0031545741324921135, "সরিয়ে": 0.0031545741324921135, "সাথে": 0.0031545741324921135}