{"otp": 0.04927536231884058, "payoneer": 0.043478260869565216, "theke": 0.034782608695652174, "off": 0.028985507246376812, "থেকে": 0.026086956521739132, "বন্ধ": 0.02028985507246377, "bondho": 0.017391304347826087, "korte": 0.017391304347826087, "ওটিপি": 0.017391304347826087, "পেওনিয়ার": 0.017391304347826087, "from": 0.014492753623188406, "korar": 0.014492753623188406, "the": 0.014492753623188406, "to": 0.014492753623188406, "কি": 0.014492753623188406, "chai": 0.011594202898550725, "code": 0.011594202898550725, "ekta": 0.011594202898550725, "ta": 0.011594202898550725, "এটা": 0.011594202898550725, "করতে": 0.011594202898550725, "কোড": 0.011594202898550725, "না": 0.011594202898550725, "ashe": 0.008695652173913044, "eta": 0.008695652173913044, "gele": 0.008695652173913044, "i": 0.008695652173913044, "je": 0.008695652173913044, "ki": 0.008695652173913044, "ota": 0.008695652173913044, "stop": 0.008695652173913044, "turn": 0.008695652173913044, "আমি": 0.008695652173913044, "ওটা": 0.008695652173913044, "করা": 0.008695652173913044, "করে": 0.008695652173913044, "টাকা": 0.008695652173913044, "যায়": 0.008695652173913044, "যে": 0.008695652173913044, "asha": 0.005797101449275362, "bolen": 0.005797101449275362, "dei": 0.005797101449275362, "den": 0.005797101449275362, "how": 0.005797101449275362, "is": 0.005797101449275362, "kemne": 0.005797101449275362, "kono": 0.005797101449275362, "kora": 0.005797101449275362, "korbo": 0.005797101449275362, "kore": 0.005797101449275362, "lenden": 0.005797101449275362, "peyoneer": 0.005797101449275362, "process": 0.005797101449275362, "shomoy": 0.005797101449275362, "taka": 0.005797101449275362, "upay": 0.005797101449275362, "withdraw": 0.005797101449275362, "withdrawal": 0.005797101449275362, "আসে": 0.005797101449275362, "উইথড্র": 0.005797101449275362, "একটা": 0.005797101449275362, "করার": 0.005797101449275362, "চাই": 0.005797101449275362, "টা": 0.005797101449275362, "পাইওনিয়ার": 0.005797101449275362, "পেনিয়ার": 0.005797101449275362, "সময়": 0.005797101449275362, "সিস্টেম": 0.005797101449275362, "ace": 0.002898550724637681, "ame": 0.002898550724637681, "ami": 0.002898550724637681, "anar": 0.002898550724637681, "any": 0.002898550724637681, "asa": 0.002898550724637681, "ase": 0.002898550724637681, "bondo": 0.002898550724637681, "can": 0.002898550724637681, "dite": 0.002898550724637681, "during": 0.002898550724637681, "e": 0.002898550724637681, "fund": 0.002898550724637681, "funds": 0.002898550724637681, "get": 0.002898550724637681, "getting": 0.002898550724637681, "hoito": 0.002898550724637681, "hoy": 0.002898550724637681, "it": 0.002898550724637681, "jamela": 0.002898550724637681, "jayna": 0.002898550724637681, "jei": 0.002898550724637681, "jhamela": 0.002898550724637681, "khub": 0.002898550724637681, "konobhabe": 0.002898550724637681, "korer": 0.002898550724637681, "lagtese": 0.002898550724637681, "may": 0.002898550724637681, "me": 0.002898550724637681, "niyom": 0.002898550724637681, "of": 0.002898550724637681, "oi": 0.002898550724637681, "option": 0.002898550724637681, "parbo": 0.002898550724637681, "pari": 0.002898550724637681, "payoner": 0.002898550724637681, "peoneer": 0.002898550724637681, "peonier": 0.002898550724637681, "possible": 0.002898550724637681, "providing": 0.002898550724637681, "rakhte": 0.002898550724637681, "shmoy": 0.002898550724637681, "system": 0.002898550724637681, "taa": 0.002898550724637681, "tell": 0.002898550724637681, "that": 0.002898550724637681, "there": 0.002898550724637681, "trasfer": 0.002898550724637681, "uthanor": 0.002898550724637681, "vai": 0.002898550724637681, "valo": 0.002898550724637681, "way": 0.002898550724637681, "while": 0.002898550724637681, "without": 0.002898550724637681, "অফ": 0.002898550724637681, "আছে": 0.002898550724637681, "আনার": 0.002898550724637681, "আমার": 0.002898550724637681, "আশা": 0.002898550724637681, "আসা": 0.002898550724637681, "উঠানোর": 0.002898550724637681, "উত্তোলন": 0.002898550724637681, "উপায়": 0.002898550724637681, "এর": 0.002898550724637681, "কোনো": 0.002898550724637681, "খুব": 0.002898550724637681, "গেলে": 0.002898550724637681, "ঝামেলা": 0.002898550724637681, "টানা": 0.002898550724637681, "দিতে": 0.002898550724637681, "দিয়ে": 0.002898550724637681, "দেই": 0.002898550724637681, "দেওয়া": 0.002898550724637681, "দেন": 0.002898550724637681, "নিয়মটা": 0.002898550724637681, "পাই": 0.002898550724637681, "পারবো": 0.002898550724637681, "পারি": 0.002898550724637681, "প্রদান": 0.002898550724637681, "ফোনে": 0.002898550724637681, "বলেন": 0.002898550724637681, "যদি": 0.002898550724637681, "যায়না": 0.002898550724637681, "যেই": 0.002898550724637681, "লেনদেনের": 0.002898550724637681, "সময়ে": 0.002898550724637681, "স্যার": 0.002898550724637681, "হয়": 0.002898550724637681}