{"pin": 0.0542043085476025, "পিন": 0.03822098679638638, "set": 0.029881862404447533, "শেষ": 0.02571230020847811, "সেট": 0.02571230020847811, "সময়": 0.02501737317581654, "time": 0.024322446143154968, "আমার": 0.022237665045170257, "করার": 0.021542738012508684, "bkash": 0.019457956914523976, "এখন": 0.018068102849200834, "ki": 0.015288394718554551, "কি": 0.015288394718554551, "amar": 0.01459346768589298, "korar": 0.013203613620569838, "somoy": 0.01250868658790827, "ses": 0.0118137595552467, "korte": 0.011118832522585128, "করতে": 0.011118832522585128, "the": 0.010423905489923557, "বিকাশ": 0.010423905489923557, "account": 0.009728978457261988, "er": 0.009728978457261988, "amr": 0.009034051424600417, "hoye": 0.009034051424600417, "korbo": 0.009034051424600417, "আমি": 0.009034051424600417, "হয়ে": 0.009034051424600417, "a": 0.008339124391938846, "ami": 0.008339124391938846, "pari": 0.007644197359277276, "ar": 0.0069492703266157045, "sesh": 0.0069492703266157045, "করব": 0.0069492703266157045, "পারি": 0.0069492703266157045, "bikash": 0.006254343293954135, "gese": 0.006254343293954135, "new": 0.006254343293954135, "over": 0.006254343293954135, "করবো": 0.006254343293954135, "akhon": 0.005559416261292564, "expire": 0.005559416261292564, "expired": 0.005559416261292564, "of": 0.005559416261292564, "customer": 0.004864489228630994, "has": 0.004864489228630994, "is": 0.004864489228630994, "my": 0.004864489228630994, "number": 0.004864489228630994, "গেছে": 0.004864489228630994, "i": 0.004169562195969423, "to": 0.004169562195969423, "কিভাবে": 0.004169562195969423, "ekhon": 0.0034746351633078523, "setup": 0.0034746351633078523, "up": 0.0034746351633078523, "একাউন্ট": 0.0034746351633078523, "একাউন্টে": 0.0034746351633078523, "এর": 0.0034746351633078523, "বিকাশে": 0.0034746351633078523, "মেয়াদ": 0.0034746351633078523, "amer": 0.002779708130646282, "code": 0.002779708130646282, "gase": 0.002779708130646282, "kora": 0.002779708130646282, "kore": 0.002779708130646282, "না": 0.002779708130646282, "বিকাশের": 0.002779708130646282, "247": 0.0020847810979847115, "akon": 0.0020847810979847115, "bikas": 0.0020847810979847115, "bole": 0.0020847810979847115, "e": 0.0020847810979847115, "enter": 0.0020847810979847115, "gece": 0.0020847810979847115, "hello": 0.0020847810979847115, "help": 0.0020847810979847115, "hobe": 0.0020847810979847115, "kintu": 0.0020847810979847115, "limit": 0.0020847810979847115, "nai": 0.0020847810979847115, "naki": 0.0020847810979847115, "out": 0.0020847810979847115, "sat": 0.0020847810979847115, "shesh": 0.0020847810979847115, "sir": 0.0020847810979847115, "your": 0.0020847810979847115, "এই": 0.0020847810979847115, "এটা": 0.0020847810979847115, "কোড": 0.0020847810979847115, "গিয়েছে": 0.0020847810979847115, "দেখাচ্ছে": 0.0020847810979847115, "নতুন": 0.0020847810979847115, "নাই": 0.0020847810979847115, "পারিনি": 0.0020847810979847115, "পিনের": 0.0020847810979847115, "সেব": 0.0020847810979847115, "ai": 0.001389854065323141, "akhane": 0.001389854065323141, "akn": 0.001389854065323141, "bkas": 0.001389854065323141, "dekhacche": 0.001389854065323141, "do": 0.001389854065323141, "ekhn": 0.001389854065323141, "exceeded": 0.001389854065323141, "gele": 0.001389854065323141, "gesa": 0.001389854065323141, "have": 0.001389854065323141, "hoe": 0.001389854065323141, "hoi": 0.001389854065323141, "hoia": 0.001389854065323141, "it": 0.001389854065323141, "kivabe": 0.001389854065323141, "korini": 0.001389854065323141, "moddhe": 0.001389854065323141, "nh": 0.001389854065323141, "parchi": 0.001389854065323141, "parini": 0.001389854065323141, "password": 0.001389854065323141, "plzz": 0.001389854065323141, "run": 0.001389854065323141, "sas": 0.001389854065323141, "sate": 0.001389854065323141, "satting": 0.001389854065323141, "setting": 0.001389854065323141, "shas": 0.001389854065323141, "shomoy": 0.001389854065323141, "should": 0.001389854065323141, "what": 0.001389854065323141, "আপ": 0.001389854065323141, "ইন": 0.001389854065323141, "একন": 0.001389854065323141, "ওভার": 0.001389854065323141, "করলে": 0.001389854065323141, "করে": 0.001389854065323141, "কারনে": 0.001389854065323141, "কী": 0.001389854065323141, "কেন": 0.001389854065323141, "কোট": 0.001389854065323141, "খোলার": 0.001389854065323141, "ঘন্টা": 0.001389854065323141, "টাইম": 0.001389854065323141, "ডায়াল": 0.001389854065323141, "তাই": 0.001389854065323141, "দিতে": 0.001389854065323141, "নাম্বার": 0.001389854065323141, "পর": 0.001389854065323141, "পারছিনা": 0.001389854065323141, "প্লিজ": 0.001389854065323141, "ভাবে": 0.001389854065323141, "মত": 0.001389854065323141, "লগ": 0.001389854065323141, "লিমিট": 0.001389854065323141, "শেস": 0.001389854065323141, "সময়": 0.001389854065323141, "সেক": 0.001389854065323141, "হয়েছে": 0.001389854065323141, "accaunt": 0.0006949270326615705, "age": 0.0006949270326615705, "akhin": 0.0006949270326615705, "akta": 0.0006949270326615705, "akte": 0.0006949270326615705, "already": 0.0006949270326615705, "amke": 0.0006949270326615705, "apnar": 0.0006949270326615705, "apps": 0.0006949270326615705, "as": 0.0006949270326615705, "ase": 0.0006949270326615705, "ashsilo": 0.0006949270326615705, "assala": 0.0006949270326615705, "ata": 0.0006949270326615705, "ave": 0.0006949270326615705, "ay": 0.0006949270326615705, "b": 0.0006949270326615705, "barbar": 0.0006949270326615705, "bhula": 0.0006949270326615705, "bikasa": 0.0006949270326615705, "bikasher": 0.0006949270326615705, "bishesh": 0.0006949270326615705, "bolce": 0.0006949270326615705, "boltece": 0.0006949270326615705, "boltse": 0.0006949270326615705, "bosanor": 0.0006949270326615705, "bosate": 0.0006949270326615705, "buy": 0.0006949270326615705, "center": 0.0006949270326615705, "chachi": 0.0006949270326615705, "chaile": 0.0006949270326615705, "chole": 0.0006949270326615705, "cod": 0.0006949270326615705, "corar": 0.0006949270326615705, "coustomer": 0.0006949270326615705, "dail": 0.0006949270326615705, "date": 0.0006949270326615705, "dekhai": 0.0006949270326615705, "dekhaitesa": 0.0006949270326615705, "dekhaitse": 0.0006949270326615705, "dekhatse": 0.0006949270326615705, "dekhay": 0.0006949270326615705, "deri": 0.0006949270326615705, "deyar": 0.0006949270326615705, "dibe": 0.0006949270326615705, "dile": 0.0006949270326615705, "disilo": 0.0006949270326615705, "dita": 0.0006949270326615705, "dite": 0.0006949270326615705, "diyar": 0.0006949270326615705, "dukle": 0.0006949270326615705, "ekon": 0.0006949270326615705, "ektu": 0.0006949270326615705, "eti": 0.0006949270326615705, "exoired": 0.0006949270326615705, "experied": 0.0006949270326615705, "failed": 0.0006949270326615705, "feleci": 0.0006949270326615705, "felsi": 0.0006949270326615705, "gasa": 0.0006949270326615705, "geasa": 0.0006949270326615705, "geche": 0.0006949270326615705, "geese": 0.0006949270326615705, "had": 0.0006949270326615705, "hi": 0.0006949270326615705, "hlw": 0.0006949270326615705, "hoise": 0.0006949270326615705, "hours": 0.0006949270326615705, "hoya": 0.0006949270326615705, "hoyegache": 0.0006949270326615705, "hoyse": 0.0006949270326615705, "hye": 0.0006949270326615705, "iphone": 0.0006949270326615705, "j": 0.0006949270326615705, "jawar": 0.0006949270326615705, "je": 0.0006949270326615705, "jonn": 0.0006949270326615705, "jonno": 0.0006949270326615705, "karona": 0.0006949270326615705, "karone": 0.0006949270326615705, "kash": 0.0006949270326615705, "kholar": 0.0006949270326615705, "khular": 0.0006949270326615705, "khulchi": 0.0006949270326615705, "khulna": 0.0006949270326615705, "khulte": 0.0006949270326615705, "kibaba": 0.0006949270326615705, "kichu": 0.0006949270326615705, "kno": 0.0006949270326615705, "kola": 0.0006949270326615705, "korben": 0.0006949270326615705, "korechilam": 0.0006949270326615705, "korla": 0.0006949270326615705, "koronio": 0.0006949270326615705, "koroniyo": 0.0006949270326615705, "korta": 0.0006949270326615705, "kotre": 0.0006949270326615705, "mar": 0.0006949270326615705, "mem": 0.0006949270326615705, "meyad": 0.0006949270326615705, "moto": 0.0006949270326615705,