{"pin": 0.07891770011273957, "set": 0.060879368658399095, "পিন": 0.05411499436302142, "সেট": 0.04509582863585118, "আমার": 0.029312288613303268, "করতে": 0.02254791431792559, "korbo": 0.020293122886133032, "korte": 0.019165727170236752, "amar": 0.016910935738444193, "bkash": 0.015783540022547914, "er": 0.015783540022547914, "আমি": 0.015783540022547914, "ami": 0.014656144306651634, "না": 0.014656144306651634, "কি": 0.013528748590755355, "i": 0.011273957158962795, "my": 0.011273957158962795, "ta": 0.011273957158962795, "account": 0.010146561443066516, "ki": 0.010146561443066516, "বিকাশ": 0.010146561443066516, "এখন": 0.009019165727170236, "হচ্ছে": 0.009019165727170236, "amr": 0.006764374295377677, "chai": 0.006764374295377677, "keno": 0.006764374295377677, "kivabe": 0.006764374295377677, "na": 0.006764374295377677, "number": 0.006764374295377677, "problem": 0.006764374295377677, "করা": 0.006764374295377677, "to": 0.005636978579481398, "করবো": 0.005636978579481398, "কিভাবে": 0.005636978579481398, "কেন": 0.005636978579481398, "চাই": 0.005636978579481398, "বিকাশে": 0.005636978579481398, "a": 0.004509582863585118, "bikash": 0.004509582863585118, "e": 0.004509582863585118, "hoytase": 0.004509582863585118, "kore": 0.004509582863585118, "parchina": 0.004509582863585118, "please": 0.004509582863585118, "reset": 0.004509582863585118, "vabe": 0.004509582863585118, "এই": 0.004509582863585118, "নাম্বার": 0.004509582863585118, "পারছি": 0.004509582863585118, "পারছিনা": 0.004509582863585118, "বিকাশের": 0.004509582863585118, "হবে": 0.004509582863585118, "can": 0.0033821871476888386, "help": 0.0033821871476888386, "hi": 0.0033821871476888386, "me": 0.0033821871476888386, "parchi": 0.0033821871476888386, "ti": 0.0033821871476888386, "up": 0.0033821871476888386, "want": 0.0033821871476888386, "why": 0.0033821871476888386, "করব": 0.0033821871476888386, "করে": 0.0033821871476888386, "নতুন": 0.0033821871476888386, "পারবো": 0.0033821871476888386, "ভাই": 0.0033821871476888386, "ভাবে": 0.0033821871476888386, "akhon": 0.002254791431792559, "bhai": 0.002254791431792559, "bhaiya": 0.002254791431792559, "bks": 0.002254791431792559, "bla": 0.002254791431792559, "can't": 0.002254791431792559, "confirmation": 0.002254791431792559, "deasilam": 0.002254791431792559, "debn": 0.002254791431792559, "eshasa": 0.002254791431792559, "how": 0.002254791431792559, "hoye": 0.002254791431792559, "je": 0.002254791431792559, "kindly": 0.002254791431792559, "korta": 0.002254791431792559, "korun": 0.002254791431792559, "msg": 0.002254791431792559, "nah": 0.002254791431792559, "new": 0.002254791431792559, "niyom": 0.002254791431792559, "sat": 0.002254791431792559, "setup": 0.002254791431792559, "sms": 0.002254791431792559, "vai": 0.002254791431792559, "অপেক্ষা": 0.002254791431792559, "আজকে": 0.002254791431792559, "আপ": 0.002254791431792559, "আরো": 0.002254791431792559, "এ": 0.002254791431792559, "এর": 0.002254791431792559, "ও": 0.002254791431792559, "করার": 0.002254791431792559, "করি": 0.002254791431792559, "করেছি": 0.002254791431792559, "কোড": 0.002254791431792559, "চেট": 0.002254791431792559, "ছেট": 0.002254791431792559, "দিব": 0.002254791431792559, "নম্বরে": 0.002254791431792559, "নাই": 0.002254791431792559, "নাকি": 0.002254791431792559, "নি": 0.002254791431792559, "নিয়ম": 0.002254791431792559, "পারি": 0.002254791431792559, "পাসওয়ার্ড": 0.002254791431792559, "পিনটি": 0.002254791431792559, "ভুলে": 0.002254791431792559, "যাবে": 0.002254791431792559, "রিসেট": 0.002254791431792559, "হচ্ছেনা": 0.002254791431792559, "হয়": 0.002254791431792559, "acaont": 0.0011273957158962795, "access": 0.0011273957158962795, "aktu": 0.0011273957158962795, "amer": 0.0011273957158962795, "apnader": 0.0011273957158962795, "app": 0.0011273957158962795, "ar": 0.0011273957158962795, "ase": 0.0011273957158962795, "babar": 0.0011273957158962795, "babe": 0.0011273957158962795, "bekes": 0.0011273957158962795, "bikas": 0.0011273957158962795, "bksh": 0.0011273957158962795, "buji": 0.0011273957158962795, "bujtesi": 0.0011273957158962795, "cannot": 0.0011273957158962795, "chacchi": 0.0011273957158962795, "chassi": 0.0011273957158962795, "chay": 0.0011273957158962795, "code": 0.0011273957158962795, "day": 0.0011273957158962795, "dein": 0.0011273957158962795, "dib": 0.0011273957158962795, "dibo": 0.0011273957158962795, "digit": 0.0011273957158962795, "din": 0.0011273957158962795, "do": 0.0011273957158962795, "ei": 0.0011273957158962795, "exept": 0.0011273957158962795, "follow": 0.0011273957158962795, "gesilo": 0.0011273957158962795, "good": 0.0011273957158962795, "hii": 0.0011273957158962795, "hoba": 0.0011273957158962795, "hoccy": 0.0011273957158962795, "isn't": 0.0011273957158962795, "janaben": 0.0011273957158962795, "kase": 0.0011273957158962795, "khamon": 0.0011273957158962795, "kicu": 0.0011273957158962795, "kintu": 0.0011273957158962795, "kivbe": 0.0011273957158962795, "kivhabe": 0.0011273957158962795, "kno": 0.0011273957158962795, "korar": 0.0011273957158962795, "korechi": 0.0011273957158962795, "krte": 0.0011273957158962795, "locker": 0.0011273957158962795, "maddhom": 0.0011273957158962795, "morning": 0.0011273957158962795, "nabar": 0.0011273957158962795, "namber": 0.0011273957158962795, "no": 0.0011273957158962795, "notun": 0.0011273957158962795, "o": 0.0011273957158962795, "oitar": 0.0011273957158962795, "old": 0.0011273957158962795, "oo": 0.0011273957158962795, "pari": 0.0011273957158962795, "password": 0.0011273957158962795, "phone": 0.0011273957158962795, "pien": 0.0011273957158962795, "pinn": 0.0011273957158962795, "pleasè": 0.0011273957158962795, "por": 0.0011273957158962795, "pore": 0.0011273957158962795, "powssad": 0.0011273957158962795, "process": 0.0011273957158962795, "rest": 0.0011273957158962795, "sabbir": 0.0011273957158962795, "seat": 0.0011273957158962795, "ser": 0.0011273957158962795, "set-up": 0.0011273957158962795, "setap": 0.0011273957158962795, "should": 0.0011273957158962795, "sir": 0.0011273957158962795, "tell": 0.0011273957158962795, "temporary": 0.0011273957158962795, "the": 0.0011273957158962795, "vab": 0.0011273957158962795, "vby": 0.0011273957158962795, "what": 0.0011273957158962795, "with": 0.0011273957158962795, "would": 0.0011273957158962795, "you": 0.0011273957158962795, "অনুসরন": 0.0011273957158962795, "অামার": 0.0011273957158962795, "অ্যপে": 0.0011273957158962795, "অ্যাকাউন্ট": 0.0011273957158962795, "আইডি": 0.0011273957158962795, "আইডিতে": 0.0011273957158962795, "আগে": 0.0011273957158962795, "আচ্চা": 0.0011273957158962795, "আপু": 0.0011273957158962795, "আবার": 0.0011273957158962795, "ইনভেলিট": 0.0011273957158962795, "একটা": 0.0011273957158962795, "একাউন্ট": 0.0011273957158962795, "একাউন্টে": 0.0011273957158962795, "একান্ট": 0.0011273957158962795, "করলে": 0.0011273957158962795, "করিনাই": 0.0011273957158962795, "করুন": 0.0011273957158962795, "কিছুক্ষন": 0.0011273957158962795, "কিন্তু": 0.0011273957158962795, "কিবাবে": 0.0011273957158962795, "কিবাভে": 0.0011273957158962795, "কীভাবে": 0.0011273957158962795, "কেনো": 0.0011273957158962795, "গিয়েছিলাম": 0.0011273957158962795, "গেছে": 0.0011273957158962795, "গেসি": 0.0011273957158962795, "জানার": 0.0011273957158962795, "টি": 0.0011273957158962795, "টিতে": 0.0011273957158962795, "টেমপোরারি": 0.0011273957158962795, "ঢুকতে": 0.0011273957158962795, "তাই": 0.0011273957158962795, "দিয়ে": 0.0011273957158962795, "দেখায়": 0.0011273957158962795, "নেই": 0.0011273957158962795, "নেবো": 0.0011273957158962795, "পর": 0.0011273957158962795, "পাথাবেন": 0.0011273957158962795, "পারতেছি": 0.0011273957158962795, "পাসওয়ার্ড": 0.0011273957158962795, "পেন": 0.0011273957158962795, "বসাতে": 0.0011273957158962795, "বিকশ": 0.0011273957158962795, "বিকশে": 0.0011273957158962795, "বিকাস": 0.0011273957158962795, "বুজতে": 0.0011273957158962795, "মাধ্যমে": 0.0011273957158962795, "যাচ্ছে": 0.0011273957158962795, "রিসিড": 0.0011273957158962795, "সেটকরব": 0.0011273957158962795, "সেটিং": 0.0011273957158962795, "সেড": 0.0011273957158962795, "হারিয়ে": 0.0011273957158962795,