{"pin": 0.053475935828877004, "পিন": 0.05080213903743316, "unlock": 0.04812834224598931, "আনলক": 0.03208556149732621, "আমার": 0.029411764705882356, "bkash": 0.024064171122994655, "করতে": 0.024064171122994655, "account": 0.0213903743315508, "my": 0.0213903743315508, "chai": 0.018716577540106954, "korte": 0.018716577540106954, "to": 0.018716577540106954, "lock": 0.016042780748663103, "লক": 0.016042780748663103, "আছে": 0.013368983957219251, "এখন": 0.013368983957219251, "বিকাশ": 0.013368983957219251, "মনে": 0.013368983957219251, "হয়ে": 0.013368983957219251, "amar": 0.0106951871657754, "ase": 0.0106951871657754, "how": 0.0106951871657754, "hoye": 0.0106951871657754, "i": 0.0106951871657754, "mone": 0.0106951871657754, "এর": 0.0106951871657754, "নাম্বার": 0.0106951871657754, "ager": 0.008021390374331552, "bhaiya": 0.008021390374331552, "kivabe": 0.008021390374331552, "korbo": 0.008021390374331552, "number": 0.008021390374331552, "আমি": 0.008021390374331552, "কিভাবে": 0.008021390374331552, "গিয়েছে": 0.008021390374331552, "চাই": 0.008021390374331552, "টা": 0.008021390374331552, "বিকাশের": 0.008021390374331552, "ভাইয়া": 0.008021390374331552, "ami": 0.0053475935828877, "amr": 0.0053475935828877, "bikash": 0.0053475935828877, "can": 0.0053475935828877, "code": 0.0053475935828877, "er": 0.0053475935828877, "good": 0.0053475935828877, "morning": 0.0053475935828877, "ta": 0.0053475935828877, "want": 0.0053475935828877, "আগে": 0.0053475935828877, "আগের": 0.0053475935828877, "এই": 0.0053475935828877, "একাউন্ট": 0.0053475935828877, "ও": 0.0053475935828877, "করা": 0.0053475935828877, "করুন": 0.0053475935828877, "করে": 0.0053475935828877, "কি": 0.0053475935828877, "গেছে": 0.0053475935828877, "ঠিক": 0.0053475935828877, "পারি": 0.0053475935828877, "ব্যবহার": 0.0053475935828877, "লাগবে": 0.0053475935828877, "সাহায্য": 0.0053475935828877, "হবে": 0.0053475935828877, "akhn": 0.00267379679144385, "apni": 0.00267379679144385, "been": 0.00267379679144385, "bt": 0.00267379679144385, "cci": 0.00267379679144385, "dekhay": 0.00267379679144385, "den": 0.00267379679144385, "dite": 0.00267379679144385, "ekhon": 0.00267379679144385, "gasa": 0.00267379679144385, "gase": 0.00267379679144385, "geche": 0.00267379679144385, "gese": 0.00267379679144385, "giyeche": 0.00267379679144385, "has": 0.00267379679144385, "hece": 0.00267379679144385, "hello": 0.00267379679144385, "help": 0.00267379679144385, "hi": 0.00267379679144385, "hii": 0.00267379679144385, "hllw": 0.00267379679144385, "hoia": 0.00267379679144385, "hoya": 0.00267379679144385, "id": 0.00267379679144385, "jay": 0.00267379679144385, "ki": 0.00267379679144385, "kintu": 0.00267379679144385, "kora": 0.00267379679144385, "kore": 0.00267379679144385, "koron": 0.00267379679144385, "korta": 0.00267379679144385, "locked": 0.00267379679144385, "lok": 0.00267379679144385, "madam": 0.00267379679144385, "me": 0.00267379679144385, "need": 0.00267379679144385, "o": 0.00267379679144385, "old": 0.00267379679144385, "pink": 0.00267379679144385, "plz": 0.00267379679144385, "sabbir": 0.00267379679144385, "sati": 0.00267379679144385, "sir": 0.00267379679144385, "tell": 0.00267379679144385, "ti": 0.00267379679144385, "unlok": 0.00267379679144385, "vai": 0.00267379679144385, "you": 0.00267379679144385, "অইটা": 0.00267379679144385, "আমাকে": 0.00267379679144385, "আসে": 0.00267379679144385, "একটি": 0.00267379679144385, "একটু": 0.00267379679144385, "একাউনে": 0.00267379679144385, "একাউন্টটি": 0.00267379679144385, "একাউনয়ের": 0.00267379679144385, "করব": 0.00267379679144385, "করবো": 0.00267379679144385, "করার": 0.00267379679144385, "করি": 0.00267379679144385, "কিন্তু": 0.00267379679144385, "চ্যাট": 0.00267379679144385, "জানাবেন": 0.00267379679144385, "তাঁর": 0.00267379679144385, "তো": 0.00267379679144385, "দিয়েন": 0.00267379679144385, "দেন": 0.00267379679144385, "দয়া": 0.00267379679144385, "নাম্বারটি": 0.00267379679144385, "নিয়ম": 0.00267379679144385, "পারবে": 0.00267379679144385, "পিনটা": 0.00267379679144385, "বলতেন": 0.00267379679144385, "বাবার": 0.00267379679144385, "ভাতা": 0.00267379679144385, "ভাবে": 0.00267379679144385, "মাধ্যমে": 0.00267379679144385, "যদি": 0.00267379679144385, "রেখে": 0.00267379679144385, "লাইভ": 0.00267379679144385, "স্যার": 0.00267379679144385, "হয়েছে": 0.00267379679144385}