{"pin": 0.06909090909090909, "account": 0.05454545454545454, "student": 0.03272727272727273, "reset": 0.025454545454545455, "amar": 0.021818181818181816, "er": 0.021818181818181816, "পিন": 0.021818181818181816, "my": 0.01818181818181818, "stipend": 0.01818181818181818, "korte": 0.014545454545454545, "rest": 0.014545454545454545, "রিসেট": 0.014545454545454545, "how": 0.010909090909090908, "i": 0.010909090909090908, "kore": 0.010909090909090908, "ta": 0.010909090909090908, "to": 0.010909090909090908, "upobrittir": 0.010909090909090908, "আমার": 0.010909090909090908, "একাউন্টের": 0.010909090909090908, "টিক": 0.010909090909090908, "acc": 0.007272727272727273, "bkash": 0.007272727272727273, "block": 0.007272727272727273, "fix": 0.007272727272727273, "gese": 0.007272727272727273, "hoye": 0.007272727272727273, "it": 0.007272727272727273, "it's": 0.007272727272727273, "kibhabe": 0.007272727272727273, "lock": 0.007272727272727273, "locked": 0.007272727272727273, "lok": 0.007272727272727273, "of": 0.007272727272727273, "problem": 0.007272727272727273, "teke": 0.007272727272727273, "unlock": 0.007272727272727273, "upobittir": 0.007272727272727273, "উপবিত্তির": 0.007272727272727273, "এই": 0.007272727272727273, "কইরা": 0.007272727272727273, "করতে": 0.007272727272727273, "করমো": 0.007272727272727273, "করা": 0.007272727272727273, "কি": 0.007272727272727273, "কিভাবে": 0.007272727272727273, "টেকা": 0.007272727272727273, "পাই": 0.007272727272727273, "যাবে": 0.007272727272727273, "শিক্ষার্থী": 0.007272727272727273, "স্টুডেন্ট": 0.007272727272727273, "a": 0.0036363636363636364, "amke": 0.0036363636363636364, "amr": 0.0036363636363636364, "any": 0.0036363636363636364, "ashe": 0.0036363636363636364, "blocked": 0.0036363636363636364, "cai": 0.0036363636363636364, "chay": 0.0036363636363636364, "dea": 0.0036363636363636364, "deselo": 0.0036363636363636364, "diben": 0.0036363636363636364, "din": 0.0036363636363636364, "dite": 0.0036363636363636364, "diyesilo": 0.0036363636363636364, "do": 0.0036363636363636364, "e": 0.0036363636363636364, "ehon": 0.0036363636363636364, "eida": 0.0036363636363636364, "eita": 0.0036363636363636364, "ekaun": 0.0036363636363636364, "ekaunt": 0.0036363636363636364, "ekhon": 0.0036363636363636364, "ekta": 0.0036363636363636364, "eta": 0.0036363636363636364, "geche": 0.0036363636363636364, "help": 0.0036363636363636364, "hobe": 0.0036363636363636364, "hoyegese": 0.0036363636363636364, "i'd": 0.0036363636363636364, "id": 0.0036363636363636364, "in": 0.0036363636363636364, "is": 0.0036363636363636364, "ishkol": 0.0036363636363636364, "its": 0.0036363636363636364, "janaben": 0.0036363636363636364, "jay": 0.0036363636363636364, "khule": 0.0036363636363636364, "korano": 0.0036363636363636364, "korbo": 0.0036363636363636364, "kuila": 0.0036363636363636364, "me": 0.0036363636363636364, "number": 0.0036363636363636364, "oi": 0.0036363636363636364, "oise": 0.0036363636363636364, "parben": 0.0036363636363636364, "pari": 0.0036363636363636364, "please": 0.0036363636363636364, "receive": 0.0036363636363636364, "resetting": 0.0036363636363636364, "school": 0.0036363636363636364, "sikkhattir": 0.0036363636363636364, "sir": 0.0036363636363636364, "solve": 0.0036363636363636364, "suddenly": 0.0036363636363636364, "taka": 0.0036363636363636364, "there": 0.0036363636363636364, "thik": 0.0036363636363636364, "this": 0.0036363636363636364, "upovittir": 0.0036363636363636364, "want": 0.0036363636363636364, "way": 0.0036363636363636364, "অ্যাকাউন্ট": 0.0036363636363636364, "আইডি": 0.0036363636363636364, "আনলক": 0.0036363636363636364, "আপু": 0.0036363636363636364, "আমি": 0.0036363636363636364, "আসে": 0.0036363636363636364, "উপবৃত্তির": 0.0036363636363636364, "উপভিত্তির": 0.0036363636363636364, "একাউনে": 0.0036363636363636364, "একাওন": 0.0036363636363636364, "একাওনে": 0.0036363636363636364, "এখন": 0.0036363636363636364, "করবো": 0.0036363636363636364, "করে": 0.0036363636363636364, "কীভাবে": 0.0036363636363636364, "কেমনে": 0.0036363636363636364, "গেছে": 0.0036363636363636364, "চাচ্ছিলাম": 0.0036363636363636364, "জানাবেন": 0.0036363636363636364, "টাকা": 0.0036363636363636364, "ঠিক": 0.0036363636363636364, "তথ্যের": 0.0036363636363636364, "তুলবার": 0.0036363636363636364, "দিন": 0.0036363636363636364, "দিলে": 0.0036363636363636364, "দেন": 0.0036363636363636364, "পরসে": 0.0036363636363636364, "পারুম": 0.0036363636363636364, "পিনটা": 0.0036363636363636364, "পিনডা": 0.0036363636363636364, "প্রয়োজন": 0.0036363636363636364, "বাই": 0.0036363636363636364, "বিকাশ": 0.0036363636363636364, "ভাতা": 0.0036363636363636364, "লক": 0.0036363636363636364, "সেটা": 0.0036363636363636364, "হয়ে": 0.0036363636363636364}