{"pin": 0.0673076923076923, "change": 0.0625, "পিন": 0.03942307692307692, "আমার": 0.030769230769230767, "করতে": 0.030769230769230767, "bkash": 0.022115384615384613, "my": 0.022115384615384613, "korbo": 0.019230769230769232, "korte": 0.019230769230769232, "পরিবর্তন": 0.019230769230769232, "i": 0.018269230769230767, "to": 0.018269230769230767, "ami": 0.01730769230769231, "আমি": 0.016346153846153847, "চেঞ্জ": 0.016346153846153847, "বিকাশ": 0.015384615384615384, "amar": 0.014423076923076922, "how": 0.013461538461538462, "password": 0.013461538461538462, "কিভাবে": 0.011538461538461539, "na": 0.010576923076923078, "number": 0.010576923076923078, "করবো": 0.010576923076923078, "কি": 0.010576923076923078, "chai": 0.009615384615384616, "kivabe": 0.008653846153846154, "want": 0.008653846153846154, "চাই": 0.008653846153846154, "না": 0.007692307692307692, "account": 0.006730769230769231, "নাম্বার": 0.006730769230769231, "পাসওয়ার্ড": 0.006730769230769231, "বিকাশের": 0.006730769230769231, "হবে": 0.006730769230769231, "but": 0.0057692307692307696, "code": 0.0057692307692307696, "er": 0.0057692307692307696, "ki": 0.0057692307692307696, "ta": 0.0057692307692307696, "can": 0.004807692307692308, "hello": 0.004807692307692308, "টা": 0.004807692307692308, "পাসওয়ার্ড": 0.004807692307692308, "ame": 0.003846153846153846, "amr": 0.003846153846153846, "vai": 0.003846153846153846, "একটু": 0.003846153846153846, "করে": 0.003846153846153846, "a": 0.0028846153846153848, "bikas": 0.0028846153846153848, "bikash": 0.0028846153846153848, "krte": 0.0028846153846153848, "me": 0.0028846153846153848, "no": 0.0028846153846153848, "parina": 0.0028846153846153848, "sir": 0.0028846153846153848, "vabe": 0.0028846153846153848, "why": 0.0028846153846153848, "এখন": 0.0028846153846153848, "করব": 0.0028846153846153848, "করা": 0.0028846153846153848, "পারি": 0.0028846153846153848, "am": 0.001923076923076923, "amake": 0.001923076923076923, "bt": 0.001923076923076923, "chacchi": 0.001923076923076923, "chang": 0.001923076923076923, "cheng": 0.001923076923076923, "chi": 0.001923076923076923, "help": 0.001923076923076923, "invalid": 0.001923076923076923, "kano": 0.001923076923076923, "kibhabe": 0.001923076923076923, "need": 0.001923076923076923, "not": 0.001923076923076923, "pass": 0.001923076923076923, "pasward": 0.001923076923076923, "please": 0.001923076923076923, "poriborton": 0.001923076923076923, "reset": 0.001923076923076923, "the": 0.001923076923076923, "আছে": 0.001923076923076923, "আছেন": 0.001923076923076923, "আপনি": 0.001923076923076923, "আর": 0.001923076923076923, "একাউন্ট": 0.001923076923076923, "একাউন্টের": 0.001923076923076923, "এর": 0.001923076923076923, "করছি": 0.001923076923076923, "কিন্তু": 0.001923076923076923, "কেন": 0.001923076923076923, "কোড": 0.001923076923076923, "চাচ্ছি": 0.001923076923076923, "চায়": 0.001923076923076923, "চেন্জ": 0.001923076923076923, "ঠিক": 0.001923076923076923, "পারছি": 0.001923076923076923, "পারিনা": 0.001923076923076923, "পালটাতে": 0.001923076923076923, "পালটাবো": 0.001923076923076923, "বদলাতে": 0.001923076923076923, "ভাইয়া": 0.001923076923076923, "ভাবে": 0.001923076923076923, "হচ্ছে": 0.001923076923076923, "হলে": 0.001923076923076923, "age": 0.0009615384615384615, "alta": 0.0009615384615384615, "and": 0.0009615384615384615, "apu": 0.0009615384615384615, "babe": 0.0009615384615384615, "bar": 0.0009615384615384615, "bcash": 0.0009615384615384615, "because": 0.0009615384615384615, "bks": 0.0009615384615384615, "bolento": 0.0009615384615384615, "bolteca": 0.0009615384615384615, "borton": 0.0009615384615384615, "botlate": 0.0009615384615384615, "cacchi": 0.0009615384615384615, "cacci": 0.0009615384615384615, "cai": 0.0009615384615384615, "cairam": 0.0009615384615384615, "call": 0.0009615384615384615, "can't": 0.0009615384615384615, "chaange": 0.0009615384615384615, "changh": 0.0009615384615384615, "chanje": 0.0009615384615384615, "chnage": 0.0009615384615384615, "ci": 0.0009615384615384615, "cod": 0.0009615384615384615, "combination": 0.0009615384615384615, "current": 0.0009615384615384615, "dawer": 0.0009615384615384615, "dekhai": 0.0009615384615384615, "dekhasse": 0.0009615384615384615, "dhekay": 0.0009615384615384615, "dice": 0.0009615384615384615, "dici": 0.0009615384615384615, "dilam": 0.0009615384615384615, "diyechilam": 0.0009615384615384615, "do": 0.0009615384615384615, "doesn’t": 0.0009615384615384615, "ek": 0.0009615384615384615, "ekbar": 0.0009615384615384615, "geclam": 0.0009615384615384615, "have": 0.0009615384615384615, "hi": 0.0009615384615384615, "hobe": 0.0009615384615384615, "hocche": 0.0009615384615384615, "hoitcha": 0.0009615384615384615, "holo": 0.0009615384615384615, "hoy": 0.0009615384615384615, "infrom": 0.0009615384615384615, "is": 0.0009615384615384615, "it’s": 0.0009615384615384615, "jai": 0.0009615384615384615, "jante": 0.0009615384615384615, "jay": 0.0009615384615384615, "kaj": 0.0009615384615384615, "ke": 0.0009615384615384615, "ken": 0.0009615384615384615, "kintu": 0.0009615384615384615, "kivabay": 0.0009615384615384615, "kno": 0.0009615384615384615, "kora": 0.0009615384615384615, "korar": 0.0009615384615384615, "kore": 0.0009615384615384615, "koro": 0.0009615384615384615, "korta": 0.0009615384615384615, "kortace": 0.0009615384615384615, "kortei": 0.0009615384615384615, "korun": 0.0009615384615384615, "kota": 0.0009615384615384615, "krta": 0.0009615384615384615, "last": 0.0009615384615384615, "make": 0.0009615384615384615, "medam": 0.0009615384615384615, "of": 0.0009615384615384615, "ok": 0.0009615384615384615, "one": 0.0009615384615384615, "option": 0.0009615384615384615, "palatabo": 0.0009615384615384615, "paltabo": 0.0009615384615384615, "paltano": 0.0009615384615384615, "paltata": 0.0009615384615384615, "parbo": 0.0009615384615384615, "parche": 0.0009615384615384615, "parchi": 0.0009615384615384615, "parci": 0.0009615384615384615, "pari": 0.0009615384615384615, "parsi": 0.0009615384615384615, "parsina": 0.0009615384615384615, "pasord": 0.0009615384615384615, "passowrdপরিবর্তন": 0.0009615384615384615, "passwoard": 0.0009615384615384615, "phn": 0.0009615384615384615, "por": 0.0009615384615384615, "pore": 0.0009615384615384615, "pori": 0.0009615384615384615, "poribarton": 0.0009615384615384615, "poritonv": 0.0009615384615384615, "praud": 0.0009615384615384615, "procedure": 0.0009615384615384615, "process": 0.0009615384615384615, "prtic": 0.0009615384615384615, "rest": 0.0009615384615384615, "riset": 0.0009615384615384615, "sahajjo": 0.0009615384615384615, "seng": 0.0009615384615384615, "shovo": 0.0009615384615384615, "sokal": 0.0009615384615384615, "somossa": 0.0009615384615384615, "steal": 0.0009615384615384615, "trying": 0.0009615384615384615, "unable": 0.0009615384615384615, "understand": 0.0009615384615384615, "unsucces": 0.0009615384615384615, "unsuccessful": 0.0009615384615384615, "verification": 0.0009615384615384615, "vi": 0.0009615384615384615, "vile": 0.0009615384615384615, "what": 0.0009615384615384615, "work": 0.0009615384615384615, "you": 0.0009615384615384615, "your": 0.0009615384615384615, "অনেকে": 0.0009615384615384615, "অন্য": 0.0009615384615384615, "আনসারস": 0.0009615384615384615, "আপু": 0.0009615384615384615, "উঠে": 0.0009615384615384615, "এইটা": 0.0009615384615384615, "একাউণ্টের": 0.0009615384615384615, "ওয়াড": 0.0009615384615384615, "কেমনে": 0.0009615384615384615, "কোন": 0.0009615384615384615, "কোনভাবেই": 0.0009615384615384615, "কয়েকদিন": 0.0009615384615384615, "খুলতে": 0.0009615384615384615, "গেছে": 0.0009615384615384615, "গেলে": 0.0009615384615384615, "চই": 0.0009615384615384615, "চাইছি": 0.0009615384615384615, "চাইছিলাম": 0.0009615384615384615, "চেইঞ্জ": 0.0009615384615384615, "চেঞ্চ": 0.0009615384615384615, "চেনছে": 0.0009615384615384615, "চেনজ": 0.0009615384615384615, "চেন্স": 0.0009615384615384615, "চেষ্টা": 0.0009615384615384615, "জানাবেন": 0.0009615384615384615, "ঝুমা": 0.0009615384615384615, "ডিসাইড": 0.0009615384615384615, "তাই": 0.0009615384615384615, "তাহলে": 0.0009615384615384615,