{"change": 0.051490514905149054, "pin": 0.04878048780487805, "app": 0.04607046070460705, "bkash": 0.04607046070460705, "পরিবর্তন": 0.04065040650406504, "বিকাশ": 0.04065040650406504, "পিন": 0.03794037940379404, "অ্যাপ": 0.03523035230352304, "এর": 0.03523035230352304, "করতে": 0.024390243902439025, "করে": 0.02168021680216802, "কি": 0.02168021680216802, "how": 0.01897018970189702, "i": 0.01897018970189702, "my": 0.01897018970189702, "মাধ্যমে": 0.01897018970189702, "korte": 0.016260162601626018, "number": 0.016260162601626018, "কিভাবে": 0.016260162601626018, "নাম্বার": 0.016260162601626018, "kivabe": 0.013550135501355014, "পারি": 0.013550135501355014, "can": 0.01084010840108401, "diye": 0.01084010840108401, "from": 0.01084010840108401, "ki": 0.01084010840108401, "theke": 0.01084010840108401, "আমার": 0.01084010840108401, "আমি": 0.01084010840108401, "দিয়ে": 0.01084010840108401, "apps": 0.008130081300813009, "er": 0.008130081300813009, "kora": 0.008130081300813009, "korbo": 0.008130081300813009, "pari": 0.008130081300813009, "through": 0.008130081300813009, "একাউন্ট": 0.008130081300813009, "করা": 0.008130081300813009, "পারবো": 0.008130081300813009, "ব্যবহার": 0.008130081300813009, "যায়": 0.008130081300813009, "bhai": 0.005420054200542005, "do": 0.005420054200542005, "hlw": 0.005420054200542005, "parbo": 0.005420054200542005, "password": 0.005420054200542005, "নিয়ম": 0.005420054200542005, "পাসওয়ার্ড": 0.005420054200542005, "account": 0.0027100271002710027, "aps": 0.0027100271002710027, "bhaiya": 0.0027100271002710027, "bkasar": 0.0027100271002710027, "bolben": 0.0027100271002710027, "bolen": 0.0027100271002710027, "brother": 0.0027100271002710027, "hi": 0.0027100271002710027, "hoi": 0.0027100271002710027, "in": 0.0027100271002710027, "jabe": 0.0027100271002710027, "jai": 0.0027100271002710027, "jay": 0.0027100271002710027, "jie": 0.0027100271002710027, "kibabe": 0.0027100271002710027, "kindly": 0.0027100271002710027, "kore": 0.0027100271002710027, "maddome": 0.0027100271002710027, "madhome": 0.0027100271002710027, "me": 0.0027100271002710027, "paltano": 0.0027100271002710027, "passward": 0.0027100271002710027, "please": 0.0027100271002710027, "poribothon": 0.0027100271002710027, "process": 0.0027100271002710027, "sabbir": 0.0027100271002710027, "sir": 0.0027100271002710027, "take": 0.0027100271002710027, "tell": 0.0027100271002710027, "thaka": 0.0027100271002710027, "to": 0.0027100271002710027, "use": 0.0027100271002710027, "অনেক": 0.0027100271002710027, "অপশন": 0.0027100271002710027, "অ্যাপপিন": 0.0027100271002710027, "একটু": 0.0027100271002710027, "এ্যাপ": 0.0027100271002710027, "এ্যাপস": 0.0027100271002710027, "কঠিন": 0.0027100271002710027, "করব": 0.0027100271002710027, "করবো": 0.0027100271002710027, "কী": 0.0027100271002710027, "কোন": 0.0027100271002710027, "চাই": 0.0027100271002710027, "জানতে": 0.0027100271002710027, "ডায়াল": 0.0027100271002710027, "তো": 0.0027100271002710027, "থেকে": 0.0027100271002710027, "দেয়া": 0.0027100271002710027, "না": 0.0027100271002710027, "নাই": 0.0027100271002710027, "পারব": 0.0027100271002710027, "পাল্টানো": 0.0027100271002710027, "পিরিবতন": 0.0027100271002710027, "বলতেন": 0.0027100271002710027, "বলেন": 0.0027100271002710027, "বিকাশে": 0.0027100271002710027, "বিকাশের": 0.0027100271002710027, "ভাইয়া": 0.0027100271002710027, "যদি": 0.0027100271002710027, "লাগে": 0.0027100271002710027, "২৪৭": 0.0027100271002710027}