{"account": 0.07659574468085108, "close": 0.0425531914893617, "retail": 0.0425531914893617, "বন্ধ": 0.0425531914893617, "করতে": 0.03829787234042554, "personal": 0.03404255319148936, "my": 0.029787234042553196, "রিটেইল": 0.029787234042553196, "amar": 0.025531914893617023, "bondho": 0.025531914893617023, "i": 0.025531914893617023, "pra": 0.02127659574468085, "আমার": 0.02127659574468085, "ami": 0.01702127659574468, "korte": 0.01702127659574468, "permanently": 0.01702127659574468, "একাউন্ট": 0.01702127659574468, "একাউন্টটি": 0.01702127659574468, "চাই": 0.01702127659574468, "পার্সোনাল": 0.01702127659574468, "bkash": 0.012765957446808512, "chai": 0.012765957446808512, "ki": 0.012765957446808512, "merchant": 0.012765957446808512, "off": 0.012765957446808512, "retial": 0.012765957446808512, "to": 0.012765957446808512, "কিভাবে": 0.012765957446808512, "বিকাশ": 0.012765957446808512, "jay": 0.00851063829787234, "kora": 0.00851063829787234, "kore": 0.00851063829787234, "need": 0.00851063829787234, "plz": 0.00851063829787234, "ta": 0.00851063829787234, "আমি": 0.00851063829787234, "কি": 0.00851063829787234, "চাচ্ছি": 0.00851063829787234, "মার্চেন্ট": 0.00851063829787234, "ace": 0.00425531914893617, "ai": 0.00425531914893617, "akta": 0.00425531914893617, "apnara": 0.00425531914893617, "bolen": 0.00425531914893617, "cacchi": 0.00425531914893617, "can": 0.00425531914893617, "cannot": 0.00425531914893617, "chi": 0.00425531914893617, "deactivate": 0.00425531914893617, "den": 0.00425531914893617, "dite": 0.00425531914893617, "do": 0.00425531914893617, "giyeche": 0.00425531914893617, "hariye": 0.00425531914893617, "have": 0.00425531914893617, "how": 0.00425531914893617, "it": 0.00425531914893617, "joldi": 0.00425531914893617, "kivabe": 0.00425531914893617, "kmne": 0.00425531914893617, "korar": 0.00425531914893617, "korbo": 0.00425531914893617, "koren": 0.00425531914893617, "kortr": 0.00425531914893617, "korum": 0.00425531914893617, "lost": 0.00425531914893617, "numberti": 0.00425531914893617, "parben": 0.00425531914893617, "parsonal": 0.00425531914893617, "please": 0.00425531914893617, "process": 0.00425531914893617, "reatail": 0.00425531914893617, "seta": 0.00425531914893617, "should": 0.00425531914893617, "want": 0.00425531914893617, "what": 0.00425531914893617, "will": 0.00425531914893617, "আছে": 0.00425531914893617, "এইটি": 0.00425531914893617, "একাউন্টতি": 0.00425531914893617, "একাউন্টি": 0.00425531914893617, "করব": 0.00425531914893617, "করবো": 0.00425531914893617, "পারি": 0.00425531914893617, "পাশনাল": 0.00425531914893617, "রিটাইলার": 0.00425531914893617, "রিটেইলার": 0.00425531914893617, "রিতেইল": 0.00425531914893617, "লাগবে": 0.00425531914893617, "সাময়িকভাবে": 0.00425531914893617, "হবে": 0.00425531914893617, "হলে": 0.00425531914893617}