{"account": 0.05774278215223098, "retail": 0.03674540682414699, "আমার": 0.02887139107611549, "পার্সোনাল": 0.02887139107611549, "personal": 0.026246719160104987, "safe": 0.026246719160104987, "রিটেইল": 0.026246719160104987, "my": 0.02362204724409449, "amar": 0.018372703412073494, "i": 0.018372703412073494, "আমি": 0.018372703412073494, "একাউন্ট": 0.018372703412073494, "কি": 0.018372703412073494, "e": 0.013123359580052493, "ki": 0.013123359580052493, "lenden": 0.013123359580052493, "টাকা": 0.013123359580052493, "লেনদেন": 0.013123359580052493, "from": 0.010498687664041995, "is": 0.010498687664041995, "keep": 0.010498687664041995, "retial": 0.010498687664041995, "the": 0.010498687664041995, "to": 0.010498687664041995, "এ": 0.010498687664041995, "করব": 0.010498687664041995, "থাকবে": 0.010498687664041995, "সেইফ": 0.010498687664041995, "a": 0.007874015748031496, "ami": 0.007874015748031496, "have": 0.007874015748031496, "in": 0.007874015748031496, "kora": 0.007874015748031496, "money": 0.007874015748031496, "safety": 0.007874015748031496, "একাউণ্ট": 0.007874015748031496, "একাউন্টে": 0.007874015748031496, "করা": 0.007874015748031496, "can": 0.005249343832020997, "chay": 0.005249343832020997, "code": 0.005249343832020997, "do": 0.005249343832020997, "er": 0.005249343832020997, "how": 0.005249343832020997, "jante": 0.005249343832020997, "kivabe": 0.005249343832020997, "need": 0.005249343832020997, "parsonal": 0.005249343832020997, "ritel": 0.005249343832020997, "taka": 0.005249343832020997, "transaction": 0.005249343832020997, "verification": 0.005249343832020997, "what": 0.005249343832020997, "ওটিপি": 0.005249343832020997, "কততুকু": 0.005249343832020997, "কিছু": 0.005249343832020997, "জানতে": 0.005249343832020997, "নিরাপদ": 0.005249343832020997, "নিরাপদে": 0.005249343832020997, "রিতেল": 0.005249343832020997, "রয়েছে": 0.005249343832020997, "accounmt": 0.0026246719160104987, "accpount": 0.0026246719160104987, "acount": 0.0026246719160104987, "activity": 0.0026246719160104987, "any": 0.0026246719160104987, "ase": 0.0026246719160104987, "diya": 0.0026246719160104987, "ekjon": 0.0026246719160104987, "ekti": 0.0026246719160104987, "feature": 0.0026246719160104987, "fraduesters": 0.0026246719160104987, "fradulent": 0.0026246719160104987, "grab": 0.0026246719160104987, "here": 0.0026246719160104987, "hobe": 0.0026246719160104987, "information": 0.0026246719160104987, "it": 0.0026246719160104987, "janle": 0.0026246719160104987, "jay": 0.0026246719160104987, "jonno": 0.0026246719160104987, "keo": 0.0026246719160104987, "khulsi": 0.0026246719160104987, "kivbabe": 0.0026246719160104987, "korar": 0.0026246719160104987, "korbo": 0.0026246719160104987, "korechi": 0.0026246719160104987, "korte": 0.0026246719160104987, "kototuku": 0.0026246719160104987, "krbo": 0.0026246719160104987, "leden": 0.0026246719160104987, "nirapob": 0.0026246719160104987, "nirapod": 0.0026246719160104987, "nirapode": 0.0026246719160104987, "of": 0.0026246719160104987, "onno": 0.0026246719160104987, "opened": 0.0026246719160104987, "others": 0.0026246719160104987, "pari": 0.0026246719160104987, "pasonal": 0.0026246719160104987, "passward": 0.0026246719160104987, "person": 0.0026246719160104987, "personla": 0.0026246719160104987, "phon": 0.0026246719160104987, "platform": 0.0026246719160104987, "pra": 0.0026246719160104987, "problem": 0.0026246719160104987, "rakhata": 0.0026246719160104987, "rakhb": 0.0026246719160104987, "rakhte": 0.0026246719160104987, "retila": 0.0026246719160104987, "saef": 0.0026246719160104987, "should": 0.0026246719160104987, "some": 0.0026246719160104987, "thakbe": 0.0026246719160104987, "thakbeto": 0.0026246719160104987, "that": 0.0026246719160104987, "theke": 0.0026246719160104987, "this": 0.0026246719160104987, "try": 0.0026246719160104987, "uchit": 0.0026246719160104987, "vabe": 0.0026246719160104987, "valuable": 0.0026246719160104987, "vorosha": 0.0026246719160104987, "want": 0.0026246719160104987, "আকাউন্টের": 0.0026246719160104987, "আসছে": 0.0026246719160104987, "একটা": 0.0026246719160104987, "একটি": 0.0026246719160104987, "একাউন্টের": 0.0026246719160104987, "এখানে": 0.0026246719160104987, "কতটুকু": 0.0026246719160104987, "করতে": 0.0026246719160104987, "করলে": 0.0026246719160104987, "করি": 0.0026246719160104987, "করে": 0.0026246719160104987, "কল": 0.0026246719160104987, "কাসে": 0.0026246719160104987, "কোড": 0.0026246719160104987, "খুলেছি": 0.0026246719160104987, "চাই": 0.0026246719160104987, "চাচ্ছি": 0.0026246719160104987, "চাচ্ছে": 0.0026246719160104987, "চায়": 0.0026246719160104987, "ছায়": 0.0026246719160104987, "জন্য": 0.0026246719160104987, "ত": 0.0026246719160104987, "তো": 0.0026246719160104987, "থেকে": 0.0026246719160104987, "নাই": 0.0026246719160104987, "নাম্বার": 0.0026246719160104987, "নিয়া": 0.0026246719160104987, "পারসনাল": 0.0026246719160104987, "পারসোনাল": 0.0026246719160104987, "পাসওয়ার্ড": 0.0026246719160104987, "প্রয়োজন": 0.0026246719160104987, "বলেন": 0.0026246719160104987, "বিকাশ": 0.0026246719160104987, "ব্যবহার": 0.0026246719160104987, "ভাই": 0.0026246719160104987, "ভেরিফিকেসন": 0.0026246719160104987, "মত": 0.0026246719160104987, "যদি": 0.0026246719160104987, "রাখি": 0.0026246719160104987, "রিটেল": 0.0026246719160104987, "রেতেইল": 0.0026246719160104987, "সমস্যা": 0.0026246719160104987, "সেফটি": 0.0026246719160104987, "হবে": 0.0026246719160104987}