{"api": 0.07339449541284404, "account": 0.033639143730886854, "আমি": 0.03058103975535168, "er": 0.027522935779816515, "personal": 0.027522935779816515, "retail": 0.024464831804281346, "amar": 0.02140672782874618, "pra": 0.02140672782874618, "একাউন্ট": 0.02140672782874618, "নিতে": 0.02140672782874618, "i": 0.01834862385321101, "জন্য": 0.01834862385321101, "jonno": 0.01529051987767584, "রিটেইল": 0.01529051987767584, "can": 0.012232415902140673, "ki": 0.012232415902140673, "আমার": 0.012232415902140673, "এর": 0.012232415902140673, "কিভাবে": 0.012232415902140673, "পার্সোনাল": 0.012232415902140673, "a": 0.009174311926605505, "ami": 0.009174311926605505, "bkash": 0.009174311926605505, "for": 0.009174311926605505, "help": 0.009174311926605505, "kivabe": 0.009174311926605505, "nite": 0.009174311926605505, "qr": 0.009174311926605505, "request": 0.009174311926605505, "take": 0.009174311926605505, "website": 0.009174311926605505, "এ": 0.009174311926605505, "এখন": 0.009174311926605505, "করেছি": 0.009174311926605505, "চাই": 0.009174311926605505, "পাব": 0.009174311926605505, "পেমেন্ট": 0.009174311926605505, "e": 0.0061162079510703364, "get": 0.0061162079510703364, "how": 0.0061162079510703364, "jabe": 0.0061162079510703364, "key": 0.0061162079510703364, "nibo": 0.0061162079510703364, "parbo": 0.0061162079510703364, "pawa": 0.0061162079510703364, "payment": 0.0061162079510703364, "please": 0.0061162079510703364, "rakhbo": 0.0061162079510703364, "sir": 0.0061162079510703364, "sticker": 0.0061162079510703364, "একটি": 0.0061162079510703364, "একাউন্টের": 0.0061162079510703364, "করতে": 0.0061162079510703364, "কি": 0.0061162079510703364, "চাচ্ছি": 0.0061162079510703364, "নিব": 0.0061162079510703364, "পারব": 0.0061162079510703364, "পারবো": 0.0061162079510703364, "পার্সনাল": 0.0061162079510703364, "ব্যবহার": 0.0061162079510703364, "রিটেল": 0.0061162079510703364, "রিটেলার": 0.0061162079510703364, "স্যার": 0.0061162079510703364, "add": 0.0030581039755351682, "akhon": 0.0030581039755351682, "akti": 0.0030581039755351682, "amake": 0.0030581039755351682, "ame": 0.0030581039755351682, "apnader": 0.0030581039755351682, "ar": 0.0030581039755351682, "asa": 0.0030581039755351682, "bishoi": 0.0030581039755351682, "bolben": 0.0030581039755351682, "chacchi": 0.0030581039755351682, "chalu": 0.0030581039755351682, "code": 0.0030581039755351682, "den": 0.0030581039755351682, "diye": 0.0030581039755351682, "diyesilam": 0.0030581039755351682, "ektu": 0.0030581039755351682, "eta": 0.0030581039755351682, "gate-way": 0.0030581039755351682, "gateway": 0.0030581039755351682, "have": 0.0030581039755351682, "jay": 0.0030581039755351682, "kibabe": 0.0030581039755351682, "kora": 0.0030581039755351682, "korechi": 0.0030581039755351682, "koren": 0.0030581039755351682, "lagbe": 0.0030581039755351682, "me": 0.0030581039755351682, "my": 0.0030581039755351682, "nia": 0.0030581039755351682, "of": 0.0030581039755351682, "proijon": 0.0030581039755351682, "retailar": 0.0030581039755351682, "retailer": 0.0030581039755351682, "retails": 0.0030581039755351682, "scaner": 0.0030581039755351682, "secret": 0.0030581039755351682, "small": 0.0030581039755351682, "system": 0.0030581039755351682, "to": 0.0030581039755351682, "want": 0.0030581039755351682, "আই": 0.0030581039755351682, "আচ্ছা": 0.0030581039755351682, "আছে": 0.0030581039755351682, "আছেন": 0.0030581039755351682, "ইণ্টিগ্রেড": 0.0030581039755351682, "একাউন্টটা": 0.0030581039755351682, "একাউন্টে": 0.0030581039755351682, "এটা": 0.0030581039755351682, "এটি": 0.0030581039755351682, "এপ": 0.0030581039755351682, "ওপেন": 0.0030581039755351682, "ওয়েবসাইট": 0.0030581039755351682, "কর": 0.0030581039755351682, "করুন": 0.0030581039755351682, "করে": 0.0030581039755351682, "কাগজ": 0.0030581039755351682, "কেমন": 0.0030581039755351682, "কেমনে": 0.0030581039755351682, "ক্ষুদ্র": 0.0030581039755351682, "গেটওয়ে": 0.0030581039755351682, "চালু": 0.0030581039755351682, "টা": 0.0030581039755351682, "তৈরি": 0.0030581039755351682, "দিয়ে": 0.0030581039755351682, "নিয়েছি": 0.0030581039755351682, "নেয়ার": 0.0030581039755351682, "পাত্রসোনাল": 0.0030581039755351682, "পারসনাল": 0.0030581039755351682, "পারসোনাল": 0.0030581039755351682, "পি": 0.0030581039755351682, "পেমেন্টের": 0.0030581039755351682, "বিকাশ": 0.0030581039755351682, "ব্যাবহার": 0.0030581039755351682, "মাধ্যমে": 0.0030581039755351682, "যাবে": 0.0030581039755351682, "রিটালার": 0.0030581039755351682, "রিটেইলার": 0.0030581039755351682, "হেল্প": 0.0030581039755351682}