{"account": 0.04929577464788733, "retail": 0.035211267605633804, "my": 0.028169014084507046, "আমার": 0.026156941649899398, "personal": 0.024144869215291753, "করতে": 0.022132796780684107, "i": 0.02012072434607646, "রিটেইল": 0.02012072434607646, "কি": 0.01710261569416499, "amar": 0.01609657947686117, "একাউন্ট": 0.01609657947686117, "to": 0.015090543259557344, "sim": 0.013078470824949699, "সমস্যা": 0.013078470824949699, "e": 0.012072434607645876, "চালু": 0.012072434607645876, "retial": 0.011066398390342054, "na": 0.01006036217303823, "পার্সোনাল": 0.01006036217303823, "cant": 0.009054325955734407, "korte": 0.009054325955734407, "in": 0.008048289738430584, "jacche": 0.008048289738430584, "ki": 0.008048289738430584, "kora": 0.008048289738430584, "the": 0.008048289738430584, "ami": 0.007042253521126762, "issue": 0.007042253521126762, "lenden": 0.007042253521126762, "একাউন্টটি": 0.007042253521126762, "করে": 0.007042253521126762, "পারছিনা": 0.007042253521126762, "বন্ধ": 0.007042253521126762, "ভাই": 0.007042253521126762, "রয়েছে": 0.007042253521126762, "kore": 0.006036217303822938, "log": 0.006036217303822938, "why": 0.006036217303822938, "আমি": 0.006036217303822938, "একাউন্টে": 0.006036217303822938, "মার্চেন্ট": 0.006036217303822938, "রিটেল": 0.006036217303822938, "হইসে": 0.006036217303822938, "can": 0.005030181086519115, "chalu": 0.005030181086519115, "check": 0.005030181086519115, "ekti": 0.005030181086519115, "marchent": 0.005030181086519115, "payment": 0.005030181086519115, "please": 0.005030181086519115, "problem": 0.005030181086519115, "একটু": 0.005030181086519115, "দেখবেন": 0.005030181086519115, "লগইন": 0.005030181086519115, "activate": 0.004024144869215292, "am": 0.004024144869215292, "enter": 0.004024144869215292, "er": 0.004024144869215292, "karon": 0.004024144869215292, "login": 0.004024144869215292, "merchant": 0.004024144869215292, "partesina": 0.004024144869215292, "pra": 0.004024144869215292, "taka": 0.004024144869215292, "thik": 0.004024144869215292, "vai": 0.004024144869215292, "want": 0.004024144869215292, "কেন": 0.004024144869215292, "চাই": 0.004024144869215292, "চেক": 0.004024144869215292, "না": 0.004024144869215292, "রিতেল": 0.004024144869215292, "লেনদেন": 0.004024144869215292, "ase": 0.003018108651911469, "dekhay": 0.003018108651911469, "den": 0.003018108651911469, "diye": 0.003018108651911469, "ektu": 0.003018108651911469, "error": 0.003018108651911469, "hoye": 0.003018108651911469, "into": 0.003018108651911469, "kmne": 0.003018108651911469, "korbo": 0.003018108651911469, "make": 0.003018108651911469, "need": 0.003018108651911469, "off": 0.003018108651911469, "parchina": 0.003018108651911469, "plz": 0.003018108651911469, "retailer": 0.003018108651911469, "ritel": 0.003018108651911469, "shomossha": 0.003018108651911469, "take": 0.003018108651911469, "tobe": 0.003018108651911469, "you": 0.003018108651911469, "এ": 0.003018108651911469, "ঠিক": 0.003018108651911469, "দেন": 0.003018108651911469, "পুনরায়": 0.003018108651911469, "account's": 0.002012072434607646, "address": 0.002012072434607646, "any": 0.002012072434607646, "bebohar": 0.002012072434607646, "bolun": 0.002012072434607646, "bondh": 0.002012072434607646, "can't": 0.002012072434607646, "chai": 0.002012072434607646, "code": 0.002012072434607646, "dekhben": 0.002012072434607646, "dekhen": 0.002012072434607646, "dhukche": 0.002012072434607646, "die": 0.002012072434607646, "doya": 0.002012072434607646, "everytime": 0.002012072434607646, "from": 0.002012072434607646, "gese": 0.002012072434607646, "holo": 0.002012072434607646, "hotath": 0.002012072434607646, "identify": 0.002012072434607646, "is": 0.002012072434607646, "isue": 0.002012072434607646, "it's": 0.002012072434607646, "kinto": 0.002012072434607646, "kn": 0.002012072434607646, "kno": 0.002012072434607646, "kobo": 0.002012072434607646, "korun": 0.002012072434607646, "kothay": 0.002012072434607646, "not": 0.002012072434607646, "parsonal": 0.002012072434607646, "reopen": 0.002012072434607646, "ritail": 0.002012072434607646, "royeche": 0.002012072434607646, "saying": 0.002012072434607646, "shomadhan": 0.002012072434607646, "shomosshatir": 0.002012072434607646, "transaction": 0.002012072434607646, "trying": 0.002012072434607646, "unblock": 0.002012072434607646, "verification": 0.002012072434607646, "what's": 0.002012072434607646, "while": 0.002012072434607646, "অনেক": 0.002012072434607646, "আবার": 0.002012072434607646, "ইন": 0.002012072434607646, "একটা": 0.002012072434607646, "একাউন্টতি": 0.002012072434607646, "একাউন্টি": 0.002012072434607646, "একাউন্ত": 0.002012072434607646, "এখন": 0.002012072434607646, "করব": 0.002012072434607646, "করা": 0.002012072434607646, "কিন্তু": 0.002012072434607646, "কিভাবে": 0.002012072434607646, "গেলে": 0.002012072434607646, "জানাবেন": 0.002012072434607646, "থাকায়": 0.002012072434607646, "দিন": 0.002012072434607646, "দিয়ে": 0.002012072434607646, "দেখায়": 0.002012072434607646, "ধরে": 0.002012072434607646, "নাম্বারটি": 0.002012072434607646, "পারছি": 0.002012072434607646, "পারসনলা": 0.002012072434607646, "পারি": 0.002012072434607646, "পেরসনাল": 0.002012072434607646, "ব্যাবহার": 0.002012072434607646, "ব্লক": 0.002012072434607646, "ব্লগ": 0.002012072434607646, "রিতেইল": 0.002012072434607646, "রীটেইল": 0.002012072434607646, "লগ": 0.002012072434607646, "লাগবে": 0.002012072434607646, "লিমিট": 0.002012072434607646, "সিমটি": 0.002012072434607646, "হচ্ছে": 0.002012072434607646, "হবে": 0.002012072434607646, "হারিয়ে": 0.002012072434607646, "access": 0.001006036217303823, "akhno": 0.001006036217303823, "amr": 0.001006036217303823, "anything": 0.001006036217303823, "ashe": 0.001006036217303823, "bai": 0.001006036217303823, "blog": 0.001006036217303823, "bujhtesina": 0.001006036217303823, "but": 0.001006036217303823, "cannot": 0.001006036217303823, "cashout": 0.001006036217303823, "chek": 0.001006036217303823, "customers": 0.001006036217303823, "dashboard": 0.001006036217303823, "dhukte": 0.001006036217303823, "dile": 0.001006036217303823, "diya": 0.001006036217303823, "do": 0.001006036217303823, "ei": 0.001006036217303823, "ekhon": 0.001006036217303823, "face": 0.001006036217303823, "gece": 0.001006036217303823, "gele": 0.001006036217303823, "hello": 0.001006036217303823, "hoi": 0.001006036217303823, "hoyeche": 0.001006036217303823, "hw": 0.001006036217303823, "id": 0.001006036217303823, "inactive": 0.001006036217303823, "invalid": 0.001006036217303823, "isseu": 0.001006036217303823, "joldi": 0.001006036217303823, "khulechi": 0.001006036217303823, "koira": 0.001006036217303823, "korchhi": 0.001006036217303823, "korci": 0.001006036217303823, "korechi": 0.001006036217303823, "koren": 0.001006036217303823, "likha": 0.001006036217303823, "marchant": 0.001006036217303823, "nai": 0.001006036217303823, "no": 0.001006036217303823, "now": 0.001006036217303823, "number": 0.001006036217303823, "of": 0.001006036217303823, "on": 0.001006036217303823, "online": 0.001006036217303823, "other": 0.001006036217303823, "parcina": 0.001006036217303823, "pass": 0.001006036217303823, "payechi": 0.001006036217303823, "pin": 0.001006036217303823, "plzz": 0.001006036217303823, "reactive": 0.001006036217303823, "reg": 0.001006036217303823, "right": 0.001006036217303823, "rtail": 0.001006036217303823, "shomosshati": 0.001006036217303823, "sing": 0.001006036217303823, "solve": 0.001006036217303823, "somossa": 0.001006036217303823, "somossha": 0.001006036217303823, "thakay": 0.001006036217303823, "there": 0.001006036217303823, "this": 0.001006036217303823, "tulte": 0.001006036217303823, "up": 0.001006036217303823, "vaya": 0.001006036217303823, "vul": 0.001006036217303823, "was": 0.001006036217303823, "what": 0.001006036217303823, "whts": 0.001006036217303823, "would": 0.001006036217303823, "অ্যাকাউন্ট": 0.001006036217303823, "আছে": 0.001006036217303823, "আর": 0.001006036217303823, "এর": 0.001006036217303823, "করেছি": 0.001006036217303823, "গিয়েছিল": 0.001006036217303823, "গেছে": 0.001006036217303823, "গ্রহণ": 0.001006036217303823,