{"account": 0.06687898089171974, "statement": 0.06050955414012739, "retail": 0.04777070063694267, "রিটেইল": 0.04140127388535032, "er": 0.03821656050955414, "স্টেটমেন্ট": 0.03503184713375796, "একাউন্টের": 0.02866242038216561, "personal": 0.025477707006369428, "আমার": 0.025477707006369428, "পার্সোনাল": 0.02229299363057325, "i": 0.01910828025477707, "jonno": 0.01910828025477707, "my": 0.01910828025477707, "of": 0.01910828025477707, "the": 0.01910828025477707, "জন্য": 0.01910828025477707, "amar": 0.01592356687898089, "can": 0.01592356687898089, "pra": 0.01592356687898089, "চাই": 0.01592356687898089, "ami": 0.012738853503184714, "lagbe": 0.012738853503184714, "কি": 0.012738853503184714, "নিতে": 0.012738853503184714, "for": 0.009554140127388535, "how": 0.009554140127388535, "kivabe": 0.009554140127388535, "need": 0.009554140127388535, "nite": 0.009554140127388535, "retial": 0.009554140127388535, "stetment": 0.009554140127388535, "take": 0.009554140127388535, "অনুরোধ": 0.009554140127388535, "কিভাবে": 0.009554140127388535, "apply": 0.006369426751592357, "chai": 0.006369426751592357, "from": 0.006369426751592357, "korte": 0.006369426751592357, "me": 0.006369426751592357, "আমি": 0.006369426751592357, "একাউন্টে": 0.006369426751592357, "পারব": 0.006369426751592357, "রাখতে": 0.006369426751592357, "স্টেটমেন্টের": 0.006369426751592357, "accounts": 0.0031847133757961785, "accout": 0.0031847133757961785, "amake": 0.0031847133757961785, "app": 0.0031847133757961785, "are": 0.0031847133757961785, "bikash": 0.0031847133757961785, "bkash": 0.0031847133757961785, "check": 0.0031847133757961785, "dibo": 0.0031847133757961785, "documents": 0.0031847133757961785, "e": 0.0031847133757961785, "ekjn": 0.0031847133757961785, "full": 0.0031847133757961785, "get": 0.0031847133757961785, "give": 0.0031847133757961785, "hardcopy": 0.0031847133757961785, "hobe": 0.0031847133757961785, "holder": 0.0031847133757961785, "hole": 0.0031847133757961785, "in": 0.0031847133757961785, "iphone": 0.0031847133757961785, "it's": 0.0031847133757961785, "janaben": 0.0031847133757961785, "jono": 0.0031847133757961785, "ki": 0.0031847133757961785, "korbo": 0.0031847133757961785, "kotodiner": 0.0031847133757961785, "lagb": 0.0031847133757961785, "last": 0.0031847133757961785, "months": 0.0031847133757961785, "needed": 0.0031847133757961785, "parbo": 0.0031847133757961785, "pari": 0.0031847133757961785, "parsonal": 0.0031847133757961785, "pawar": 0.0031847133757961785, "pershonal": 0.0031847133757961785, "pete": 0.0031847133757961785, "please": 0.0031847133757961785, "procedure": 0.0031847133757961785, "see": 0.0031847133757961785, "taking": 0.0031847133757961785, "tell": 0.0031847133757961785, "to": 0.0031847133757961785, "upai": 0.0031847133757961785, "vai": 0.0031847133757961785, "which": 0.0031847133757961785, "why": 0.0031847133757961785, "অ্যাপ": 0.0031847133757961785, "আমাকে": 0.0031847133757961785, "একাউণ্টের": 0.0031847133757961785, "একাউন্ট": 0.0031847133757961785, "এর": 0.0031847133757961785, "কতদিনের": 0.0031847133757961785, "করতে": 0.0031847133757961785, "গ্রহণের": 0.0031847133757961785, "জানাবেন": 0.0031847133757961785, "থেকে": 0.0031847133757961785, "দেখতে": 0.0031847133757961785, "নিয়ম": 0.0031847133757961785, "নেয়া": 0.0031847133757961785, "পাবো": 0.0031847133757961785, "পারি": 0.0031847133757961785, "পেতে": 0.0031847133757961785, "বিকাশ": 0.0031847133757961785, "ভাইয়া": 0.0031847133757961785, "যায়": 0.0031847133757961785, "রেখেছিলাম": 0.0031847133757961785, "লাগবে": 0.0031847133757961785, "হবে": 0.0031847133757961785}