{"account": 0.05, "retail": 0.041666666666666664, "payment": 0.038888888888888896, "পেমেন্ট": 0.036111111111111115, "e": 0.025, "আমার": 0.025, "একাউন্ট": 0.025, "amar": 0.022222222222222223, "personal": 0.022222222222222223, "রিটেইল": 0.022222222222222223, "in": 0.019444444444444448, "the": 0.019444444444444448, "পার্সোনাল": 0.019444444444444448, "i": 0.016666666666666666, "my": 0.016666666666666666, "আমি": 0.016666666666666666, "ami": 0.01388888888888889, "can": 0.01388888888888889, "ki": 0.01388888888888889, "pra": 0.01388888888888889, "receive": 0.01388888888888889, "থেকে": 0.01388888888888889, "পারব": 0.01388888888888889, "is": 0.011111111111111112, "nite": 0.011111111111111112, "parbo": 0.011111111111111112, "take": 0.011111111111111112, "to": 0.011111111111111112, "এ": 0.011111111111111112, "কোন": 0.011111111111111112, "jodi": 0.008333333333333333, "korte": 0.008333333333333333, "number": 0.008333333333333333, "pament": 0.008333333333333333, "parsonal": 0.008333333333333333, "pement": 0.008333333333333333, "theke": 0.008333333333333333, "what": 0.008333333333333333, "একাউন্টে": 0.008333333333333333, "কিভাবে": 0.008333333333333333, "নাম্বার": 0.008333333333333333, "নিতে": 0.008333333333333333, "রিসিভ": 0.008333333333333333, "chai": 0.005555555555555556, "customer": 0.005555555555555556, "from": 0.005555555555555556, "have": 0.005555555555555556, "how": 0.005555555555555556, "kara": 0.005555555555555556, "kivabe": 0.005555555555555556, "nibo": 0.005555555555555556, "please": 0.005555555555555556, "system": 0.005555555555555556, "vai": 0.005555555555555556, "একাউন্ত": 0.005555555555555556, "করতে": 0.005555555555555556, "কি": 0.005555555555555556, "নিব": 0.005555555555555556, "বলেন": 0.005555555555555556, "ভাই": 0.005555555555555556, "রিতেল": 0.005555555555555556, "হচ্ছে": 0.005555555555555556, "a": 0.002777777777777778, "ache": 0.002777777777777778, "akaunt": 0.002777777777777778, "any": 0.002777777777777778, "ase": 0.002777777777777778, "bkash": 0.002777777777777778, "bolten": 0.002777777777777778, "btw": 0.002777777777777778, "chay": 0.002777777777777778, "customers": 0.002777777777777778, "der": 0.002777777777777778, "detials": 0.002777777777777778, "dibe": 0.002777777777777778, "dite": 0.002777777777777778, "do": 0.002777777777777778, "jay": 0.002777777777777778, "jekono": 0.002777777777777778, "jonno": 0.002777777777777778, "keo": 0.002777777777777778, "kora": 0.002777777777777778, "kvabe": 0.002777777777777778, "lageb": 0.002777777777777778, "marchent": 0.002777777777777778, "neya": 0.002777777777777778, "neyar": 0.002777777777777778, "normal": 0.002777777777777778, "onnano": 0.002777777777777778, "option": 0.002777777777777778, "parbe": 0.002777777777777778, "pemnt": 0.002777777777777778, "personla": 0.002777777777777778, "procedure": 0.002777777777777778, "recieve": 0.002777777777777778, "risiv": 0.002777777777777778, "ritel": 0.002777777777777778, "sob": 0.002777777777777778, "thekei": 0.002777777777777778, "there": 0.002777777777777778, "want": 0.002777777777777778, "which": 0.002777777777777778, "who": 0.002777777777777778, "আছে": 0.002777777777777778, "আসে": 0.002777777777777778, "এখন": 0.002777777777777778, "কমনে": 0.002777777777777778, "করা": 0.002777777777777778, "করে": 0.002777777777777778, "কাছে": 0.002777777777777778, "কাদের": 0.002777777777777778, "কারা": 0.002777777777777778, "কাস": 0.002777777777777778, "কেমনে": 0.002777777777777778, "গ্রাহকদের": 0.002777777777777778, "গ্রাহকরা": 0.002777777777777778, "ছাই": 0.002777777777777778, "ডায়াল": 0.002777777777777778, "দিতে": 0.002777777777777778, "নিমু": 0.002777777777777778, "নিয়েছি": 0.002777777777777778, "নেয়ার": 0.002777777777777778, "পাথাবে": 0.002777777777777778, "পামু": 0.002777777777777778, "পেরসনাল": 0.002777777777777778, "বিস্তারিত": 0.002777777777777778, "যায়": 0.002777777777777778, "যে": 0.002777777777777778, "রিতাইল": 0.002777777777777778, "রিতেইল": 0.002777777777777778, "সিস্টেম": 0.002777777777777778, "২৪৭": 0.002777777777777778}