{"account": 0.06097560975609756, "bill": 0.05365853658536585, "retail": 0.04390243902439025, "বিল": 0.03902439024390244, "pay": 0.036585365853658534, "personal": 0.03414634146341464, "রিটেইল": 0.03414634146341464, "থেকে": 0.03170731707317073, "theke": 0.029268292682926828, "the": 0.026829268292682926, "একাউন্ট": 0.026829268292682926, "পার্সোনাল": 0.026829268292682926, "from": 0.024390243902439022, "কি": 0.01951219512195122, "i": 0.01707317073170732, "pra": 0.01707317073170732, "to": 0.01707317073170732, "bil": 0.014634146341463414, "দিতে": 0.014634146341463414, "option": 0.012195121951219511, "করা": 0.012195121951219511, "বিদ্যুৎ": 0.012195121951219511, "can": 0.00975609756097561, "ki": 0.00975609756097561, "amar": 0.007317073170731707, "deyar": 0.007317073170731707, "dite": 0.007317073170731707, "is": 0.007317073170731707, "my": 0.007317073170731707, "vai": 0.007317073170731707, "চালু": 0.007317073170731707, "বিকাশ": 0.007317073170731707, "যায়": 0.007317073170731707, "a": 0.004878048780487805, "ami": 0.004878048780487805, "ase": 0.004878048780487805, "bkash": 0.004878048780487805, "chai": 0.004878048780487805, "e": 0.004878048780487805, "it": 0.004878048780487805, "jay": 0.004878048780487805, "korte": 0.004878048780487805, "nai": 0.004878048780487805, "not": 0.004878048780487805, "parbo": 0.004878048780487805, "possible": 0.004878048780487805, "retial": 0.004878048780487805, "through": 0.004878048780487805, "want": 0.004878048780487805, "why": 0.004878048780487805, "আমার": 0.004878048780487805, "একাউন্ত": 0.004878048780487805, "চাই": 0.004878048780487805, "পারব": 0.004878048780487805, "পারসোনাল": 0.004878048780487805, "পে": 0.004878048780487805, "প্রদান": 0.004878048780487805, "যায়": 0.004878048780487805, "able": 0.0024390243902439024, "accunt": 0.0024390243902439024, "acount": 0.0024390243902439024, "akhan": 0.0024390243902439024, "am": 0.0024390243902439024, "apnara": 0.0024390243902439024, "biddut": 0.0024390243902439024, "bolen": 0.0024390243902439024, "cannot": 0.0024390243902439024, "chalu": 0.0024390243902439024, "chance": 0.0024390243902439024, "dawa": 0.0024390243902439024, "dea": 0.0024390243902439024, "deya": 0.0024390243902439024, "dibo": 0.0024390243902439024, "dimu": 0.0024390243902439024, "diya": 0.0024390243902439024, "ekti": 0.0024390243902439024, "electricity": 0.0024390243902439024, "find": 0.0024390243902439024, "grahokder": 0.0024390243902439024, "gula": 0.0024390243902439024, "jabe": 0.0024390243902439024, "jai": 0.0024390243902439024, "keno": 0.0024390243902439024, "kivabe": 0.0024390243902439024, "kmne": 0.0024390243902439024, "kn": 0.0024390243902439024, "kobe": 0.0024390243902439024, "kora": 0.0024390243902439024, "korar": 0.0024390243902439024, "korben": 0.0024390243902439024, "live": 0.0024390243902439024, "me": 0.0024390243902439024, "no": 0.0024390243902439024, "or": 0.0024390243902439024, "paina": 0.0024390243902439024, "parsina": 0.0024390243902439024, "parsonal": 0.0024390243902439024, "paying": 0.0024390243902439024, "please": 0.0024390243902439024, "ritel": 0.0024390243902439024, "subidha": 0.0024390243902439024, "tell": 0.0024390243902439024, "there": 0.0024390243902439024, "utility": 0.0024390243902439024, "way": 0.0024390243902439024, "অ্যাকাউন্ট": 0.0024390243902439024, "আছে": 0.0024390243902439024, "আমি": 0.0024390243902439024, "কবে": 0.0024390243902439024, "করবেন": 0.0024390243902439024, "কয়টি": 0.0024390243902439024, "খরচ": 0.0024390243902439024, "জানান": 0.0024390243902439024, "দিবো": 0.0024390243902439024, "দিয়ে": 0.0024390243902439024, "দেওয়া": 0.0024390243902439024, "দেওয়া": 0.0024390243902439024, "দেয়া": 0.0024390243902439024, "দেয়ার": 0.0024390243902439024, "না": 0.0024390243902439024, "পড়বে": 0.0024390243902439024, "পারমু": 0.0024390243902439024, "পারসনাল": 0.0024390243902439024, "পেমেন্ট": 0.0024390243902439024, "ফ্রি": 0.0024390243902439024, "ভাই": 0.0024390243902439024, "ভাবে": 0.0024390243902439024, "মার্চেন্ট": 0.0024390243902439024, "যাবে": 0.0024390243902439024, "রকম": 0.0024390243902439024, "রিটেইলার": 0.0024390243902439024, "রিতেইল": 0.0024390243902439024, "সুবিধা": 0.0024390243902439024, "হবে": 0.0024390243902439024, "হয়েছে": 0.0024390243902439024}