{"account": 0.06837606837606837, "bank": 0.054131054131054124, "retail": 0.039886039886039885, "to": 0.037037037037037035, "রিটেইল": 0.03133903133903134, "টাকা": 0.028490028490028487, "personal": 0.02564102564102564, "একাউন্ট": 0.02564102564102564, "jay": 0.02279202279202279, "money": 0.02279202279202279, "থেকে": 0.02279202279202279, "theke": 0.019943019943019943, "পার্সোনাল": 0.019943019943019943, "ব্যাংক": 0.019943019943019943, "e": 0.017094017094017092, "er": 0.017094017094017092, "from": 0.017094017094017092, "my": 0.017094017094017092, "transfer": 0.017094017094017092, "add": 0.014245014245014244, "i": 0.014245014245014244, "taka": 0.014245014245014244, "kora": 0.011396011396011395, "link": 0.011396011396011395, "pra": 0.011396011396011395, "আমার": 0.011396011396011395, "এ": 0.011396011396011395, "করা": 0.011396011396011395, "যায়": 0.011396011396011395, "সাথে": 0.011396011396011395, "bkash": 0.008547008547008546, "can": 0.008547008547008546, "ki": 0.008547008547008546, "possible": 0.008547008547008546, "sathe": 0.008547008547008546, "আনা": 0.008547008547008546, "একাউন্টে": 0.008547008547008546, "করতে": 0.008547008547008546, "কি": 0.008547008547008546, "পারব": 0.008547008547008546, "বিকাশ": 0.008547008547008546, "ব্যাংকে": 0.008547008547008546, "ana": 0.005698005698005697, "bikash": 0.005698005698005697, "card": 0.005698005698005697, "it's": 0.005698005698005697, "kon": 0.005698005698005697, "pathano": 0.005698005698005697, "retial": 0.005698005698005697, "wallet": 0.005698005698005697, "want": 0.005698005698005697, "আমি": 0.005698005698005697, "এর": 0.005698005698005697, "কিভাবে": 0.005698005698005697, "চাই": 0.005698005698005697, "ব্যাংকের": 0.005698005698005697, "যাবে": 0.005698005698005697, "রিতেল": 0.005698005698005697, "লিংক": 0.005698005698005697, "লিঙ্ক": 0.005698005698005697, "a": 0.0028490028490028487, "able": 0.0028490028490028487, "amar": 0.0028490028490028487, "anb": 0.0028490028490028487, "be": 0.0028490028490028487, "chai": 0.0028490028490028487, "janaben": 0.0028490028490028487, "jbe": 0.0028490028490028487, "kivabe": 0.0028490028490028487, "korar": 0.0028490028490028487, "korte": 0.0028490028490028487, "koya": 0.0028490028490028487, "lenden": 0.0028490028490028487, "maddhome": 0.0028490028490028487, "mani": 0.0028490028490028487, "need": 0.0028490028490028487, "number": 0.0028490028490028487, "othoba": 0.0028490028490028487, "persnal": 0.0028490028490028487, "retaila": 0.0028490028490028487, "ritel": 0.0028490028490028487, "way": 0.0028490028490028487, "when": 0.0028490028490028487, "will": 0.0028490028490028487, "with": 0.0028490028490028487, "অথবা": 0.0028490028490028487, "অপশন": 0.0028490028490028487, "অ্যাকাউন্ট": 0.0028490028490028487, "অ্যাড": 0.0028490028490028487, "আনতে": 0.0028490028490028487, "আনব": 0.0028490028490028487, "আনার": 0.0028490028490028487, "একাউণ্ট": 0.0028490028490028487, "একাউন্টের": 0.0028490028490028487, "কার্ড": 0.0028490028490028487, "কী": 0.0028490028490028487, "টেনসফার": 0.0028490028490028487, "ট্রান্সফার": 0.0028490028490028487, "নাই": 0.0028490028490028487, "নিব": 0.0028490028490028487, "পাঠানো": 0.0028490028490028487, "পাথাতে": 0.0028490028490028487, "ব্যাঙ্ক": 0.0028490028490028487, "মানি": 0.0028490028490028487, "য়াবে": 0.0028490028490028487, "রিটেল": 0.0028490028490028487, "রয়েছে": 0.0028490028490028487, "লাগবে": 0.0028490028490028487}