{"একাউন্ট": 0.051339285714285705, "personal": 0.046875, "পার্সোনাল": 0.04241071428571428, "account": 0.040178571428571425, "কি": 0.033482142857142856, "বিকাশ": 0.02901785714285714, "bkash": 0.026785714285714284, "আমার": 0.026785714285714284, "retail": 0.024553571428571428, "রিটেইল": 0.02232142857142857, "আমি": 0.017857142857142856, "amar": 0.015625, "diye": 0.015625, "পারব": 0.015625, "a": 0.013392857142857142, "amr": 0.013392857142857142, "ki": 0.013392857142857142, "আছে": 0.013392857142857142, "nid": 0.011160714285714284, "open": 0.011160714285714284, "আইডি": 0.011160714285714284, "করতে": 0.011160714285714284, "দিয়ে": 0.011160714285714284, "i": 0.008928571428571428, "id": 0.008928571428571428, "jabe": 0.008928571428571428, "এখন": 0.008928571428571428, "খুলতে": 0.008928571428571428, "যাবে": 0.008928571428571428, "ami": 0.006696428571428571, "asa": 0.006696428571428571, "je": 0.006696428571428571, "khula": 0.006696428571428571, "parbo": 0.006696428571428571, "এ": 0.006696428571428571, "এই": 0.006696428571428571, "করা": 0.006696428571428571, "খুলা": 0.006696428571428571, "চাচ্ছি": 0.006696428571428571, "রিটেল": 0.006696428571428571, "রিতেইল": 0.006696428571428571, "ache": 0.004464285714285714, "akhon": 0.004464285714285714, "already": 0.004464285714285714, "ame": 0.004464285714285714, "ase": 0.004464285714285714, "but": 0.004464285714285714, "dorkar": 0.004464285714285714, "ekti": 0.004464285714285714, "kora": 0.004464285714285714, "oi": 0.004464285714285714, "sei": 0.004464285714285714, "sim": 0.004464285714285714, "sir": 0.004464285714285714, "ta": 0.004464285714285714, "একটা": 0.004464285714285714, "কার্ড": 0.004464285714285714, "খোলা": 0.004464285714285714, "চালাতে": 0.004464285714285714, "নিতে": 0.004464285714285714, "পারসনাল": 0.004464285714285714, "পারসোনাল": 0.004464285714285714, "যে": 0.004464285714285714, "সাথে": 0.004464285714285714, "সেই": 0.004464285714285714, "abar": 0.002232142857142857, "ac": 0.002232142857142857, "ace": 0.002232142857142857, "achr": 0.002232142857142857, "age": 0.002232142857142857, "along": 0.002232142857142857, "apply": 0.002232142857142857, "because": 0.002232142857142857, "cacchi": 0.002232142857142857, "cai": 0.002232142857142857, "can": 0.002232142857142857, "card": 0.002232142857142857, "chacchi": 0.002232142857142857, "dea": 0.002232142857142857, "diya": 0.002232142857142857, "ekhon": 0.002232142857142857, "ekoi": 0.002232142857142857, "er": 0.002232142857142857, "estate": 0.002232142857142857, "have": 0.002232142857142857, "if": 0.002232142857142857, "is": 0.002232142857142857, "it": 0.002232142857142857, "jante": 0.002232142857142857, "jbe": 0.002232142857142857, "jodi": 0.002232142857142857, "jonno": 0.002232142857142857, "k": 0.002232142857142857, "khola": 0.002232142857142857, "kholte": 0.002232142857142857, "khular": 0.002232142857142857, "khulte": 0.002232142857142857, "khulye": 0.002232142857142857, "kintu": 0.002232142857142857, "korte": 0.002232142857142857, "may": 0.002232142857142857, "nawa": 0.002232142857142857, "nite": 0.002232142857142857, "normal": 0.002232142857142857, "of": 0.002232142857142857, "onek": 0.002232142857142857, "parsonal": 0.002232142857142857, "pba": 0.002232142857142857, "peronal": 0.002232142857142857, "perosnal": 0.002232142857142857, "possible": 0.002232142857142857, "pra": 0.002232142857142857, "ratail": 0.002232142857142857, "ratailer": 0.002232142857142857, "same": 0.002232142857142857, "tahole": 0.002232142857142857, "thake": 0.002232142857142857, "to": 0.002232142857142857, "transfer": 0.002232142857142857, "with": 0.002232142857142857, "অনেক": 0.002232142857142857, "অলরেডি": 0.002232142857142857, "আগের": 0.002232142857142857, "আর": 0.002232142857142857, "এক": 0.002232142857142857, "একটি": 0.002232142857142857, "একাউন্টে": 0.002232142857142857, "একাউন্টের": 0.002232142857142857, "একান্টের": 0.002232142857142857, "এটার": 0.002232142857142857, "এনআইডি": 0.002232142857142857, "এনআডি": 0.002232142857142857, "ঐ": 0.002232142857142857, "কনভার্ট": 0.002232142857142857, "কে": 0.002232142857142857, "ক্ষেত্রে": 0.002232142857142857, "গসেম": 0.002232142857142857, "গ্রাহকদের": 0.002232142857142857, "ছিলো": 0.002232142857142857, "জানার": 0.002232142857142857, "টা": 0.002232142857142857, "টাকে": 0.002232142857142857, "টি": 0.002232142857142857, "তথ্য": 0.002232142857142857, "তারা": 0.002232142857142857, "থাকে": 0.002232142857142857, "থেকো": 0.002232142857142857, "দিএই": 0.002232142857142857, "দিন": 0.002232142857142857, "দেয়ে": 0.002232142857142857, "না": 0.002232142857142857, "নাম্বার": 0.002232142857142857, "নেওয়া": 0.002232142857142857, "পরিবর্তন": 0.002232142857142857, "পাবো": 0.002232142857142857, "পারবে": 0.002232142857142857, "পারবো": 0.002232142857142857, "পার্সনাল": 0.002232142857142857, "পার্সোনাল": 0.002232142857142857, "পাশাপাশি": 0.002232142857142857, "পূর্ব": 0.002232142857142857, "বর্তমান": 0.002232142857142857, "বিকাস": 0.002232142857142857, "বিষয়ে": 0.002232142857142857, "ব্যক্তিগত": 0.002232142857142857, "ভোটার": 0.002232142857142857, "যদি": 0.002232142857142857, "রএছে": 0.002232142857142857, "রিটেইলার": 0.002232142857142857, "রিটেলার": 0.002232142857142857, "সকল": 0.002232142857142857, "সিমে": 0.002232142857142857, "স্যার": 0.002232142857142857}