{"কি": 0.08118081180811808, "পার্সোনাল": 0.05535055350553505, "সুবিধা": 0.05535055350553505, "personal": 0.04797047970479705, "retail": 0.04428044280442804, "account": 0.04059040590405904, "ki": 0.04059040590405904, "একাউন্ট": 0.03690036900369004, "বিকাশ": 0.02952029520295203, "রিটেইল": 0.02214022140221402, "subidha": 0.01845018450184502, "একাউন্টের": 0.01845018450184502, "রিটেলার": 0.01845018450184502, "ame": 0.014760147601476014, "benefits": 0.014760147601476014, "bkash": 0.014760147601476014, "er": 0.014760147601476014, "of": 0.014760147601476014, "khular": 0.01107011070110701, "maddhome": 0.01107011070110701, "what": 0.01107011070110701, "পারসোনাল": 0.01107011070110701, "রিটেল": 0.01107011070110701, "janaben": 0.007380073800738007, "pabo": 0.007380073800738007, "আছে": 0.007380073800738007, "এই": 0.007380073800738007, "এর": 0.007380073800738007, "কী": 0.007380073800738007, "চাচ্ছি": 0.007380073800738007, "জানতে": 0.007380073800738007, "মানি": 0.007380073800738007, "যাবে": 0.007380073800738007, "রকম": 0.007380073800738007, "সেন্ড": 0.007380073800738007, "about": 0.0036900369003690036, "ache": 0.0036900369003690036, "ami": 0.0036900369003690036, "apnader": 0.0036900369003690036, "are": 0.0036900369003690036, "ase": 0.0036900369003690036, "barti": 0.0036900369003690036, "benefit": 0.0036900369003690036, "bistarito": 0.0036900369003690036, "by": 0.0036900369003690036, "chachci": 0.0036900369003690036, "chai": 0.0036900369003690036, "deya": 0.0036900369003690036, "e": 0.0036900369003690036, "ei": 0.0036900369003690036, "get": 0.0036900369003690036, "hobo": 0.0036900369003690036, "i": 0.0036900369003690036, "is": 0.0036900369003690036, "jabe": 0.0036900369003690036, "jante": 0.0036900369003690036, "kamon": 0.0036900369003690036, "khulte": 0.0036900369003690036, "kind": 0.0036900369003690036, "kivabe": 0.0036900369003690036, "kono": 0.0036900369003690036, "lav": 0.0036900369003690036, "me": 0.0036900369003690036, "money": 0.0036900369003690036, "please": 0.0036900369003690036, "pra": 0.0036900369003690036, "retailer": 0.0036900369003690036, "retailers": 0.0036900369003690036, "send": 0.0036900369003690036, "sir": 0.0036900369003690036, "something": 0.0036900369003690036, "subidah": 0.0036900369003690036, "sujog": 0.0036900369003690036, "tell": 0.0036900369003690036, "the": 0.0036900369003690036, "theke": 0.0036900369003690036, "upkrito": 0.0036900369003690036, "using": 0.0036900369003690036, "will": 0.0036900369003690036, "অফার": 0.0036900369003690036, "আপনাদের": 0.0036900369003690036, "উপকারিতা": 0.0036900369003690036, "এ": 0.0036900369003690036, "একাউন্টে": 0.0036900369003690036, "এখন": 0.0036900369003690036, "করতে": 0.0036900369003690036, "করা": 0.0036900369003690036, "করার": 0.0036900369003690036, "কোন": 0.0036900369003690036, "খুলার": 0.0036900369003690036, "গুলো": 0.0036900369003690036, "গ্রাহক": 0.0036900369003690036, "টা": 0.0036900369003690036, "দিয়ে": 0.0036900369003690036, "নাম্বারে": 0.0036900369003690036, "পর": 0.0036900369003690036, "পাওয়া": 0.0036900369003690036, "পারবে": 0.0036900369003690036, "পার্সেনাল": 0.0036900369003690036, "মাচেন্ট": 0.0036900369003690036, "মাধ্যমে": 0.0036900369003690036, "রিটাইলার": 0.0036900369003690036, "রিটেইলার": 0.0036900369003690036, "রিটেইলারের": 0.0036900369003690036, "রিতেইল": 0.0036900369003690036, "লেনদেন": 0.0036900369003690036, "সম্পর্কে": 0.0036900369003690036, "সুবিধাগুলো": 0.0036900369003690036, "সুযোগ": 0.0036900369003690036}