{"একাউন্ট": 0.0535931790499391, "account": 0.05115712545676005, "retail": 0.040194884287454324, "personal": 0.03654080389768575, "রিটেইল": 0.03654080389768575, "পার্সোনাল": 0.03532277710109622, "বিকাশ": 0.0341047503045067, "কি": 0.028014616321559074, "bkash": 0.02679658952496955, "আমি": 0.024360535931790498, "চাই": 0.024360535931790498, "খুলতে": 0.023142509135200974, "ami": 0.020706455542021926, "chai": 0.014616321559074299, "চাচ্ছি": 0.014616321559074299, "সম্পর্কে": 0.013398294762484775, "জানতে": 0.012180267965895249, "পারসোনাল": 0.012180267965895249, "ki": 0.010962241169305725, "khulte": 0.0097442143727162, "korte": 0.008526187576126675, "pra": 0.008526187576126675, "retailer": 0.008526187576126675, "করতে": 0.008526187576126675, "জন্য": 0.008526187576126675, "রিটেল": 0.008526187576126675, "er": 0.007308160779537149, "jante": 0.007308160779537149, "business": 0.0060901339829476245, "একটি": 0.0060901339829476245, "ekta": 0.0048721071863581, "jonno": 0.0048721071863581, "somporke": 0.0048721071863581, "খোলার": 0.0048721071863581, "দেন": 0.0048721071863581, "বিস্তারিত": 0.0048721071863581, "রিটেইলার": 0.0048721071863581, "রিটেলার": 0.0048721071863581, "লাগবে": 0.0048721071863581, "acc": 0.0036540803897685747, "chacchi": 0.0036540803897685747, "how": 0.0036540803897685747, "i": 0.0036540803897685747, "ke": 0.0036540803897685747, "khulbo": 0.0036540803897685747, "kivabe": 0.0036540803897685747, "korbo": 0.0036540803897685747, "online": 0.0036540803897685747, "open": 0.0036540803897685747, "please": 0.0036540803897685747, "to": 0.0036540803897685747, "একটা": 0.0036540803897685747, "এর": 0.0036540803897685747, "কিভাবে": 0.0036540803897685747, "টা": 0.0036540803897685747, "নিতে": 0.0036540803897685747, "বিজনেস": 0.0036540803897685747, "ache": 0.00243605359317905, "acount": 0.00243605359317905, "amr": 0.00243605359317905, "ar": 0.00243605359317905, "cai": 0.00243605359317905, "details": 0.00243605359317905, "help": 0.00243605359317905, "kholbo": 0.00243605359317905, "kulte": 0.00243605359317905, "lagbe": 0.00243605359317905, "me": 0.00243605359317905, "nije": 0.00243605359317905, "parsonal": 0.00243605359317905, "personl": 0.00243605359317905, "retailers": 0.00243605359317905, "retails": 0.00243605359317905, "আছে": 0.00243605359317905, "আমার": 0.00243605359317905, "করার": 0.00243605359317905, "খুলার": 0.00243605359317905, "ট্রেড": 0.00243605359317905, "পারব": 0.00243605359317905, "পারি": 0.00243605359317905, "ব্যবসায়ীদের": 0.00243605359317905, "ভাবে": 0.00243605359317905, "লাইসেন্স": 0.00243605359317905, "লিংক": 0.00243605359317905, "লিংকটা": 0.00243605359317905, "a": 0.001218026796589525, "accaunt": 0.001218026796589525, "all": 0.001218026796589525, "amar": 0.001218026796589525, "ame": 0.001218026796589525, "answer": 0.001218026796589525, "bepare": 0.001218026796589525, "bisoy": 0.001218026796589525, "buisness": 0.001218026796589525, "businesses": 0.001218026796589525, "cacci": 0.001218026796589525, "can": 0.001218026796589525, "cay": 0.001218026796589525, "chacci": 0.001218026796589525, "chasci": 0.001218026796589525, "chatcchilam": 0.001218026796589525, "cilo": 0.001218026796589525, "comfirm": 0.001218026796589525, "create": 0.001218026796589525, "deklam": 0.001218026796589525, "dibo": 0.001218026796589525, "do": 0.001218026796589525, "dokan": 0.001218026796589525, "dorkar": 0.001218026796589525, "ekti": 0.001218026796589525, "ektu": 0.001218026796589525, "eta": 0.001218026796589525, "explain": 0.001218026796589525, "gele": 0.001218026796589525, "hoba": 0.001218026796589525, "hobe": 0.001218026796589525, "home": 0.001218026796589525, "howar": 0.001218026796589525, "info": 0.001218026796589525, "it": 0.001218026796589525, "jabe": 0.001218026796589525, "janar": 0.001218026796589525, "janta": 0.001218026796589525, "jantey": 0.001218026796589525, "ji": 0.001218026796589525, "khetre": 0.001218026796589525, "kholar": 0.001218026796589525, "khulta": 0.001218026796589525, "kicu": 0.001218026796589525, "kisu": 0.001218026796589525, "korta": 0.001218026796589525, "link": 0.001218026796589525, "man": 0.001218026796589525, "na": 0.001218026796589525, "name": 0.001218026796589525, "need": 0.001218026796589525, "nei": 0.001218026796589525, "new": 0.001218026796589525, "nijer": 0.001218026796589525, "nite": 0.001218026796589525, "niye": 0.001218026796589525, "offline": 0.001218026796589525, "pabo": 0.001218026796589525, "paper": 0.001218026796589525, "parbo": 0.001218026796589525, "pawa": 0.001218026796589525, "pls": 0.001218026796589525, "proman": 0.001218026796589525, "proyojonio": 0.001218026796589525, "question": 0.001218026796589525, "reatail": 0.001218026796589525, "retaile": 0.001218026796589525, "retals": 0.001218026796589525, "retilar": 0.001218026796589525, "sai": 0.001218026796589525, "se": 0.001218026796589525, "shomporke": 0.001218026796589525, "sim": 0.001218026796589525, "sir": 0.001218026796589525, "sob": 0.001218026796589525, "sompork": 0.001218026796589525, "somporkey": 0.001218026796589525, "store": 0.001218026796589525, "tar": 0.001218026796589525, "vaba": 0.001218026796589525, "want": 0.001218026796589525, "অনলাইন": 0.001218026796589525, "অনলাইনে": 0.001218026796589525, "অনুগ্রহ": 0.001218026796589525, "অনুরোধ": 0.001218026796589525, "অ্যাকাউন্ট": 0.001218026796589525, "আপনাদের": 0.001218026796589525, "আবশ্যিক": 0.001218026796589525, "আমাকে": 0.001218026796589525, "আমায়": 0.001218026796589525, "আসলে": 0.001218026796589525, "ইউজ": 0.001218026796589525, "এ": 0.001218026796589525, "এই": 0.001218026796589525, "একাউন্টে": 0.001218026796589525, "একাউন্টের": 0.001218026796589525, "এখন": 0.001218026796589525, "এজেন্সি": 0.001218026796589525, "এটার": 0.001218026796589525, "ওপেন": 0.001218026796589525, "কথা": 0.001218026796589525, "করব": 0.001218026796589525, "করবো": 0.001218026796589525, "করা": 0.001218026796589525, "করে": 0.001218026796589525, "কাগজ": 0.001218026796589525, "কাগজপত্র": 0.001218026796589525, "কাদের": 0.001218026796589525, "কারা": 0.001218026796589525, "কিছু": 0.001218026796589525, "কিন্তু": 0.001218026796589525, "কোন": 0.001218026796589525, "ক্ষুদ্র": 0.001218026796589525, "খুলব": 0.001218026796589525, "খোলতে": 0.001218026796589525, "খোলা": 0.001218026796589525, "চাইতেছি": 0.001218026796589525, "চেয়েছিলাম": 0.001218026796589525, "ছিল": 0.001218026796589525, "জাননে": 0.001218026796589525, "জানার": 0.001218026796589525, "তথ্য": 0.001218026796589525, "তারা": 0.001218026796589525, "থাকতে": 0.001218026796589525, "থাকা": 0.001218026796589525, "থেকে": 0.001218026796589525, "দিবেন": 0.001218026796589525, "দিবো": 0.001218026796589525, "দিলে": 0.001218026796589525, "দিয়ে": 0.001218026796589525, "দোকান": 0.001218026796589525, "নতুন": 0.001218026796589525, "নাকি": 0.001218026796589525, "নাম": 0.001218026796589525, "নাম্বার": 0.001218026796589525, "নাম্বারে": 0.001218026796589525, "নিয়ম": 0.001218026796589525, "নিয়ে": 0.001218026796589525, "নেই": 0.001218026796589525, "পারবে": 0.001218026796589525, "পারর্সলা": 0.001218026796589525, "পার্ছোনাল": 0.001218026796589525, "পেইজ": 0.001218026796589525, "পেজ": 0.001218026796589525, "পেতে": 0.001218026796589525, "প্রয়োজন": 0.001218026796589525, "প্রসেস": 0.001218026796589525, "প্রয়জন": 0.001218026796589525, "ফর": 0.001218026796589525, "ফেইসবুক": 0.001218026796589525, "ফেসবুক": 0.001218026796589525, "বলতে": 0.001218026796589525, "বিকশ": 0.001218026796589525, "বিকাশের": 0.001218026796589525, "বিষয়": 0.001218026796589525, "ব্যাবসার": 0.001218026796589525, "ভাই": 0.001218026796589525, "ভাইয়া": 0.001218026796589525, "ভালো": 0.001218026796589525, "মাধ্যম": 0.001218026796589525, "মানে": 0.001218026796589525, "মারচেন্ট": 0.001218026796589525, "মার্চেল": 0.001218026796589525, "যাদের": 0.001218026796589525, "যানতে": 0.001218026796589525, "যাবে": 0.001218026796589525, "যায়": 0.001218026796589525, "যায়": 0.001218026796589525, "রিইটেইলার": 0.001218026796589525, "রিটেইলের": 0.001218026796589525, "রিটেলির": 0.001218026796589525, "রেজিস্ট্যাশন": 0.001218026796589525, "লিঙ্ক": 0.001218026796589525,