{"pin": 0.06422018348623854, "account": 0.05504587155963303, "পিন": 0.033639143730886854, "reset": 0.03058103975535168, "retail": 0.03058103975535168, "my": 0.027522935779816515, "amar": 0.024464831804281346, "personal": 0.024464831804281346, "i": 0.02140672782874618, "রিটেইল": 0.02140672782874618, "একাউন্ট": 0.01834862385321101, "একাউন্টের": 0.01834862385321101, "of": 0.01529051987767584, "retial": 0.01529051987767584, "kore": 0.012232415902140673, "password": 0.012232415902140673, "thik": 0.012232415902140673, "to": 0.012232415902140673, "করতে": 0.012232415902140673, "করব": 0.012232415902140673, "কি": 0.012232415902140673, "পার্সোনাল": 0.012232415902140673, "ভুলে": 0.012232415902140673, "রিসেট": 0.012232415902140673, "can": 0.009174311926605505, "den": 0.009174311926605505, "er": 0.009174311926605505, "kaj": 0.009174311926605505, "na": 0.009174311926605505, "pra": 0.009174311926605505, "saying": 0.009174311926605505, "vule": 0.009174311926605505, "wrong": 0.009174311926605505, "আমার": 0.009174311926605505, "এর": 0.009174311926605505, "account's": 0.0061162079510703364, "but": 0.0061162079510703364, "e": 0.0061162079510703364, "gesi": 0.0061162079510703364, "is": 0.0061162079510703364, "korbo": 0.0061162079510703364, "korche": 0.0061162079510703364, "korte": 0.0061162079510703364, "lock": 0.0061162079510703364, "please": 0.0061162079510703364, "plz": 0.0061162079510703364, "previous": 0.0061162079510703364, "remember": 0.0061162079510703364, "retailer": 0.0061162079510703364, "ritel": 0.0061162079510703364, "vai": 0.0061162079510703364, "want": 0.0061162079510703364, "কাজ": 0.0061162079510703364, "কিভাবে": 0.0061162079510703364, "গেলে": 0.0061162079510703364, "মনে": 0.0061162079510703364, "রেটাইল": 0.0061162079510703364, "হবে": 0.0061162079510703364, "a": 0.0030581039755351682, "accont": 0.0030581039755351682, "accounter": 0.0030581039755351682, "accunt": 0.0030581039755351682, "ache": 0.0030581039755351682, "am": 0.0030581039755351682, "amr": 0.0030581039755351682, "bikash": 0.0030581039755351682, "bkash": 0.0030581039755351682, "boltese": 0.0030581039755351682, "cant": 0.0030581039755351682, "chai": 0.0030581039755351682, "chalate": 0.0030581039755351682, "code": 0.0030581039755351682, "din": 0.0030581039755351682, "ekti": 0.0030581039755351682, "fellam": 0.0030581039755351682, "gele": 0.0030581039755351682, "gsi": 0.0030581039755351682, "hi": 0.0030581039755351682, "hoise": 0.0030581039755351682, "how": 0.0030581039755351682, "in": 0.0030581039755351682, "it's": 0.0030581039755351682, "ki": 0.0030581039755351682, "kivabe": 0.0030581039755351682, "kmen": 0.0030581039755351682, "kn": 0.0030581039755351682, "korbam": 0.0030581039755351682, "kortese": 0.0030581039755351682, "kre": 0.0030581039755351682, "log": 0.0030581039755351682, "login": 0.0030581039755351682, "mone": 0.0030581039755351682, "nai": 0.0030581039755351682, "need": 0.0030581039755351682, "needed": 0.0030581039755351682, "noy": 0.0030581039755351682, "parsonal": 0.0030581039755351682, "partesina": 0.0030581039755351682, "pinti": 0.0030581039755351682, "pion": 0.0030581039755351682, "procedure": 0.0030581039755351682, "provide": 0.0030581039755351682, "r": 0.0030581039755351682, "recover": 0.0030581039755351682, "riteail": 0.0030581039755351682, "riteil": 0.0030581039755351682, "sim": 0.0030581039755351682, "sothik": 0.0030581039755351682, "ti": 0.0030581039755351682, "uddhar": 0.0030581039755351682, "why": 0.0030581039755351682, "আমি": 0.0030581039755351682, "এ": 0.0030581039755351682, "করছেনা": 0.0030581039755351682, "করেতেসে": 0.0030581039755351682, "গিয়েছি": 0.0030581039755351682, "গেসি": 0.0030581039755351682, "গেসে": 0.0030581039755351682, "চাই": 0.0030581039755351682, "ঠিক": 0.0030581039755351682, "না": 0.0030581039755351682, "নাই": 0.0030581039755351682, "নেই": 0.0030581039755351682, "পিনটি": 0.0030581039755351682, "পেতে": 0.0030581039755351682, "বিকাশ": 0.0030581039755351682, "ব্লক": 0.0030581039755351682, "রিটেল": 0.0030581039755351682, "রিতেইল": 0.0030581039755351682, "সেবাটি": 0.0030581039755351682, "হচ্ছে": 0.0030581039755351682, "হলে": 0.0030581039755351682, "হয়": 0.0030581039755351682, "হয়ে": 0.0030581039755351682, "ড়িটেইল": 0.0030581039755351682}