{"লিমিট": 0.06647398843930635, "একাউন্ট": 0.04913294797687861, "রিটেইল": 0.04913294797687861, "পার্সোনাল": 0.046242774566473986, "limit": 0.04335260115606936, "এর": 0.04335260115606936, "personal": 0.03468208092485549, "জানতে": 0.031791907514450865, "er": 0.028901734104046242, "আছে": 0.02601156069364162, "সম্পর্কে": 0.023121387283236993, "retailer": 0.02023121387283237, "ekaount": 0.017341040462427744, "কোনো": 0.017341040462427744, "চাই": 0.017341040462427744, "account": 0.014450867052023121, "koto": 0.014450867052023121, "retail": 0.014450867052023121, "আমি": 0.014450867052023121, "বিকাশ": 0.014450867052023121, "একটি": 0.011560693641618497, "জানাবেন": 0.011560693641618497, "kono": 0.008670520231213872, "money": 0.008670520231213872, "transaction": 0.008670520231213872, "অ্যাকাউন্ট": 0.008670520231213872, "আউট": 0.008670520231213872, "আমার": 0.008670520231213872, "একাউন্টের": 0.008670520231213872, "কত": 0.008670520231213872, "করা": 0.008670520231213872, "ক্যাশ": 0.008670520231213872, "থেকে": 0.008670520231213872, "পাসোনাল": 0.008670520231213872, "যায়": 0.008670520231213872, "রিটেলার": 0.008670520231213872, "ache": 0.005780346820809248, "and": 0.005780346820809248, "ase": 0.005780346820809248, "bkash": 0.005780346820809248, "bolten": 0.005780346820809248, "cash": 0.005780346820809248, "is": 0.005780346820809248, "korar": 0.005780346820809248, "of": 0.005780346820809248, "out": 0.005780346820809248, "retai": 0.005780346820809248, "send": 0.005780346820809248, "ta": 0.005780346820809248, "the": 0.005780346820809248, "what": 0.005780346820809248, "এ্যাকাউন্ট": 0.005780346820809248, "কতবার": 0.005780346820809248, "খুলেছি": 0.005780346820809248, "চাচ্ছি": 0.005780346820809248, "বিস্তারিত": 0.005780346820809248, "ভাইয়া": 0.005780346820809248, "মাসে": 0.005780346820809248, "রিটেইলার": 0.005780346820809248, "সমর্পকে": 0.005780346820809248, "amar": 0.002890173410404624, "ar": 0.002890173410404624, "bhaiya": 0.002890173410404624, "bikash": 0.002890173410404624, "bolben": 0.002890173410404624, "cashout": 0.002890173410404624, "chai": 0.002890173410404624, "e": 0.002890173410404624, "ekta": 0.002890173410404624, "ektu": 0.002890173410404624, "exect": 0.002890173410404624, "janate": 0.002890173410404624, "jante": 0.002890173410404624, "jodi": 0.002890173410404624, "kore": 0.002890173410404624, "maximum": 0.002890173410404624, "oitar": 0.002890173410404624, "parben": 0.002890173410404624, "parsonal": 0.002890173410404624, "per": 0.002890173410404624, "please": 0.002890173410404624, "sent": 0.002890173410404624, "somporke": 0.002890173410404624, "vaiya": 0.002890173410404624, "আপনাদের": 0.002890173410404624, "এ": 0.002890173410404624, "এক": 0.002890173410404624, "একটু": 0.002890173410404624, "এখন": 0.002890173410404624, "কিনা": 0.002890173410404624, "কোন": 0.002890173410404624, "চাইছি": 0.002890173410404624, "চাচ্ছিলাম": 0.002890173410404624, "টাকা": 0.002890173410404624, "দেওয়া": 0.002890173410404624, "দেনিক": 0.002890173410404624, "নতুন": 0.002890173410404624, "নিদিষ্ট": 0.002890173410404624, "নির্ধারিত": 0.002890173410404624, "পারবো": 0.002890173410404624, "প্রতি": 0.002890173410404624, "বিষয়টি": 0.002890173410404624, "মাসিক": 0.002890173410404624, "সর্বোচ্চ": 0.002890173410404624, "সেই": 0.002890173410404624}