{"account": 0.05245901639344262, "charge": 0.04918032786885246, "cash": 0.0459016393442623, "out": 0.0459016393442623, "retail": 0.042622950819672135, "personal": 0.036065573770491806, "koto": 0.03278688524590164, "রিটেইল": 0.02622950819672131, "pra": 0.02295081967213115, "একাউন্ট": 0.02295081967213115, "ক্যাশ": 0.02295081967213115, "আউট": 0.019672131147540985, "কত": 0.019672131147540985, "চার্জ": 0.019672131147540985, "থেকে": 0.019672131147540985, "পার্সোনাল": 0.019672131147540985, "bkash": 0.01639344262295082, "the": 0.01639344262295082, "টাকা": 0.01639344262295082, "i": 0.013114754098360656, "taka": 0.013114754098360656, "cashout": 0.009836065573770493, "e": 0.009836065573770493, "from": 0.009836065573770493, "of": 0.009836065573770493, "theke": 0.009836065573770493, "to": 0.009836065573770493, "আমি": 0.009836065573770493, "খরচ": 0.009836065573770493, "about": 0.006557377049180328, "er": 0.006557377049180328, "for": 0.006557377049180328, "how": 0.006557377049180328, "is": 0.006557377049180328, "know": 0.006557377049180328, "kore": 0.006557377049180328, "korte": 0.006557377049180328, "much": 0.006557377049180328, "please": 0.006557377049180328, "want": 0.006557377049180328, "what": 0.006557377049180328, "will": 0.006557377049180328, "আমার": 0.006557377049180328, "একাউন্টের": 0.006557377049180328, "কেমন": 0.006557377049180328, "লাগে": 0.006557377049180328, "a": 0.003278688524590164, "acount": 0.003278688524590164, "amar": 0.003278688524590164, "apnader": 0.003278688524590164, "apnara": 0.003278688524590164, "applicable": 0.003278688524590164, "be": 0.003278688524590164, "chagre": 0.003278688524590164, "charg": 0.003278688524590164, "chrge": 0.003278688524590164, "hajare": 0.003278688524590164, "have": 0.003278688524590164, "hazare": 0.003278688524590164, "hoyese": 0.003278688524590164, "in": 0.003278688524590164, "inform": 0.003278688524590164, "kamon": 0.003278688524590164, "kate": 0.003278688524590164, "khoros": 0.003278688524590164, "kora": 0.003278688524590164, "korbo": 0.003278688524590164, "lage": 0.003278688524590164, "me": 0.003278688524590164, "month": 0.003278688524590164, "nen": 0.003278688524590164, "open": 0.003278688524590164, "parsonal": 0.003278688524590164, "per": 0.003278688524590164, "persoanl": 0.003278688524590164, "porbe": 0.003278688524590164, "porjonto": 0.003278688524590164, "provide": 0.003278688524590164, "retailer": 0.003278688524590164, "retelair": 0.003278688524590164, "sir": 0.003278688524590164, "tell": 0.003278688524590164, "thake": 0.003278688524590164, "theka": 0.003278688524590164, "tk": 0.003278688524590164, "today": 0.003278688524590164, "tular": 0.003278688524590164, "uttolon": 0.003278688524590164, "আউটের": 0.003278688524590164, "আমাকে": 0.003278688524590164, "উঠাতে": 0.003278688524590164, "উঠানোর": 0.003278688524590164, "উত্তোলন": 0.003278688524590164, "এ": 0.003278688524590164, "এই": 0.003278688524590164, "একটু": 0.003278688524590164, "কতো": 0.003278688524590164, "করতে": 0.003278688524590164, "করলে": 0.003278688524590164, "করি": 0.003278688524590164, "কাটে": 0.003278688524590164, "কি": 0.003278688524590164, "কোনো": 0.003278688524590164, "চাই": 0.003278688524590164, "জানতে": 0.003278688524590164, "জানান": 0.003278688524590164, "জানাবেন": 0.003278688524590164, "তুলার": 0.003278688524590164, "নতুন": 0.003278688524590164, "নিবে": 0.003278688524590164, "নিয়েছি": 0.003278688524590164, "বিকাশ": 0.003278688524590164, "ব্যবহার": 0.003278688524590164, "ভাই": 0.003278688524590164, "সময়": 0.003278688524590164, "স্যার": 0.003278688524590164, "হবে": 0.003278688524590164, "হাজারে": 0.003278688524590164}