{"account": 0.05605381165919282, "my": 0.042600896860986545, "retail": 0.042600896860986545, "i": 0.03811659192825112, "personal": 0.026905829596412554, "to": 0.026905829596412554, "বন্ধ": 0.026905829596412554, "চালু": 0.02466367713004484, "chalu": 0.02242152466367713, "করে": 0.02242152466367713, "want": 0.020179372197309416, "আমার": 0.020179372197309416, "এখন": 0.020179372197309416, "করতে": 0.020179372197309416, "kore": 0.017937219730941704, "unbar": 0.01569506726457399, "চাই": 0.01569506726457399, "পার্সোনাল": 0.01569506726457399, "bondho": 0.011210762331838564, "pra": 0.011210762331838564, "করেছিলাম": 0.011210762331838564, "রিটেইল": 0.011210762331838564, "now": 0.008968609865470852, "off": 0.008968609865470852, "punoray": 0.008968609865470852, "temporarily": 0.008968609865470852, "unblock": 0.008968609865470852, "আবার": 0.008968609865470852, "আমি": 0.008968609865470852, "একাউন্ট": 0.008968609865470852, "amar": 0.0067264573991031385, "can": 0.0067264573991031385, "closed": 0.0067264573991031385, "do": 0.0067264573991031385, "ekhon": 0.0067264573991031385, "had": 0.0067264573991031385, "how": 0.0067264573991031385, "jonno": 0.0067264573991031385, "korechi": 0.0067264573991031385, "korte": 0.0067264573991031385, "me": 0.0067264573991031385, "retailer": 0.0067264573991031385, "retial": 0.0067264573991031385, "রিটেল": 0.0067264573991031385, "abar": 0.004484304932735426, "acount": 0.004484304932735426, "apni": 0.004484304932735426, "back": 0.004484304932735426, "chai": 0.004484304932735426, "churi": 0.004484304932735426, "dite": 0.004484304932735426, "ekhn": 0.004484304932735426, "er": 0.004484304932735426, "giyechilo": 0.004484304932735426, "help": 0.004484304932735426, "hoye": 0.004484304932735426, "it": 0.004484304932735426, "ki": 0.004484304932735426, "kichudin": 0.004484304932735426, "kmne": 0.004484304932735426, "korbo": 0.004484304932735426, "korsilam": 0.004484304932735426, "niyechilam": 0.004484304932735426, "parben": 0.004484304932735426, "please": 0.004484304932735426, "previously": 0.004484304932735426, "rekhechilam": 0.004484304932735426, "service": 0.004484304932735426, "sim": 0.004484304932735426, "simti": 0.004484304932735426, "ta": 0.004484304932735426, "the": 0.004484304932735426, "unbarring": 0.004484304932735426, "অনুগ্রহ": 0.004484304932735426, "আগে": 0.004484304932735426, "একাউন্টটি": 0.004484304932735426, "একাউন্টতি": 0.004484304932735426, "করেছি": 0.004484304932735426, "কিছুদিন": 0.004484304932735426, "গিয়েছিল": 0.004484304932735426, "দিন": 0.004484304932735426, "পারসোনাল": 0.004484304932735426, "প্রয়োজনে": 0.004484304932735426, "বিশেষ": 0.004484304932735426, "মার্চেন্ট": 0.004484304932735426, "রেখেছি": 0.004484304932735426, "রেখেছিলাম": 0.004484304932735426, "সিম": 0.004484304932735426, "হবে": 0.004484304932735426, "হারিয়ে": 0.004484304932735426, "a": 0.002242152466367713, "acc": 0.002242152466367713, "ago": 0.002242152466367713, "ashchi": 0.002242152466367713, "barred": 0.002242152466367713, "be": 0.002242152466367713, "boutique": 0.002242152466367713, "days": 0.002242152466367713, "den": 0.002242152466367713, "done": 0.002242152466367713, "few": 0.002242152466367713, "for": 0.002242152466367713, "get": 0.002242152466367713, "give": 0.002242152466367713, "have": 0.002242152466367713, "hello": 0.002242152466367713, "hi": 0.002242152466367713, "jmne": 0.002242152466367713, "kemne": 0.002242152466367713, "kichudiner": 0.002242152466367713, "koren": 0.002242152466367713, "marchent": 0.002242152466367713, "needed": 0.002242152466367713, "open": 0.002242152466367713, "parsonal": 0.002242152466367713, "pasonal": 0.002242152466367713, "procedure": 0.002242152466367713, "procedures": 0.002242152466367713, "repopen": 0.002242152466367713, "resume": 0.002242152466367713, "show": 0.002242152466367713, "tai": 0.002242152466367713, "tell": 0.002242152466367713, "what": 0.002242152466367713, "you": 0.002242152466367713, "আনবার": 0.002242152466367713, "একাউন্টটা": 0.002242152466367713, "করেছিলেন": 0.002242152466367713, "কি": 0.002242152466367713, "কয়েকদিনের": 0.002242152466367713, "জন্যে": 0.002242152466367713, "দিতে": 0.002242152466367713, "দেন": 0.002242152466367713, "পুনরায়": 0.002242152466367713, "ভাই": 0.002242152466367713, "রিটেlলার": 0.002242152466367713, "রিটেইলার": 0.002242152466367713, "সাময়িকভাবে": 0.002242152466367713}