{"code": 0.05921052631578948, "verification": 0.04605263157894737, "account": 0.03289473684210526, "কোড": 0.026315789473684213, "রিটেইল": 0.024671052631578948, "pra": 0.023026315789473686, "er": 0.01973684210526316, "my": 0.01973684210526316, "একাউন্টের": 0.018092105263157895, "retail": 0.01644736842105263, "ভেরিফিকেশন": 0.01644736842105263, "personal": 0.01480263157894737, "of": 0.013157894736842106, "the": 0.013157894736842106, "welcome": 0.013157894736842106, "পাইনাই": 0.013157894736842106, "is": 0.011513157894736843, "letter": 0.011513157894736843, "retial": 0.011513157894736843, "where": 0.011513157894736843, "kobe": 0.00986842105263158, "kotha": 0.00986842105263158, "na": 0.00986842105263158, "আমার": 0.00986842105263158, "একাউন্ট": 0.008223684210526315, "এর": 0.008223684210526315, "a": 0.006578947368421053, "amar": 0.006578947368421053, "ami": 0.006578947368421053, "courier": 0.006578947368421053, "how": 0.006578947368421053, "i": 0.006578947368421053, "kn": 0.006578947368421053, "kuriar": 0.006578947368421053, "need": 0.006578947368421053, "pawar": 0.006578947368421053, "verify": 0.006578947368421053, "কি": 0.006578947368421053, "দিন": 0.006578947368421053, "পার্সোনাল": 0.006578947368421053, "but": 0.00493421052631579, "days": 0.00493421052631579, "dekhben": 0.00493421052631579, "din": 0.00493421052631579, "e": 0.00493421052631579, "ektu": 0.00493421052631579, "have": 0.00493421052631579, "koi": 0.00493421052631579, "painai": 0.00493421052631579, "pathabe": 0.00493421052631579, "ওয়েলকাম": 0.00493421052631579, "কই": 0.00493421052631579, "কবে": 0.00493421052631579, "করব": 0.00493421052631579, "ঠিকানা": 0.00493421052631579, "ডেলিভারি": 0.00493421052631579, "ভাই": 0.00493421052631579, "যাচাই": 0.00493421052631579, "লেটার": 0.00493421052631579, "acc": 0.0032894736842105266, "address": 0.0032894736842105266, "after": 0.0032894736842105266, "ahe": 0.0032894736842105266, "are": 0.0032894736842105266, "chalano": 0.0032894736842105266, "chilo": 0.0032894736842105266, "codee": 0.0032894736842105266, "come": 0.0032894736842105266, "dey": 0.0032894736842105266, "deyar": 0.0032894736842105266, "diben": 0.0032894736842105266, "gelo": 0.0032894736842105266, "get": 0.0032894736842105266, "hobe": 0.0032894736842105266, "hoye": 0.0032894736842105266, "jacche": 0.0032894736842105266, "je": 0.0032894736842105266, "kormodibosher": 0.0032894736842105266, "lettre": 0.0032894736842105266, "maddhome": 0.0032894736842105266, "many": 0.0032894736842105266, "moddhe": 0.0032894736842105266, "needed": 0.0032894736842105266, "no": 0.0032894736842105266, "pabo": 0.0032894736842105266, "pacchina": 0.0032894736842105266, "paile": 0.0032894736842105266, "riteil": 0.0032894736842105266, "there": 0.0032894736842105266, "to": 0.0032894736842105266, "will": 0.0032894736842105266, "আমি": 0.0032894736842105266, "আসতে": 0.0032894736842105266, "কত": 0.0032894736842105266, "কতদিন": 0.0032894736842105266, "কুরিয়ার": 0.0032894736842105266, "ত": 0.0032894736842105266, "দিবেন": 0.0032894736842105266, "পর": 0.0032894736842105266, "পাওয়া": 0.0032894736842105266, "ব্যবসায়িক": 0.0032894736842105266, "মধ্যে": 0.0032894736842105266, "রিতেল": 0.0032894736842105266, "লাগবে": 0.0032894736842105266, "হবে": 0.0032894736842105266, "achen": 0.0016447368421052633, "age": 0.0016447368421052633, "amake": 0.0016447368421052633, "and": 0.0016447368421052633, "ase": 0.0016447368421052633, "been": 0.0016447368421052633, "behalf": 0.0016447368421052633, "business": 0.0016447368421052633, "c": 0.0016447368421052633, "came": 0.0016447368421052633, "can": 0.0016447368421052633, "cod": 0.0016447368421052633, "courieer": 0.0016447368421052633, "day": 0.0016447368421052633, "dei": 0.0016447368421052633, "delivary": 0.0016447368421052633, "for": 0.0016447368421052633, "form": 0.0016447368421052633, "got": 0.0016447368421052633, "hote": 0.0016447368421052633, "janano": 0.0016447368421052633, "khokon": 0.0016447368421052633, "kholer": 0.0016447368421052633, "khulece": 0.0016447368421052633, "ki": 0.0016447368421052633, "kintu": 0.0016447368421052633, "kisher": 0.0016447368421052633, "kon": 0.0016447368421052633, "kondin": 0.0016447368421052633, "korte": 0.0016447368421052633, "koto": 0.0016447368421052633, "kotodin": 0.0016447368421052633, "lage": 0.0016447368421052633, "last": 0.0016447368421052633, "lege": 0.0016447368421052633, "long": 0.0016447368421052633, "maddome": 0.0016447368421052633, "merchant": 0.0016447368421052633, "on": 0.0016447368421052633, "opened": 0.0016447368421052633, "opening": 0.0016447368421052633, "ota": 0.0016447368421052633, "paini": 0.0016447368421052633, "pathano": 0.0016447368421052633, "pathanor": 0.0016447368421052633, "please": 0.0016447368421052633, "pore": 0.0016447368421052633, "provide": 0.0016447368421052633, "retailer": 0.0016447368421052633, "should": 0.0016447368421052633, "somoy": 0.0016447368421052633, "that": 0.0016447368421052633, "today": 0.0016447368421052633, "vai": 0.0016447368421052633, "varification": 0.0016447368421052633, "waiting": 0.0016447368421052633, "which": 0.0016447368421052633, "within": 0.0016447368421052633, "অনেকদিন": 0.0016447368421052633, "অ্যাকাউন্ট": 0.0016447368421052633, "আসবে": 0.0016447368421052633, "একটি": 0.0016447368421052633, "একটু": 0.0016447368421052633, "একাউনটতি": 0.0016447368421052633, "একাউন্ড": 0.0016447368421052633, "এখন": 0.0016447368421052633, "এখনও": 0.0016447368421052633, "এড্রেস": 0.0016447368421052633, "ওপেন": 0.0016447368421052633, "করতে": 0.0016447368421052633, "করা": 0.0016447368421052633, "করে": 0.0016447368421052633, "করেছি": 0.0016447368421052633, "কর্মদিবস": 0.0016447368421052633, "কাল": 0.0016447368421052633, "কুরিয়ান": 0.0016447368421052633, "কোডটা": 0.0016447368421052633, "কোথায়": 0.0016447368421052633, "কোনদিন": 0.0016447368421052633, "কয়": 0.0016447368421052633, "খুলেছি": 0.0016447368421052633, "খোলার": 0.0016447368421052633, "গত": 0.0016447368421052633, "গেল": 0.0016447368421052633, "চালু": 0.0016447368421052633, "চেক": 0.0016447368421052633, "জাচ্ছে": 0.0016447368421052633, "জানাবেন": 0.0016447368421052633, "টি": 0.0016447368421052633, "ঠিকানায়": 0.0016447368421052633, "তা": 0.0016447368421052633, "থাকে": 0.0016447368421052633, "দিবে": 0.0016447368421052633, "দেওয়া": 0.0016447368421052633, "পরে": 0.0016447368421052633, "পাঠাবে": 0.0016447368421052633, "পারতেসিনা": 0.0016447368421052633, "পারসনাল": 0.0016447368421052633, "পৌঁছে": 0.0016447368421052633, "প্রদান": 0.0016447368421052633, "বিকাশ": 0.0016447368421052633, "ভেরিফিকশন": 0.0016447368421052633, "মাধ্যমে": 0.0016447368421052633, "মার্চেন্ট": 0.0016447368421052633, "যাবে": 0.0016447368421052633, "যায়": 0.0016447368421052633, "যেই": 0.0016447368421052633, "রিটাইল": 0.0016447368421052633, "রিটেল": 0.0016447368421052633, "লাগে": 0.0016447368421052633, "সমস্যা": 0.0016447368421052633, "সার্ভিসের": 0.0016447368421052633, "সেটা": 0.0016447368421052633, "হওয়ার": 0.0016447368421052633, "হয়": 0.0016447368421052633, "হয়ে": 0.0016447368421052633}