{"account": 0.06094182825484765, "out": 0.04709141274238227, "cash": 0.0443213296398892, "retail": 0.0443213296398892, "personal": 0.030470914127423827, "আউট": 0.02770083102493075, "ক্যাশ": 0.02770083102493075, "রিটেইল": 0.02770083102493075, "i": 0.024930747922437674, "er": 0.0221606648199446, "theke": 0.0221606648199446, "can": 0.019390581717451526, "থেকে": 0.019390581717451526, "my": 0.01662049861495845, "একাউন্ট": 0.01662049861495845, "করতে": 0.01662049861495845, "পার্সোনাল": 0.01662049861495845, "booth": 0.013850415512465375, "from": 0.013850415512465375, "holder": 0.013850415512465375, "kora": 0.013850415512465375, "money": 0.013850415512465375, "atm": 0.0110803324099723, "jay": 0.0110803324099723, "kon": 0.0110803324099723, "korbo": 0.0110803324099723, "আমার": 0.0110803324099723, "এটিএম": 0.0110803324099723, "বুথ": 0.0110803324099723, "kivabe": 0.008310249307479225, "the": 0.008310249307479225, "where": 0.008310249307479225, "withdraw": 0.008310249307479225, "একাউন্টের": 0.008310249307479225, "করব": 0.008310249307479225, "কি": 0.008310249307479225, "পারবে": 0.008310249307479225, "a": 0.00554016620498615, "am": 0.00554016620498615, "amar": 0.00554016620498615, "bolen": 0.00554016620498615, "how": 0.00554016620498615, "kash": 0.00554016620498615, "kothay": 0.00554016620498615, "of": 0.00554016620498615, "pra": 0.00554016620498615, "procedure": 0.00554016620498615, "taka": 0.00554016620498615, "to": 0.00554016620498615, "আমি": 0.00554016620498615, "এজেন্ট": 0.00554016620498615, "এর": 0.00554016620498615, "কিভাবে": 0.00554016620498615, "কোন": 0.00554016620498615, "ক্যাশআউট": 0.00554016620498615, "জন্য": 0.00554016620498615, "টাকাগুলো": 0.00554016620498615, "পারব": 0.00554016620498615, "বিকাশ": 0.00554016620498615, "হোল্ডার": 0.00554016620498615, "accounts": 0.002770083102493075, "agent": 0.002770083102493075, "amake": 0.002770083102493075, "ami": 0.002770083102493075, "an": 0.002770083102493075, "and": 0.002770083102493075, "ase": 0.002770083102493075, "ber": 0.002770083102493075, "chai": 0.002770083102493075, "come": 0.002770083102493075, "do": 0.002770083102493075, "ekhn": 0.002770083102493075, "ekjon": 0.002770083102493075, "ekti": 0.002770083102493075, "for": 0.002770083102493075, "in": 0.002770083102493075, "it's": 0.002770083102493075, "jai": 0.002770083102493075, "janaben": 0.002770083102493075, "kamne": 0.002770083102493075, "know": 0.002770083102493075, "korte": 0.002770083102493075, "off": 0.002770083102493075, "only": 0.002770083102493075, "parsonal": 0.002770083102493075, "payment": 0.002770083102493075, "procedue": 0.002770083102493075, "retaial": 0.002770083102493075, "retailer": 0.002770083102493075, "retel": 0.002770083102493075, "retial": 0.002770083102493075, "ritel": 0.002770083102493075, "system": 0.002770083102493075, "take": 0.002770083102493075, "that": 0.002770083102493075, "through": 0.002770083102493075, "want": 0.002770083102493075, "which": 0.002770083102493075, "will": 0.002770083102493075, "অ্যাকাউন্টে": 0.002770083102493075, "আসবে": 0.002770083102493075, "উইথড্র": 0.002770083102493075, "একটি": 0.002770083102493075, "একাউন্ত": 0.002770083102493075, "একাউন্তের": 0.002770083102493075, "করবো": 0.002770083102493075, "করা": 0.002770083102493075, "করার": 0.002770083102493075, "কিউ-ক্যাশ": 0.002770083102493075, "কীভাবে": 0.002770083102493075, "চাই": 0.002770083102493075, "টাকা": 0.002770083102493075, "পদ্ধতি": 0.002770083102493075, "পারসোনাল": 0.002770083102493075, "পেমেন্টের": 0.002770083102493075, "বলেন": 0.002770083102493075, "মাধ্যমে": 0.002770083102493075, "যায়": 0.002770083102493075, "যেই": 0.002770083102493075, "রিতেল": 0.002770083102493075, "রীতেইল": 0.002770083102493075, "রয়েছে": 0.002770083102493075, "সেই": 0.002770083102493075}