{"agent": 0.07530120481927711, "এজেন্ট": 0.0572289156626506, "প্রিয়": 0.042168674698795185, "number": 0.03614457831325301, "priyo": 0.03614457831325301, "নাম্বার": 0.030120481927710843, "কি": 0.024096385542168672, "how": 0.021084337349397592, "bad": 0.018072289156626505, "delete": 0.015060240963855422, "of": 0.015060240963855422, "আমার": 0.015060240963855422, "বাদ": 0.015060240963855422, "ami": 0.012048192771084336, "can": 0.012048192771084336, "i": 0.012048192771084336, "ki": 0.012048192771084336, "prio": 0.012048192771084336, "to": 0.012048192771084336, "আমি": 0.012048192771084336, "কিভাবে": 0.012048192771084336, "dite": 0.009036144578313253, "jai": 0.009036144578313253, "je": 0.009036144578313253, "kamne": 0.009036144578313253, "kata": 0.009036144578313253, "kivabe": 0.009036144578313253, "prioyo": 0.009036144578313253, "process": 0.009036144578313253, "the": 0.009036144578313253, "কাটার": 0.009036144578313253, "কেমনে": 0.009036144578313253, "দিব": 0.009036144578313253, "নামবার": 0.009036144578313253, "dibo": 0.006024096385542168, "korar": 0.006024096385542168, "parbo": 0.006024096385542168, "pochonder": 0.006024096385542168, "remove": 0.006024096385542168, "tell": 0.006024096385542168, "আচ্ছা": 0.006024096385542168, "আছে": 0.006024096385542168, "করবো": 0.006024096385542168, "করা": 0.006024096385542168, "করে": 0.006024096385542168, "থেকে": 0.006024096385542168, "নিয়ম": 0.006024096385542168, "পরিবর্তন": 0.006024096385542168, "প্রিয়": 0.006024096385542168, "যায়": 0.006024096385542168, "যোগ": 0.006024096385542168, "সিস্তেম": 0.006024096385542168, "accha": 0.003012048192771084, "account": 0.003012048192771084, "amar": 0.003012048192771084, "app": 0.003012048192771084, "bkash": 0.003012048192771084, "bolen": 0.003012048192771084, "chai": 0.003012048192771084, "change": 0.003012048192771084, "dei": 0.003012048192771084, "delate": 0.003012048192771084, "deleting": 0.003012048192771084, "delt": 0.003012048192771084, "dilit": 0.003012048192771084, "diye": 0.003012048192771084, "dlete": 0.003012048192771084, "do": 0.003012048192771084, "e": 0.003012048192771084, "from": 0.003012048192771084, "i'd": 0.003012048192771084, "in": 0.003012048192771084, "information": 0.003012048192771084, "it": 0.003012048192771084, "jabe": 0.003012048192771084, "korechi": 0.003012048192771084, "like": 0.003012048192771084, "me": 0.003012048192771084, "niyom": 0.003012048192771084, "nmbr": 0.003012048192771084, "numbar": 0.003012048192771084, "oita": 0.003012048192771084, "oota": 0.003012048192771084, "ota": 0.003012048192771084, "please": 0.003012048192771084, "posonder": 0.003012048192771084, "provide": 0.003012048192771084, "pryo": 0.003012048192771084, "rakhsi": 0.003012048192771084, "set": 0.003012048192771084, "seti": 0.003012048192771084, "sorano": 0.003012048192771084, "theke": 0.003012048192771084, "অটা": 0.003012048192771084, "অন্য": 0.003012048192771084, "অপশন": 0.003012048192771084, "আপনাদের": 0.003012048192771084, "আমাকে": 0.003012048192771084, "আর": 0.003012048192771084, "আসলে": 0.003012048192771084, "এ": 0.003012048192771084, "একটি": 0.003012048192771084, "এখন": 0.003012048192771084, "এতা": 0.003012048192771084, "কটার": 0.003012048192771084, "করব": 0.003012048192771084, "করেছি": 0.003012048192771084, "কাটব": 0.003012048192771084, "কাতব": 0.003012048192771084, "কাতার": 0.003012048192771084, "কিবাবে": 0.003012048192771084, "কেমন": 0.003012048192771084, "গেছে": 0.003012048192771084, "চাই": 0.003012048192771084, "ট": 0.003012048192771084, "টা": 0.003012048192771084, "ডিলিট": 0.003012048192771084, "ডিলিটের": 0.003012048192771084, "তেকে": 0.003012048192771084, "দিতে": 0.003012048192771084, "দেওয়া": 0.003012048192771084, "দেন": 0.003012048192771084, "দেয়": 0.003012048192771084, "নামাবর": 0.003012048192771084, "নাম্বারকে": 0.003012048192771084, "নাম্বারটা": 0.003012048192771084, "নাম্বারটি": 0.003012048192771084, "নিউ": 0.003012048192771084, "ন্মম্বার": 0.003012048192771084, "প্রসেস": 0.003012048192771084, "প্রিও": 0.003012048192771084, "প্রয়োজনে": 0.003012048192771084, "ফেলা": 0.003012048192771084, "ফেলে": 0.003012048192771084, "বলুন": 0.003012048192771084, "ভাবে": 0.003012048192771084, "ভুলে": 0.003012048192771084, "রাখবনা": 0.003012048192771084, "শিখাই": 0.003012048192771084, "সরাই": 0.003012048192771084, "সিস্টেম": 0.003012048192771084, "সেটি": 0.003012048192771084, "স্যার": 0.003012048192771084, "হয়ে": 0.003012048192771084}