{"limit": 0.038054968287526435, "money": 0.03171247357293869, "send": 0.03171247357293869, "priyo": 0.029598308668076116, "প্রিয়": 0.027484143763213533, "টাকা": 0.023255813953488375, "সেন্ড": 0.023255813953488375, "check": 0.021141649048625793, "কত": 0.021141649048625793, "মানি": 0.021141649048625793, "e": 0.019027484143763217, "লিমিট": 0.019027484143763217, "free": 0.016913319238900635, "number": 0.016913319238900635, "আমি": 0.016913319238900635, "কি": 0.016913319238900635, "of": 0.014799154334038058, "নাম্বারে": 0.014799154334038058, "ফ্রি": 0.014799154334038058, "লেনদেন": 0.014799154334038058, "koto": 0.012684989429175477, "er": 0.010570824524312896, "me": 0.010570824524312896, "amar": 0.008456659619450317, "how": 0.008456659619450317, "ki": 0.008456659619450317, "lenden": 0.008456659619450317, "please": 0.008456659619450317, "the": 0.008456659619450317, "আমার": 0.008456659619450317, "এই": 0.008456659619450317, "কই": 0.008456659619450317, "মাসে": 0.008456659619450317, "যে": 0.008456659619450317, "jai": 0.0063424947145877385, "mot": 0.0063424947145877385, "my": 0.0063424947145877385, "personal": 0.0063424947145877385, "poriman": 0.0063424947145877385, "prio": 0.0063424947145877385, "process": 0.0063424947145877385, "to": 0.0063424947145877385, "আছে": 0.0063424947145877385, "এর": 0.0063424947145877385, "করার": 0.0063424947145877385, "কিভাবে": 0.0063424947145877385, "চেক": 0.0063424947145877385, "থেকে": 0.0063424947145877385, "পাথাইছি": 0.0063424947145877385, "পারব": 0.0063424947145877385, "যায়": 0.0063424947145877385, "ache": 0.004228329809725159, "ame": 0.004228329809725159, "ami": 0.004228329809725159, "app": 0.004228329809725159, "bkash": 0.004228329809725159, "can": 0.004228329809725159, "ei": 0.004228329809725159, "from": 0.004228329809725159, "i": 0.004228329809725159, "it": 0.004228329809725159, "je": 0.004228329809725159, "koi": 0.004228329809725159, "korar": 0.004228329809725159, "monthly": 0.004228329809725159, "pabo": 0.004228329809725159, "provide": 0.004228329809725159, "taka": 0.004228329809725159, "tell": 0.004228329809725159, "transaction": 0.004228329809725159, "আর": 0.004228329809725159, "করতে": 0.004228329809725159, "কোন": 0.004228329809725159, "জানতে": 0.004228329809725159, "জানব": 0.004228329809725159, "দেখতে": 0.004228329809725159, "নাম্ব্রে": 0.004228329809725159, "পাব": 0.004228329809725159, "পারি": 0.004228329809725159, "aar": 0.0021141649048625794, "accha": 0.0021141649048625794, "amake": 0.0021141649048625794, "apnader": 0.0021141649048625794, "ar": 0.0021141649048625794, "ashtace": 0.0021141649048625794, "be": 0.0021141649048625794, "bolte": 0.0021141649048625794, "bujha": 0.0021141649048625794, "chai": 0.0021141649048625794, "checking": 0.0021141649048625794, "dekha": 0.0021141649048625794, "dekhbo": 0.0021141649048625794, "die": 0.0021141649048625794, "eita": 0.0021141649048625794, "ektu": 0.0021141649048625794, "for": 0.0021141649048625794, "helpful": 0.0021141649048625794, "hoisa": 0.0021141649048625794, "hoise": 0.0021141649048625794, "if": 0.0021141649048625794, "is": 0.0021141649048625794, "janbo": 0.0021141649048625794, "jante": 0.0021141649048625794, "kirokom": 0.0021141649048625794, "kivabe": 0.0021141649048625794, "know": 0.0021141649048625794, "kora": 0.0021141649048625794, "kore": 0.0021141649048625794, "korer": 0.0021141649048625794, "korte": 0.0021141649048625794, "left": 0.0021141649048625794, "mase": 0.0021141649048625794, "mash": 0.0021141649048625794, "month": 0.0021141649048625794, "nambarer": 0.0021141649048625794, "nmuber": 0.0021141649048625794, "no": 0.0021141649048625794, "oita": 0.0021141649048625794, "ota": 0.0021141649048625794, "parbo": 0.0021141649048625794, "paren": 0.0021141649048625794, "pathaise": 0.0021141649048625794, "pathanor": 0.0021141649048625794, "possible": 0.0021141649048625794, "procedire": 0.0021141649048625794, "procedure": 0.0021141649048625794, "sent": 0.0021141649048625794, "system": 0.0021141649048625794, "ta": 0.0021141649048625794, "taaka": 0.0021141649048625794, "te": 0.0021141649048625794, "theke": 0.0021141649048625794, "tk": 0.0021141649048625794, "tottho": 0.0021141649048625794, "transfer": 0.0021141649048625794, "will": 0.0021141649048625794, "you": 0.0021141649048625794, "অপশন": 0.0021141649048625794, "আমাকে": 0.0021141649048625794, "উপায়": 0.0021141649048625794, "একজনকে": 0.0021141649048625794, "একটু": 0.0021141649048625794, "এটা": 0.0021141649048625794, "করছি": 0.0021141649048625794, "করব": 0.0021141649048625794, "করা": 0.0021141649048625794, "করেছি": 0.0021141649048625794, "কেমনে": 0.0021141649048625794, "কোথায়": 0.0021141649048625794, "চাই": 0.0021141649048625794, "জানার": 0.0021141649048625794, "তা": 0.0021141649048625794, "তে": 0.0021141649048625794, "তেকে": 0.0021141649048625794, "থাকে": 0.0021141649048625794, "দেক্ষব": 0.0021141649048625794, "দেখা": 0.0021141649048625794, "দেখে": 0.0021141649048625794, "নাম্বারের": 0.0021141649048625794, "নাম্ব্রের": 0.0021141649048625794, "নিব": 0.0021141649048625794, "নিয়ম": 0.0021141649048625794, "পছন্দের": 0.0021141649048625794, "পাওয়া": 0.0021141649048625794, "পাঠাইছি": 0.0021141649048625794, "পাঠাচ্ছি": 0.0021141649048625794, "পার্সোনাল": 0.0021141649048625794, "বলবেন": 0.0021141649048625794, "বিকাশ": 0.0021141649048625794, "বিবরণী": 0.0021141649048625794, "মট": 0.0021141649048625794, "মানির": 0.0021141649048625794, "মাসের": 0.0021141649048625794, "লিমট": 0.0021141649048625794, "লিমিত": 0.0021141649048625794, "সম্ভব": 0.0021141649048625794, "হচ্ছে": 0.0021141649048625794, "হল": 0.0021141649048625794, "হিসেব": 0.0021141649048625794, "হয়": 0.0021141649048625794}