{"send": 0.054878048780487805, "money": 0.05182926829268293, "প্রিয়": 0.04573170731707317, "number": 0.042682926829268296, "সেন্ড": 0.042682926829268296, "মানি": 0.036585365853658534, "priyo": 0.03353658536585366, "নাম্বার": 0.03353658536585366, "delete": 0.021341463414634148, "how": 0.018292682926829267, "কি": 0.018292682926829267, "kivabe": 0.01524390243902439, "কেমনে": 0.01524390243902439, "of": 0.012195121951219513, "to": 0.012195121951219513, "আমার": 0.012195121951219513, "বাদ": 0.012195121951219513, "bad": 0.009146341463414634, "jai": 0.009146341463414634, "kata": 0.009146341463414634, "ki": 0.009146341463414634, "prio": 0.009146341463414634, "process": 0.009146341463414634, "tell": 0.009146341463414634, "আছে": 0.009146341463414634, "কাটার": 0.009146341463414634, "চাই": 0.009146341463414634, "থেকে": 0.009146341463414634, "দিতে": 0.009146341463414634, "নামবার": 0.009146341463414634, "ami": 0.006097560975609756, "can": 0.006097560975609756, "i": 0.006097560975609756, "je": 0.006097560975609756, "kamne": 0.006097560975609756, "mani": 0.006097560975609756, "me": 0.006097560975609756, "niyom": 0.006097560975609756, "nmbr": 0.006097560975609756, "oita": 0.006097560975609756, "please": 0.006097560975609756, "pochonder": 0.006097560975609756, "prioyo": 0.006097560975609756, "sand": 0.006097560975609756, "ta": 0.006097560975609756, "theke": 0.006097560975609756, "অটা": 0.006097560975609756, "আমি": 0.006097560975609756, "করা": 0.006097560975609756, "করে": 0.006097560975609756, "কাটব": 0.006097560975609756, "দিব": 0.006097560975609756, "নিয়ম": 0.006097560975609756, "মানিতে": 0.006097560975609756, "যোগ": 0.006097560975609756, "সিস্তেম": 0.006097560975609756, "about": 0.003048780487804878, "added": 0.003048780487804878, "amar": 0.003048780487804878, "bat": 0.003048780487804878, "bolen": 0.003048780487804878, "bolun": 0.003048780487804878, "chai": 0.003048780487804878, "dawar": 0.003048780487804878, "delate": 0.003048780487804878, "deleting": 0.003048780487804878, "deya": 0.003048780487804878, "dibo": 0.003048780487804878, "dilit": 0.003048780487804878, "dite": 0.003048780487804878, "diye": 0.003048780487804878, "dlete": 0.003048780487804878, "ekta": 0.003048780487804878, "ekti": 0.003048780487804878, "ektu": 0.003048780487804878, "far": 0.003048780487804878, "fav": 0.003048780487804878, "favorat": 0.003048780487804878, "favorite": 0.003048780487804878, "information": 0.003048780487804878, "jabe": 0.003048780487804878, "korar": 0.003048780487804878, "korbo": 0.003048780487804878, "mony": 0.003048780487804878, "nambar": 0.003048780487804878, "numbar": 0.003048780487804878, "ota": 0.003048780487804878, "personal": 0.003048780487804878, "posonder": 0.003048780487804878, "provide": 0.003048780487804878, "pryo": 0.003048780487804878, "rakhsi": 0.003048780487804878, "remove": 0.003048780487804878, "so": 0.003048780487804878, "sorabo": 0.003048780487804878, "sorai": 0.003048780487804878, "sorano": 0.003048780487804878, "te": 0.003048780487804878, "teke": 0.003048780487804878, "অপশন": 0.003048780487804878, "আচ্ছা": 0.003048780487804878, "আপনাদের": 0.003048780487804878, "আমাকে": 0.003048780487804878, "আর": 0.003048780487804878, "আসলে": 0.003048780487804878, "ইউ": 0.003048780487804878, "এতা": 0.003048780487804878, "এস": 0.003048780487804878, "কটার": 0.003048780487804878, "কাতব": 0.003048780487804878, "কাতার": 0.003048780487804878, "কিভাবে": 0.003048780487804878, "কেমন": 0.003048780487804878, "ট": 0.003048780487804878, "টা": 0.003048780487804878, "ডি": 0.003048780487804878, "ডিলিটের": 0.003048780487804878, "তেকে": 0.003048780487804878, "দিলেত": 0.003048780487804878, "দেন": 0.003048780487804878, "নামাবর": 0.003048780487804878, "ন্মম্বার": 0.003048780487804878, "পছন্দের": 0.003048780487804878, "প্রসেস": 0.003048780487804878, "প্রিও": 0.003048780487804878, "প্রয়োজনে": 0.003048780487804878, "ফেলা": 0.003048780487804878, "ফেলে": 0.003048780487804878, "বদলানো": 0.003048780487804878, "বলুন": 0.003048780487804878, "মোবাইল": 0.003048780487804878, "যায়": 0.003048780487804878, "রাখবনা": 0.003048780487804878, "শিখাই": 0.003048780487804878, "সরাই": 0.003048780487804878, "সিস্টেম": 0.003048780487804878}