{"number": 0.06204379562043796, "priyo": 0.04744525547445255, "send": 0.032846715328467155, "add": 0.029197080291970802, "i": 0.025547445255474453, "money": 0.025547445255474453, "personal": 0.025547445255474453, "মানি": 0.025547445255474453, "সেন্ড": 0.025547445255474453, "bkash": 0.0218978102189781, "can": 0.0218978102189781, "set": 0.0218978102189781, "কিভাবে": 0.0218978102189781, "প্রিয়": 0.0218978102189781, "how": 0.01824817518248175, "kivabe": 0.01824817518248175, "persoanl": 0.01824817518248175, "prio": 0.014598540145985401, "করতে": 0.014598540145985401, "করবো": 0.014598540145985401, "নম্বর": 0.014598540145985401, "a": 0.01094890510948905, "korbo": 0.01094890510948905, "kore": 0.01094890510948905, "অ্যাড": 0.01094890510948905, "নাম্বার": 0.01094890510948905, "247": 0.0072992700729927005, "account": 0.0072992700729927005, "as": 0.0072992700729927005, "e": 0.0072992700729927005, "jai": 0.0072992700729927005, "jave": 0.0072992700729927005, "korte": 0.0072992700729927005, "namvar": 0.0072992700729927005, "to": 0.0072992700729927005, "আমি": 0.0072992700729927005, "এড": 0.0072992700729927005, "কেন": 0.0072992700729927005, "না": 0.0072992700729927005, "পারবো": 0.0072992700729927005, "প্রিয়": 0.0072992700729927005, "ad": 0.0036496350364963502, "ager": 0.0036496350364963502, "amar": 0.0036496350364963502, "ami": 0.0036496350364963502, "app": 0.0036496350364963502, "ar": 0.0036496350364963502, "assa": 0.0036496350364963502, "batil": 0.0036496350364963502, "bikash": 0.0036496350364963502, "bolben": 0.0036496350364963502, "by": 0.0036496350364963502, "dial": 0.0036496350364963502, "er": 0.0036496350364963502, "fav": 0.0036496350364963502, "favorite": 0.0036496350364963502, "free": 0.0036496350364963502, "from": 0.0036496350364963502, "golo": 0.0036496350364963502, "hisab": 0.0036496350364963502, "hocce": 0.0036496350364963502, "in": 0.0036496350364963502, "jaiga": 0.0036496350364963502, "janaben": 0.0036496350364963502, "jog": 0.0036496350364963502, "kase": 0.0036496350364963502, "ki": 0.0036496350364963502, "koijon": 0.0036496350364963502, "koita": 0.0036496350364963502, "kon": 0.0036496350364963502, "kora": 0.0036496350364963502, "korar": 0.0036496350364963502, "kpra": 0.0036496350364963502, "kra": 0.0036496350364963502, "madhome": 0.0036496350364963502, "mani": 0.0036496350364963502, "manus": 0.0036496350364963502, "many": 0.0036496350364963502, "mase": 0.0036496350364963502, "my": 0.0036496350364963502, "na": 0.0036496350364963502, "naki": 0.0036496350364963502, "niyom": 0.0036496350364963502, "no": 0.0036496350364963502, "numbers": 0.0036496350364963502, "of": 0.0036496350364963502, "parbo": 0.0036496350364963502, "pari": 0.0036496350364963502, "pawa": 0.0036496350364963502, "poti": 0.0036496350364963502, "process": 0.0036496350364963502, "ta": 0.0036496350364963502, "tarik": 0.0036496350364963502, "the": 0.0036496350364963502, "theke": 0.0036496350364963502, "want": 0.0036496350364963502, "what's": 0.0036496350364963502, "অ্যাপের": 0.0036496350364963502, "আছে": 0.0036496350364963502, "আরো": 0.0036496350364963502, "এ": 0.0036496350364963502, "এই": 0.0036496350364963502, "এ্যপে": 0.0036496350364963502, "করব": 0.0036496350364963502, "করা": 0.0036496350364963502, "করার": 0.0036496350364963502, "করে": 0.0036496350364963502, "কেমনে": 0.0036496350364963502, "কয়টি": 0.0036496350364963502, "চাচ্ছি": 0.0036496350364963502, "জন্য": 0.0036496350364963502, "টা": 0.0036496350364963502, "টি": 0.0036496350364963502, "ডায়াল": 0.0036496350364963502, "পারছি": 0.0036496350364963502, "পার্সোনাল": 0.0036496350364963502, "ফ্রি": 0.0036496350364963502, "ফ্রিতে": 0.0036496350364963502, "বিকাশ": 0.0036496350364963502, "মাধ্যমে": 0.0036496350364963502, "যায়": 0.0036496350364963502, "যোগ": 0.0036496350364963502, "সর্বোচ্চ": 0.0036496350364963502, "সেট": 0.0036496350364963502, "সেফ": 0.0036496350364963502, "হচ্ছে": 0.0036496350364963502, "২৪৭": 0.0036496350364963502}