{"number": 0.04564315352697096, "নাম্বার": 0.04564315352697096, "priyo": 0.03319502074688797, "personal": 0.03112033195020747, "করতে": 0.029045643153526975, "add": 0.024896265560165977, "i": 0.024896265560165977, "পার্সোনাল": 0.024896265560165977, "না": 0.02282157676348548, "প্রিয়": 0.02074688796680498, "প্রিয়": 0.018672199170124484, "set": 0.016597510373443983, "again": 0.012448132780082988, "korte": 0.012448132780082988, "করা": 0.012448132780082988, "can": 0.01037344398340249, "in": 0.01037344398340249, "month": 0.01037344398340249, "this": 0.01037344398340249, "অ্যাড": 0.01037344398340249, "আমার": 0.01037344398340249, "পুনরায়": 0.01037344398340249, "বাদ": 0.01037344398340249, "যোগ": 0.01037344398340249, "সেন্ড": 0.01037344398340249, "abar": 0.008298755186721992, "bad": 0.008298755186721992, "favourite": 0.008298755186721992, "money": 0.008298755186721992, "send": 0.008298755186721992, "আমি": 0.008298755186721992, "কিন্তু": 0.008298755186721992, "মানি": 0.008298755186721992, "সেট": 0.008298755186721992, "a": 0.006224066390041494, "ami": 0.006224066390041494, "delete": 0.006224066390041494, "hocche": 0.006224066390041494, "it": 0.006224066390041494, "kora": 0.006224066390041494, "korbo": 0.006224066390041494, "shomossha": 0.006224066390041494, "the": 0.006224066390041494, "আছে": 0.006224066390041494, "কি": 0.006224066390041494, "পারতেছি": 0.006224066390041494, "বিকাশে": 0.006224066390041494, "সমস্যা": 0.006224066390041494, "হয়": 0.006224066390041494, "bkash": 0.004149377593360996, "can't": 0.004149377593360996, "deleted": 0.004149377593360996, "dile": 0.004149377593360996, "ekti": 0.004149377593360996, "fav": 0.004149377593360996, "have": 0.004149377593360996, "if": 0.004149377593360996, "is": 0.004149377593360996, "ken": 0.004149377593360996, "kintu": 0.004149377593360996, "kivabe": 0.004149377593360996, "korsilam": 0.004149377593360996, "my": 0.004149377593360996, "na": 0.004149377593360996, "parbo": 0.004149377593360996, "partesina": 0.004149377593360996, "pore": 0.004149377593360996, "possible": 0.004149377593360996, "previous": 0.004149377593360996, "removed": 0.004149377593360996, "to": 0.004149377593360996, "why": 0.004149377593360996, "আবার": 0.004149377593360996, "আর": 0.004149377593360996, "একটা": 0.004149377593360996, "এখন": 0.004149377593360996, "এড": 0.004149377593360996, "করব": 0.004149377593360996, "কেন": 0.004149377593360996, "চারটা": 0.004149377593360996, "দিলে": 0.004149377593360996, "দেয়ার": 0.004149377593360996, "পর": 0.004149377593360996, "পাঁচটা": 0.004149377593360996, "পারছি": 0.004149377593360996, "পারতেসিনা": 0.004149377593360996, "মাসে": 0.004149377593360996, "হচ্ছে": 0.004149377593360996, "able": 0.002074688796680498, "ad": 0.002074688796680498, "added": 0.002074688796680498, "amr": 0.002074688796680498, "and": 0.002074688796680498, "anyway": 0.002074688796680498, "apu": 0.002074688796680498, "ar": 0.002074688796680498, "as": 0.002074688796680498, "ay": 0.002074688796680498, "batil": 0.002074688796680498, "but": 0.002074688796680498, "caichi": 0.002074688796680498, "calender": 0.002074688796680498, "cannt": 0.002074688796680498, "change": 0.002074688796680498, "check": 0.002074688796680498, "dite": 0.002074688796680498, "diye": 0.002074688796680498, "ekbar": 0.002074688796680498, "ekhn": 0.002074688796680498, "giye": 0.002074688796680498, "gulu": 0.002074688796680498, "had": 0.002074688796680498, "hocce": 0.002074688796680498, "hoyna": 0.002074688796680498, "jay": 0.002074688796680498, "jayna": 0.002074688796680498, "jekono": 0.002074688796680498, "ki": 0.002074688796680498, "kivaben": 0.002074688796680498, "korb": 0.002074688796680498, "nam": 0.002074688796680498, "no": 0.002074688796680498, "now": 0.002074688796680498, "numnber": 0.002074688796680498, "one": 0.002074688796680498, "please": 0.002074688796680498, "prio": 0.002074688796680498, "problem": 0.002074688796680498, "remove": 0.002074688796680498, "reset": 0.002074688796680498, "single": 0.002074688796680498, "solve": 0.002074688796680498, "theke": 0.002074688796680498, "there": 0.002074688796680498, "ti": 0.002074688796680498, "what": 0.002074688796680498, "অলরেডি": 0.002074688796680498, "আরেকটা": 0.002074688796680498, "আরো": 0.002074688796680498, "এ": 0.002074688796680498, "এই": 0.002074688796680498, "একটাও": 0.002074688796680498, "একটি": 0.002074688796680498, "একটু": 0.002074688796680498, "একবার": 0.002074688796680498, "এটা": 0.002074688796680498, "ঐ": 0.002074688796680498, "ওই": 0.002074688796680498, "ওরা": 0.002074688796680498, "করছি": 0.002074688796680498, "কিভাবে": 0.002074688796680498, "গেলে": 0.002074688796680498, "চাইতেছি": 0.002074688796680498, "চারটার": 0.002074688796680498, "জন্য": 0.002074688796680498, "থেকে": 0.002074688796680498, "দিসিলাম": 0.002074688796680498, "দেখেন": 0.002074688796680498, "নম্বর": 0.002074688796680498, "নাম্বারটি": 0.002074688796680498, "পারব": 0.002074688796680498, "পারি": 0.002074688796680498, "পারো": 0.002074688796680498, "প্রতি": 0.002074688796680498, "প্রবলেম": 0.002074688796680498, "বর্তমানে": 0.002074688796680498, "বলে": 0.002074688796680498, "বিষয়টা": 0.002074688796680498, "মধ্যে": 0.002074688796680498, "মনির": 0.002074688796680498, "যাচ্ছেনা": 0.002074688796680498, "যাবে": 0.002074688796680498, "যায়": 0.002074688796680498, "যায়না": 0.002074688796680498, "রিমুভ": 0.002074688796680498, "সমাধান": 0.002074688796680498, "হইতেছে": 0.002074688796680498, "হয়ে": 0.002074688796680498, "হিসাবে": 0.002074688796680498, "হিসেবে": 0.002074688796680498}