{"agent": 0.06191950464396285, "set": 0.058823529411764705, "priyo": 0.04953560371517028, "number": 0.043343653250773995, "প্রিয়": 0.030959752321981424, "সেট": 0.030959752321981424, "korte": 0.027863777089783284, "এজেন্ট": 0.027863777089783284, "i": 0.021671826625386997, "kano": 0.021671826625386997, "problem": 0.021671826625386997, "করতে": 0.021671826625386997, "আমি": 0.018575851393188854, "prio": 0.015479876160990712, "ame": 0.01238390092879257, "why": 0.01238390092879257, "কি": 0.01238390092879257, "কেন": 0.01238390092879257, "না": 0.01238390092879257, "নাম্বার": 0.01238390092879257, "can": 0.009287925696594427, "help": 0.009287925696594427, "hoina": 0.009287925696594427, "not": 0.009287925696594427, "parchina": 0.009287925696594427, "আমার": 0.009287925696594427, "একটা": 0.009287925696594427, "কিন্তু": 0.009287925696594427, "সমস্যা": 0.009287925696594427, "হচ্ছে": 0.009287925696594427, "a": 0.006191950464396285, "add": 0.006191950464396285, "am": 0.006191950464396285, "amar": 0.006191950464396285, "er": 0.006191950464396285, "facing": 0.006191950464396285, "je": 0.006191950464396285, "ki": 0.006191950464396285, "kno": 0.006191950464396285, "kora": 0.006191950464396285, "mothe": 0.006191950464396285, "na": 0.006191950464396285, "num": 0.006191950464396285, "parina": 0.006191950464396285, "to": 0.006191950464396285, "এড": 0.006191950464396285, "নামাবর": 0.006191950464396285, "নাম্ব্রার": 0.006191950464396285, "নিতে": 0.006191950464396285, "পারবনা": 0.006191950464396285, "পারিনা": 0.006191950464396285, "agant": 0.0030959752321981426, "agnt": 0.0030959752321981426, "amake": 0.0030959752321981426, "amat": 0.0030959752321981426, "ami": 0.0030959752321981426, "amon": 0.0030959752321981426, "asole": 0.0030959752321981426, "but": 0.0030959752321981426, "cash": 0.0030959752321981426, "dara": 0.0030959752321981426, "dekhen": 0.0030959752321981426, "drkr": 0.0030959752321981426, "egent": 0.0030959752321981426, "ei": 0.0030959752321981426, "ekti": 0.0030959752321981426, "ektu": 0.0030959752321981426, "gale": 0.0030959752321981426, "hisebe": 0.0030959752321981426, "hocce": 0.0030959752321981426, "hocceh": 0.0030959752321981426, "hocche": 0.0030959752321981426, "hosana": 0.0030959752321981426, "jai": 0.0030959752321981426, "janina": 0.0030959752321981426, "khub": 0.0030959752321981426, "kintu": 0.0030959752321981426, "konovabei": 0.0030959752321981426, "korata": 0.0030959752321981426, "korben": 0.0030959752321981426, "korren": 0.0030959752321981426, "my": 0.0030959752321981426, "naki": 0.0030959752321981426, "never": 0.0030959752321981426, "out": 0.0030959752321981426, "parci": 0.0030959752321981426, "parinaa": 0.0030959752321981426, "phone": 0.0030959752321981426, "please": 0.0030959752321981426, "prioy": 0.0030959752321981426, "prioyo": 0.0030959752321981426, "setting": 0.0030959752321981426, "setup": 0.0030959752321981426, "sohaoyta": 0.0030959752321981426, "somossa": 0.0030959752321981426, "ti": 0.0030959752321981426, "want": 0.0030959752321981426, "when": 0.0030959752321981426, "অন্য": 0.0030959752321981426, "অ্যাপে": 0.0030959752321981426, "আউটের": 0.0030959752321981426, "আর": 0.0030959752321981426, "আরও": 0.0030959752321981426, "একটু": 0.0030959752321981426, "এজেন্ত": 0.0030959752321981426, "এডিট": 0.0030959752321981426, "এনেজত": 0.0030959752321981426, "করছি": 0.0030959752321981426, "করতেই": 0.0030959752321981426, "করা": 0.0030959752321981426, "করার": 0.0030959752321981426, "করে": 0.0030959752321981426, "কহনই": 0.0030959752321981426, "কোন": 0.0030959752321981426, "ক্যাশ": 0.0030959752321981426, "চাই": 0.0030959752321981426, "চাচ্ছি": 0.0030959752321981426, "জন্য": 0.0030959752321981426, "জেন": 0.0030959752321981426, "দখেন": 0.0030959752321981426, "নম্বর": 0.0030959752321981426, "নাম্বারের": 0.0030959752321981426, "পর": 0.0030959752321981426, "পারছিনা": 0.0030959752321981426, "পারলাম": 0.0030959752321981426, "প্রইও": 0.0030959752321981426, "ভাবেই": 0.0030959752321981426, "যায়": 0.0030959752321981426, "রিমুভ": 0.0030959752321981426, "সেবাটি": 0.0030959752321981426, "হচ্ছেনা": 0.0030959752321981426, "হয়": 0.0030959752321981426}