{"প্রিয়": 0.034907597535934295, "agent": 0.03285420944558522, "limit": 0.03285420944558522, "priyo": 0.030800821355236138, "আউট": 0.02669404517453799, "ক্যাশ": 0.02669404517453799, "এজেন্ট": 0.022587268993839837, "কত": 0.022587268993839837, "check": 0.02053388090349076, "টাকা": 0.02053388090349076, "আমি": 0.018480492813141687, "লিমিট": 0.018480492813141687, "cash": 0.01642710472279261, "out": 0.01642710472279261, "কি": 0.01642710472279261, "নাম্বারে": 0.01642710472279261, "of": 0.014373716632443533, "লেনদেন": 0.014373716632443533, "e": 0.012320328542094456, "number": 0.012320328542094456, "me": 0.01026694045174538, "আমার": 0.01026694045174538, "er": 0.008213552361396304, "how": 0.008213552361396304, "ki": 0.008213552361396304, "koto": 0.008213552361396304, "lenden": 0.008213552361396304, "please": 0.008213552361396304, "the": 0.008213552361396304, "আছে": 0.008213552361396304, "এই": 0.008213552361396304, "কই": 0.008213552361396304, "কম": 0.008213552361396304, "করছি": 0.008213552361396304, "করেছি": 0.008213552361396304, "খরচে": 0.008213552361396304, "পারব": 0.008213552361396304, "মাসে": 0.008213552361396304, "যে": 0.008213552361396304, "amar": 0.006160164271047228, "jai": 0.006160164271047228, "mot": 0.006160164271047228, "my": 0.006160164271047228, "prio": 0.006160164271047228, "process": 0.006160164271047228, "to": 0.006160164271047228, "transaction": 0.006160164271047228, "এজেন্টে": 0.006160164271047228, "এর": 0.006160164271047228, "করতে": 0.006160164271047228, "করার": 0.006160164271047228, "কিভাবে": 0.006160164271047228, "চেক": 0.006160164271047228, "জানতে": 0.006160164271047228, "থেকে": 0.006160164271047228, "নাম্ব্রে": 0.006160164271047228, "যায়": 0.006160164271047228, "ache": 0.004106776180698152, "amake": 0.004106776180698152, "ame": 0.004106776180698152, "ami": 0.004106776180698152, "can": 0.004106776180698152, "ei": 0.004106776180698152, "from": 0.004106776180698152, "i": 0.004106776180698152, "it": 0.004106776180698152, "je": 0.004106776180698152, "koi": 0.004106776180698152, "korar": 0.004106776180698152, "pabo": 0.004106776180698152, "poriman": 0.004106776180698152, "provide": 0.004106776180698152, "sir": 0.004106776180698152, "taka": 0.004106776180698152, "tell": 0.004106776180698152, "আমাকে": 0.004106776180698152, "আর": 0.004106776180698152, "একটি": 0.004106776180698152, "কোন": 0.004106776180698152, "চাই": 0.004106776180698152, "জানব": 0.004106776180698152, "দেখতে": 0.004106776180698152, "দেখা": 0.004106776180698152, "নম্বরে": 0.004106776180698152, "নাম্বারের": 0.004106776180698152, "পাব": 0.004106776180698152, "পারি": 0.004106776180698152, "aar": 0.002053388090349076, "accha": 0.002053388090349076, "app": 0.002053388090349076, "ar": 0.002053388090349076, "be": 0.002053388090349076, "bkash": 0.002053388090349076, "bolen": 0.002053388090349076, "bolte": 0.002053388090349076, "bujha": 0.002053388090349076, "cashout": 0.002053388090349076, "chai": 0.002053388090349076, "checking": 0.002053388090349076, "dekha": 0.002053388090349076, "dekhbo": 0.002053388090349076, "eita": 0.002053388090349076, "ektu": 0.002053388090349076, "for": 0.002053388090349076, "helpful": 0.002053388090349076, "hoisa": 0.002053388090349076, "hoise": 0.002053388090349076, "if": 0.002053388090349076, "is": 0.002053388090349076, "janbo": 0.002053388090349076, "jante": 0.002053388090349076, "kirokom": 0.002053388090349076, "kivabe": 0.002053388090349076, "know": 0.002053388090349076, "kom": 0.002053388090349076, "kora": 0.002053388090349076, "kore": 0.002053388090349076, "korer": 0.002053388090349076, "korsi": 0.002053388090349076, "left": 0.002053388090349076, "mase": 0.002053388090349076, "mash": 0.002053388090349076, "monthly": 0.002053388090349076, "nambarer": 0.002053388090349076, "nmuber": 0.002053388090349076, "oita": 0.002053388090349076, "ota": 0.002053388090349076, "paren": 0.002053388090349076, "possible": 0.002053388090349076, "prioyo": 0.002053388090349076, "procedire": 0.002053388090349076, "procedure": 0.002053388090349076, "system": 0.002053388090349076, "ta": 0.002053388090349076, "taaka": 0.002053388090349076, "te": 0.002053388090349076, "theke": 0.002053388090349076, "tottho": 0.002053388090349076, "will": 0.002053388090349076, "you": 0.002053388090349076, "অপশন": 0.002053388090349076, "উপায়": 0.002053388090349076, "একটু": 0.002053388090349076, "এটা": 0.002053388090349076, "কক্রুন": 0.002053388090349076, "করব": 0.002053388090349076, "করা": 0.002053388090349076, "কেমনে": 0.002053388090349076, "কোথায়": 0.002053388090349076, "জানার": 0.002053388090349076, "তা": 0.002053388090349076, "তেকে": 0.002053388090349076, "থাকে": 0.002053388090349076, "দেক্ষব": 0.002053388090349076, "দেখে": 0.002053388090349076, "নাম্ব্রের": 0.002053388090349076, "নিব": 0.002053388090349076, "নিয়ম": 0.002053388090349076, "পছন্দের": 0.002053388090349076, "পাওয়া": 0.002053388090349076, "বলবেন": 0.002053388090349076, "বাকি": 0.002053388090349076, "বিকাশ": 0.002053388090349076, "বিবরণী": 0.002053388090349076, "মট": 0.002053388090349076, "মাসের": 0.002053388090349076, "যাবে": 0.002053388090349076, "লিমট": 0.002053388090349076, "লিমিত": 0.002053388090349076, "সম্ভব": 0.002053388090349076, "হচ্ছে": 0.002053388090349076, "হিসেব": 0.002053388090349076, "হেল্প": 0.002053388090349076, "হয়": 0.002053388090349076}