{"number": 0.06060606060606061, "agent": 0.04545454545454545, "set": 0.03333333333333333, "out": 0.030303030303030304, "cash": 0.027272727272727275, "আউট": 0.027272727272727275, "করতে": 0.027272727272727275, "ক্যাশ": 0.027272727272727275, "প্রিয়": 0.024242424242424242, "সেট": 0.024242424242424242, "করব": 0.021212121212121213, "নাম্বার": 0.021212121212121213, "fav": 0.01818181818181818, "how": 0.01818181818181818, "korbo": 0.01818181818181818, "চাই": 0.01818181818181818, "add": 0.015151515151515152, "can": 0.015151515151515152, "favourite": 0.015151515151515152, "kivabe": 0.015151515151515152, "my": 0.015151515151515152, "priyo": 0.015151515151515152, "কিভাবে": 0.015151515151515152, "i": 0.012121212121212121, "in": 0.012121212121212121, "jonno": 0.012121212121212121, "kora": 0.012121212121212121, "korar": 0.012121212121212121, "করার": 0.012121212121212121, "a": 0.00909090909090909, "bkash": 0.00909090909090909, "korte": 0.00909090909090909, "prio": 0.00909090909090909, "process": 0.00909090909090909, "to": 0.00909090909090909, "আমি": 0.00909090909090909, "এজেন্ট": 0.00909090909090909, "কি": 0.00909090909090909, "জন্য": 0.00909090909090909, "ami": 0.006060606060606061, "app": 0.006060606060606061, "chai": 0.006060606060606061, "e": 0.006060606060606061, "jante": 0.006060606060606061, "jay": 0.006060606060606061, "kmne": 0.006060606060606061, "kore": 0.006060606060606061, "করা": 0.006060606060606061, "থেকে": 0.006060606060606061, "নাম্বারে": 0.006060606060606061, "প্রিয়": 0.006060606060606061, "বিকাশ": 0.006060606060606061, "ad": 0.0030303030303030303, "agengt": 0.0030303030303030303, "amake": 0.0030303030303030303, "applicable": 0.0030303030303030303, "as": 0.0030303030303030303, "bar": 0.0030303030303030303, "but": 0.0030303030303030303, "cashout": 0.0030303030303030303, "charges": 0.0030303030303030303, "chasci": 0.0030303030303030303, "do": 0.0030303030303030303, "does": 0.0030303030303030303, "er": 0.0030303030303030303, "fabourite": 0.0030303030303030303, "favorite": 0.0030303030303030303, "favurate": 0.0030303030303030303, "for": 0.0030303030303030303, "have": 0.0030303030303030303, "hobe": 0.0030303030303030303, "is": 0.0030303030303030303, "janina": 0.0030303030303030303, "jnno": 0.0030303030303030303, "jonne": 0.0030303030303030303, "kash": 0.0030303030303030303, "ki": 0.0030303030303030303, "kibabe": 0.0030303030303030303, "koi": 0.0030303030303030303, "koroch": 0.0030303030303030303, "koyta": 0.0030303030303030303, "lagbe": 0.0030303030303030303, "low": 0.0030303030303030303, "mas": 0.0030303030303030303, "of": 0.0030303030303030303, "piyo": 0.0030303030303030303, "reply": 0.0030303030303030303, "seeking": 0.0030303030303030303, "select": 0.0030303030303030303, "somporke": 0.0030303030303030303, "somporkhe": 0.0030303030303030303, "that": 0.0030303030303030303, "the": 0.0030303030303030303, "tk": 0.0030303030303030303, "want": 0.0030303030303030303, "what": 0.0030303030303030303, "অ্যাপ": 0.0030303030303030303, "আগে": 0.0030303030303030303, "আমাকে": 0.0030303030303030303, "এ": 0.0030303030303030303, "একটি": 0.0030303030303030303, "এজেন্টে": 0.0030303030303030303, "ও": 0.0030303030303030303, "কম": 0.0030303030303030303, "করে": 0.0030303030303030303, "কায়": 0.0030303030303030303, "কে": 0.0030303030303030303, "কয়টি": 0.0030303030303030303, "খরচ": 0.0030303030303030303, "জানাবেন": 0.0030303030303030303, "জুগ": 0.0030303030303030303, "তালি": 0.0030303030303030303, "তাহলে": 0.0030303030303030303, "পার্সোনাল": 0.0030303030303030303, "যদি": 0.0030303030303030303, "যাতে": 0.0030303030303030303, "যায়": 0.0030303030303030303, "লাগবে": 0.0030303030303030303, "সিলেক্ট": 0.0030303030303030303, "হবে": 0.0030303030303030303, "হয়": 0.0030303030303030303}