{"টাকা": 0.038802660753880266, "করে": 0.03104212860310421, "recharge": 0.027716186252771616, "আমি": 0.025498891352549888, "number": 0.022172949002217293, "kore": 0.021064301552106427, "কি": 0.0188470066518847, "রিচার্জ": 0.0188470066518847, "করতে": 0.014412416851441241, "ফেলেছি": 0.014412416851441241, "ভুল": 0.014412416851441241, "e": 0.013303769401330375, "এখন": 0.013303769401330375, "ফেরত": 0.013303769401330375, "ভুলে": 0.013303769401330375, "ami": 0.012195121951219513, "মানি": 0.012195121951219513, "a": 0.011086474501108647, "back": 0.011086474501108647, "ki": 0.011086474501108647, "vul": 0.011086474501108647, "নাম্বারে": 0.011086474501108647, "সেন্ড": 0.011086474501108647, "korte": 0.009977827050997782, "taka": 0.009977827050997782, "থেকে": 0.009977827050997782, "akta": 0.008869179600886918, "send": 0.008869179600886918, "কিভাবে": 0.008869179600886918, "গিয়ে": 0.008869179600886918, "বিকাশ": 0.008869179600886918, "jabe": 0.007760532150776053, "kora": 0.007760532150776053, "mobile": 0.007760532150776053, "onno": 0.007760532150776053, "ভাবে": 0.007760532150776053, "hoye": 0.006651884700665188, "kono": 0.006651884700665188, "money": 0.006651884700665188, "ব্যাক": 0.006651884700665188, "মোবাইল": 0.006651884700665188, "bkash": 0.005543237250554323, "vule": 0.005543237250554323, "আমার": 0.005543237250554323, "এই": 0.005543237250554323, "করা": 0.005543237250554323, "কোনো": 0.005543237250554323, "গেছে": 0.005543237250554323, "ফেলছি": 0.005543237250554323, "amar": 0.004434589800443459, "giye": 0.004434589800443459, "একটা": 0.004434589800443459, "এটা": 0.004434589800443459, "কোন": 0.004434589800443459, "টা": 0.004434589800443459, "দিয়ে": 0.004434589800443459, "লোড": 0.004434589800443459, "হয়ে": 0.004434589800443459, "akhon": 0.003325942350332594, "amr": 0.003325942350332594, "ana": 0.003325942350332594, "chole": 0.003325942350332594, "felsi": 0.003325942350332594, "gese": 0.003325942350332594, "oita": 0.003325942350332594, "ta": 0.003325942350332594, "theke": 0.003325942350332594, "আনা": 0.003325942350332594, "পারি": 0.003325942350332594, "ভাই": 0.003325942350332594, "যাবে": 0.003325942350332594, "যেয়ে": 0.003325942350332594, "রিচাজ": 0.003325942350332594, "সম্ভব": 0.003325942350332594, "bhul": 0.0022172949002217295, "bikas": 0.0022172949002217295, "disi": 0.0022172949002217295, "ekta": 0.0022172949002217295, "falsi": 0.0022172949002217295, "gia": 0.0022172949002217295, "hlw": 0.0022172949002217295, "na": 0.0022172949002217295, "numver": 0.0022172949002217295, "phone": 0.0022172949002217295, "sir": 0.0022172949002217295, "sotik": 0.0022172949002217295, "tk": 0.0022172949002217295, "vabe": 0.0022172949002217295, "vai": 0.0022172949002217295, "অন্য": 0.0022172949002217295, "আছে": 0.0022172949002217295, "আনতে": 0.0022172949002217295, "আনবো": 0.0022172949002217295, "একজনকে": 0.0022172949002217295, "একাউন্ট": 0.0022172949002217295, "ওই": 0.0022172949002217295, "করবো": 0.0022172949002217295, "করার": 0.0022172949002217295, "করেছি": 0.0022172949002217295, "কিছু": 0.0022172949002217295, "গিয়ে": 0.0022172949002217295, "টাকাটা": 0.0022172949002217295, "দিছি": 0.0022172949002217295, "নম্বরে": 0.0022172949002217295, "নেওয়া": 0.0022172949002217295, "পাওয়া": 0.0022172949002217295, "পাওয়ার": 0.0022172949002217295, "পাবো": 0.0022172949002217295, "পেতে": 0.0022172949002217295, "ফিরে": 0.0022172949002217295, "ফ্লেক্সিলোড": 0.0022172949002217295, "বিকাশে": 0.0022172949002217295, "যায়": 0.0022172949002217295, "রিসার্চ": 0.0022172949002217295, "সিমে": 0.0022172949002217295, "সেন্ট": 0.0022172949002217295, "স্যার": 0.0022172949002217295, "aa": 0.0011086474501108647, "abr": 0.0011086474501108647, "account": 0.0011086474501108647, "ace": 0.0011086474501108647, "age": 0.0011086474501108647, "akhone": 0.0011086474501108647, "akjon": 0.0011086474501108647, "akn": 0.0011086474501108647, "akon": 0.0011086474501108647, "amake": 0.0011086474501108647, "anar": 0.0011086474501108647, "ar": 0.0011086474501108647, "arek": 0.0011086474501108647, "asar": 0.0011086474501108647, "asbe": 0.0011086474501108647, "ba": 0.0011086474501108647, "bhabbe": 0.0011086474501108647, "bhai": 0.0011086474501108647, "bhaiya": 0.0011086474501108647, "bikase": 0.0011086474501108647, "bikash": 0.0011086474501108647, "bol": 0.0011086474501108647, "bondho": 0.0011086474501108647, "bul": 0.0011086474501108647, "but": 0.0011086474501108647, "cancel": 0.0011086474501108647, "cc": 0.0011086474501108647, "cencel": 0.0011086474501108647, "chai": 0.0011086474501108647, "den": 0.0011086474501108647, "deoya": 0.0011086474501108647, "diasi": 0.0011086474501108647, "diya": 0.0011086474501108647, "diye": 0.0011086474501108647, "eita": 0.0011086474501108647, "ekhon": 0.0011086474501108647, "ektu": 0.0011086474501108647, "falasi": 0.0011086474501108647, "falla": 0.0011086474501108647, "fd": 0.0011086474501108647, "felce": 0.0011086474501108647, "felche": 0.0011086474501108647, "felchi": 0.0011086474501108647, "felechi": 0.0011086474501108647, "ferot": 0.0011086474501108647, "flaxyload": 0.0011086474501108647, "flexiload": 0.0011086474501108647, "flexiloaddiya": 0.0011086474501108647, "flexyload": 0.0011086474501108647, "gace": 0.0011086474501108647, "gasa": 0.0011086474501108647, "gecha": 0.0011086474501108647, "geche": 0.0011086474501108647, "gele": 0.0011086474501108647, "geya": 0.0011086474501108647, "giya": 0.0011086474501108647, "gp": 0.0011086474501108647, "gsle": 0.0011086474501108647, "hobe": 0.0011086474501108647, "hoya": 0.0011086474501108647, "jaba": 0.0011086474501108647, "jai": 0.0011086474501108647, "je": 0.0011086474501108647, "jodi": 0.0011086474501108647, "k": 0.0011086474501108647, "kicu": 0.0011086474501108647, "kivabe": 0.0011086474501108647, "korci": 0.0011086474501108647, "koreci": 0.0011086474501108647, "koresi": 0.0011086474501108647, "kori": 0.0011086474501108647, "kortaa": 0.0011086474501108647, "koyraa": 0.0011086474501108647, "load": 0.0011086474501108647, "madome": 0.0011086474501108647, "mane": 0.0011086474501108647, "mbl": 0.0011086474501108647, "nai": 0.0011086474501108647, "nita": 0.0011086474501108647, "niye": 0.0011086474501108647, "nmbr": 0.0011086474501108647, "nomber": 0.0011086474501108647, "numbar": 0.0011086474501108647, "numbera": 0.0011086474501108647, "numbere": 0.0011086474501108647, "nunber": 0.0011086474501108647, "off": 0.0011086474501108647, "oi": 0.0011086474501108647, "pabo": 0.0011086474501108647, "pal": 0.0011086474501108647, "pament": 0.0011086474501108647, "paowa": 0.0011086474501108647, "parbo": 0.0011086474501108647, "parii": 0.0011086474501108647, "pathate": 0.0011086474501108647, "paua": 0.0011086474501108647, "paymet": 0.0011086474501108647, "personal": 0.0011086474501108647, "plzz": 0.0011086474501108647, "possible": 0.0011086474501108647, "recarge": 0.0011086474501108647, "rechage": 0.0011086474501108647, "recharch": 0.0011086474501108647, "recherch": 0.0011086474501108647, "return": 0.0011086474501108647, "rokom": 0.0011086474501108647, "sei": 0.0011086474501108647, "seta": 0.0011086474501108647, "tahole": 0.0011086474501108647, "takata": 0.0011086474501108647, "tar": 0.0011086474501108647, "thaka": 0.0011086474501108647, "thake": 0.0011086474501108647, "tka": 0.0011086474501108647, "unknown": 0.0011086474501108647, "upay": 0.0011086474501108647, "vola": 0.0011086474501108647, "vole": 0.0011086474501108647, "vull": 0.0011086474501108647, "way": 0.0011086474501108647, "অফসন": 0.0011086474501108647, "অানব": 0.0011086474501108647, "আউট": 0.0011086474501108647, "আছি": 0.0011086474501108647, "আনডু": 0.0011086474501108647, "আনার": 0.0011086474501108647, "আবার": 0.0011086474501108647, "আর": 0.0011086474501108647, "আলাইকুম": 0.0011086474501108647, "আসসালামু": 0.0011086474501108647, "উওয়ায়": 0.0011086474501108647, "উপায়": 0.0011086474501108647, "উপায়": 0.0011086474501108647, "এ": 0.0011086474501108647, "এইটা": 0.0011086474501108647, "এক": 0.0011086474501108647, "একটু": 0.0011086474501108647, "এক্ষেত্রে": 0.0011086474501108647, "এটাকে": 0.0011086474501108647,