{"recharge": 0.045016077170418015, "bkash": 0.03536977491961415, "করে": 0.03536977491961415, "theke": 0.02572347266881029, "রিচার্জ": 0.02572347266881029, "কেমনে": 0.022508038585209007, "i": 0.01929260450160772, "korbo": 0.01929260450160772, "mobile": 0.01929260450160772, "amake": 0.01607717041800643, "e": 0.01607717041800643, "kamne": 0.01607717041800643, "number": 0.01607717041800643, "system": 0.01607717041800643, "to": 0.01607717041800643, "আমি": 0.01607717041800643, "কিভাবে": 0.01607717041800643, "থেকে": 0.01607717041800643, "বিকাশ": 0.01607717041800643, "from": 0.012861736334405145, "kore": 0.012861736334405145, "me": 0.012861736334405145, "please": 0.012861736334405145, "sir": 0.012861736334405145, "the": 0.012861736334405145, "want": 0.012861736334405145, "কি": 0.012861736334405145, "ami": 0.00964630225080386, "bolen": 0.00964630225080386, "do": 0.00964630225080386, "ektu": 0.00964630225080386, "korte": 0.00964630225080386, "tell": 0.00964630225080386, "করব": 0.00964630225080386, "রিছারজ": 0.00964630225080386, "ame": 0.006430868167202572, "apnader": 0.006430868167202572, "den": 0.006430868167202572, "ki": 0.006430868167202572, "kivabe": 0.006430868167202572, "know": 0.006430868167202572, "korer": 0.006430868167202572, "niyom": 0.006430868167202572, "of": 0.006430868167202572, "podhotti": 0.006430868167202572, "rechage": 0.006430868167202572, "richarg": 0.006430868167202572, "richarge": 0.006430868167202572, "sikhai": 0.006430868167202572, "ta": 0.006430868167202572, "আপনাদের": 0.006430868167202572, "করা": 0.006430868167202572, "যায়": 0.006430868167202572, "247": 0.003215434083601286, "about": 0.003215434083601286, "abut": 0.003215434083601286, "amar": 0.003215434083601286, "ameto": 0.003215434083601286, "bikash": 0.003215434083601286, "bl": 0.003215434083601286, "bole": 0.003215434083601286, "but": 0.003215434083601286, "by": 0.003215434083601286, "can": 0.003215434083601286, "chacchi": 0.003215434083601286, "chai": 0.003215434083601286, "dial": 0.003215434083601286, "diben": 0.003215434083601286, "doye": 0.003215434083601286, "drkr": 0.003215434083601286, "ekta": 0.003215434083601286, "felexi": 0.003215434083601286, "gp": 0.003215434083601286, "help": 0.003215434083601286, "hobe": 0.003215434083601286, "hoi": 0.003215434083601286, "how": 0.003215434083601286, "is": 0.003215434083601286, "jai": 0.003215434083601286, "jani": 0.003215434083601286, "jante": 0.003215434083601286, "je": 0.003215434083601286, "khub": 0.003215434083601286, "korar": 0.003215434083601286, "krbo": 0.003215434083601286, "krer": 0.003215434083601286, "load": 0.003215434083601286, "make": 0.003215434083601286, "maobail": 0.003215434083601286, "mobaile": 0.003215434083601286, "na": 0.003215434083601286, "nawa": 0.003215434083601286, "niyomta": 0.003215434083601286, "not": 0.003215434083601286, "notun": 0.003215434083601286, "ot": 0.003215434083601286, "parina": 0.003215434083601286, "precess": 0.003215434083601286, "procedure": 0.003215434083601286, "process": 0.003215434083601286, "rchreg": 0.003215434083601286, "rechareg": 0.003215434083601286, "reharge": 0.003215434083601286, "sikaben": 0.003215434083601286, "sikhan": 0.003215434083601286, "sime": 0.003215434083601286, "skitto": 0.003215434083601286, "sunechi": 0.003215434083601286, "teel": 0.003215434083601286, "what": 0.003215434083601286, "your": 0.003215434083601286, "আছে": 0.003215434083601286, "আমাকে": 0.003215434083601286, "আমিত": 0.003215434083601286, "আম্মুর": 0.003215434083601286, "উতা": 0.003215434083601286, "একটু": 0.003215434083601286, "করতে": 0.003215434083601286, "করার": 0.003215434083601286, "কিছু": 0.003215434083601286, "কিছুই": 0.003215434083601286, "চালাই": 0.003215434083601286, "টাকা": 0.003215434083601286, "ডায়াল": 0.003215434083601286, "থাকলে": 0.003215434083601286, "দিন": 0.003215434083601286, "নতুন": 0.003215434083601286, "নাম্বারে": 0.003215434083601286, "নাম্ব্রে": 0.003215434083601286, "পারব": 0.003215434083601286, "বলবেন": 0.003215434083601286, "বিকশ": 0.003215434083601286, "বুঝিনা": 0.003215434083601286, "ভাই": 0.003215434083601286, "ভাউ": 0.003215434083601286, "মবালে": 0.003215434083601286, "মোবাইল": 0.003215434083601286, "যে": 0.003215434083601286, "রবি": 0.003215434083601286, "লোড": 0.003215434083601286, "শিখিএ": 0.003215434083601286, "সিমে": 0.003215434083601286, "সিস্টেম": 0.003215434083601286, "স্কিটো": 0.003215434083601286, "২৪৭": 0.003215434083601286}