{"অটো": 0.04357798165137614, "auto": 0.04128440366972477, "recharge": 0.03899082568807339, "রিচার্জ": 0.03899082568807339, "বন্ধ": 0.03669724770642201, "আমার": 0.03440366972477064, "করতে": 0.027522935779816512, "বিকাশ": 0.02293577981651376, "off": 0.018348623853211007, "চাই": 0.018348623853211007, "amar": 0.016055045871559634, "bkash": 0.016055045871559634, "আমি": 0.016055045871559634, "থেকে": 0.016055045871559634, "i": 0.01146788990825688, "ki": 0.01146788990825688, "number": 0.01146788990825688, "করে": 0.01146788990825688, "টি": 0.01146788990825688, "korbo": 0.009174311926605503, "kore": 0.009174311926605503, "mobile": 0.009174311926605503, "stop": 0.009174311926605503, "টাকা": 0.009174311926605503, "amr": 0.006880733944954128, "ata": 0.006880733944954128, "e": 0.006880733944954128, "how": 0.006880733944954128, "korte": 0.006880733944954128, "plz": 0.006880733944954128, "theke": 0.006880733944954128, "আটো": 0.006880733944954128, "এই": 0.006880733944954128, "এটা": 0.006880733944954128, "এর": 0.006880733944954128, "করব": 0.006880733944954128, "কি": 0.006880733944954128, "বিকাশে": 0.006880733944954128, "ভাবে": 0.006880733944954128, "রিচাজ": 0.006880733944954128, "হবে": 0.006880733944954128, "হয়": 0.006880733944954128, "হয়ে": 0.006880733944954128, "about": 0.004587155963302752, "account": 0.004587155963302752, "bikash": 0.004587155963302752, "bondo": 0.004587155963302752, "can": 0.004587155963302752, "hye": 0.004587155963302752, "jay": 0.004587155963302752, "my": 0.004587155963302752, "nije": 0.004587155963302752, "of": 0.004587155963302752, "on": 0.004587155963302752, "oto": 0.004587155963302752, "received": 0.004587155963302752, "sms": 0.004587155963302752, "this": 0.004587155963302752, "to": 0.004587155963302752, "অফ": 0.004587155963302752, "একা": 0.004587155963302752, "করবো": 0.004587155963302752, "করুন": 0.004587155963302752, "কিভাবে": 0.004587155963302752, "কেন": 0.004587155963302752, "চাচ্ছি": 0.004587155963302752, "টা": 0.004587155963302752, "নাম্বার": 0.004587155963302752, "নিজে": 0.004587155963302752, "বিকাশের": 0.004587155963302752, "বিন্ধ": 0.004587155963302752, "ভাই": 0.004587155963302752, "যায়": 0.004587155963302752, "রির্চাজ": 0.004587155963302752, "রিসার্চ": 0.004587155963302752, "সারভিস": 0.004587155963302752, "সেটা": 0.004587155963302752, "a": 0.002293577981651376, "ami": 0.002293577981651376, "an": 0.002293577981651376, "apnader": 0.002293577981651376, "ar": 0.002293577981651376, "as": 0.002293577981651376, "atou": 0.002293577981651376, "automatic": 0.002293577981651376, "baba": 0.002293577981651376, "balance": 0.002293577981651376, "bolsi": 0.002293577981651376, "bondho": 0.002293577981651376, "cai": 0.002293577981651376, "cancel": 0.002293577981651376, "cencle": 0.002293577981651376, "chai": 0.002293577981651376, "den": 0.002293577981651376, "din": 0.002293577981651376, "eta": 0.002293577981651376, "from": 0.002293577981651376, "gese": 0.002293577981651376, "have": 0.002293577981651376, "hoa": 0.002293577981651376, "hoi": 0.002293577981651376, "hoya": 0.002293577981651376, "hoye": 0.002293577981651376, "in": 0.002293577981651376, "is": 0.002293577981651376, "j": 0.002293577981651376, "jai": 0.002293577981651376, "jase": 0.002293577981651376, "kebabe": 0.002293577981651376, "keno": 0.002293577981651376, "kom": 0.002293577981651376, "kora": 0.002293577981651376, "koren": 0.002293577981651376, "kormu": 0.002293577981651376, "kotmu": 0.002293577981651376, "num": 0.002293577981651376, "option": 0.002293577981651376, "phone": 0.002293577981651376, "recharch": 0.002293577981651376, "recharg": 0.002293577981651376, "recherse": 0.002293577981651376, "resarj": 0.002293577981651376, "rr": 0.002293577981651376, "same": 0.002293577981651376, "service": 0.002293577981651376, "setting": 0.002293577981651376, "sir": 0.002293577981651376, "stope": 0.002293577981651376, "subscription": 0.002293577981651376, "taka": 0.002293577981651376, "takar": 0.002293577981651376, "thakle": 0.002293577981651376, "tk": 0.002293577981651376, "today": 0.002293577981651376, "vabe": 0.002293577981651376, "vaiya": 0.002293577981651376, "want": 0.002293577981651376, "অট": 0.002293577981651376, "অন": 0.002293577981651376, "অ্যাকাউন্ট": 0.002293577981651376, "আপশন": 0.002293577981651376, "উঠালে": 0.002293577981651376, "কর": 0.002293577981651376, "করা": 0.002293577981651376, "কেমনে": 0.002293577981651376, "কোরতে": 0.002293577981651376, "জানাবেন": 0.002293577981651376, "জায়": 0.002293577981651376, "ঠিক": 0.002293577981651376, "তারাতারি": 0.002293577981651376, "তে": 0.002293577981651376, "দয়া": 0.002293577981651376, "দিতে": 0.002293577981651376, "দেন": 0.002293577981651376, "দয়া": 0.002293577981651376, "নম্বরে": 0.002293577981651376, "নাম্বারে": 0.002293577981651376, "নিয়ম": 0.002293577981651376, "পারি": 0.002293577981651376, "প্লিজ": 0.002293577981651376, "বন্দ": 0.002293577981651376, "বলেন": 0.002293577981651376, "বিকাস": 0.002293577981651376, "মি": 0.002293577981651376, "মোবাইল": 0.002293577981651376, "মোবাইলে": 0.002293577981651376, "যাচ্ছে": 0.002293577981651376, "যায়": 0.002293577981651376, "রিচাজের": 0.002293577981651376, "রেখেছিলাম": 0.002293577981651376, "সমস্যা": 0.002293577981651376, "স্যার": 0.002293577981651376, "হচ্ছে": 0.002293577981651376, "হয়ে": 0.002293577981651376, "হেল্প": 0.002293577981651376}