{"auto": 0.06963788300835655, "recharge": 0.06128133704735376, "service": 0.04456824512534819, "ame": 0.025069637883008356, "i": 0.022284122562674095, "অটো": 0.022284122562674095, "ki": 0.019498607242339833, "আমি": 0.019498607242339833, "kano": 0.01671309192200557, "paina": 0.01671309192200557, "a": 0.013927576601671309, "gp": 0.013927576601671309, "am": 0.011142061281337047, "amar": 0.011142061281337047, "e": 0.011142061281337047, "please": 0.011142061281337047, "take": 0.011142061281337047, "user": 0.011142061281337047, "রিচার্জ": 0.011142061281337047, "active": 0.008356545961002784, "chai": 0.008356545961002784, "chalai": 0.008356545961002784, "ei": 0.008356545961002784, "for": 0.008356545961002784, "jonno": 0.008356545961002784, "nite": 0.008356545961002784, "not": 0.008356545961002784, "sim": 0.008356545961002784, "why": 0.008356545961002784, "কোন": 0.008356545961002784, "রিছারজ": 0.008356545961002784, "amake": 0.005571030640668524, "ami": 0.005571030640668524, "apnader": 0.005571030640668524, "automatic": 0.005571030640668524, "but": 0.005571030640668524, "can": 0.005571030640668524, "eta": 0.005571030640668524, "hoi": 0.005571030640668524, "hoina": 0.005571030640668524, "hole": 0.005571030640668524, "is": 0.005571030640668524, "kar": 0.005571030640668524, "kon": 0.005571030640668524, "kore": 0.005571030640668524, "may": 0.005571030640668524, "mobile": 0.005571030640668524, "my": 0.005571030640668524, "number": 0.005571030640668524, "rcharge": 0.005571030640668524, "sesh": 0.005571030640668524, "sobai": 0.005571030640668524, "ta": 0.005571030640668524, "the": 0.005571030640668524, "who": 0.005571030640668524, "আমার": 0.005571030640668524, "করতে": 0.005571030640668524, "কার": 0.005571030640668524, "কি": 0.005571030640668524, "কেন": 0.005571030640668524, "চালাই": 0.005571030640668524, "জন্য": 0.005571030640668524, "না": 0.005571030640668524, "নাম্বারে": 0.005571030640668524, "পাইনা": 0.005571030640668524, "পারি": 0.005571030640668524, "সেবা": 0.005571030640668524, "aamar": 0.002785515320334262, "accha": 0.002785515320334262, "agei": 0.002785515320334262, "and": 0.002785515320334262, "aoto": 0.002785515320334262, "apnara": 0.002785515320334262, "app": 0.002785515320334262, "avail": 0.002785515320334262, "availble": 0.002785515320334262, "bole": 0.002785515320334262, "bolen": 0.002785515320334262, "condition": 0.002785515320334262, "dekhi": 0.002785515320334262, "den": 0.002785515320334262, "disen": 0.002785515320334262, "dwa": 0.002785515320334262, "eije": 0.002785515320334262, "eita": 0.002785515320334262, "eligible": 0.002785515320334262, "emne": 0.002785515320334262, "geramain": 0.002785515320334262, "have": 0.002785515320334262, "help": 0.002785515320334262, "hoar": 0.002785515320334262, "holo": 0.002785515320334262, "hoye": 0.002785515320334262, "jabe": 0.002785515320334262, "jabena": 0.002785515320334262, "jante": 0.002785515320334262, "kesu": 0.002785515320334262, "kintu": 0.002785515320334262, "konovabei": 0.002785515320334262, "korechen": 0.002785515320334262, "koren": 0.002785515320334262, "korte": 0.002785515320334262, "lage": 0.002785515320334262, "me": 0.002785515320334262, "option": 0.002785515320334262, "paarina": 0.002785515320334262, "pabona": 0.002785515320334262, "pai": 0.002785515320334262, "parbo": 0.002785515320334262, "pare": 0.002785515320334262, "pera": 0.002785515320334262, "piina": 0.002785515320334262, "projojjo": 0.002785515320334262, "rechaage": 0.002785515320334262, "rechaeg": 0.002785515320334262, "rechage": 0.002785515320334262, "rechagre": 0.002785515320334262, "rechareg": 0.002785515320334262, "rechrge": 0.002785515320334262, "seba": 0.002785515320334262, "sebata": 0.002785515320334262, "sebati": 0.002785515320334262, "sir": 0.002785515320334262, "skitto": 0.002785515320334262, "sobeei": 0.002785515320334262, "sober": 0.002785515320334262, "taaka": 0.002785515320334262, "takaa": 0.002785515320334262, "teletak": 0.002785515320334262, "teletalak": 0.002785515320334262, "teletlk": 0.002785515320334262, "what": 0.002785515320334262, "will": 0.002785515320334262, "অপশন": 0.002785515320334262, "আচ্ছা": 0.002785515320334262, "এ": 0.002785515320334262, "এইতা": 0.002785515320334262, "একটা": 0.002785515320334262, "একটিভ": 0.002785515320334262, "এটা": 0.002785515320334262, "এর": 0.002785515320334262, "করছি": 0.002785515320334262, "করা": 0.002785515320334262, "কারনটা": 0.002785515320334262, "কিছু": 0.002785515320334262, "গ্রামিল": 0.002785515320334262, "গ্রামীন": 0.002785515320334262, "গ্রাহক": 0.002785515320334262, "চাই": 0.002785515320334262, "জানতে": 0.002785515320334262, "টেলিটক": 0.002785515320334262, "দেখলাম": 0.002785515320334262, "নামে": 0.002785515320334262, "পায়না": 0.002785515320334262, "প্রযোজ্য": 0.002785515320334262, "ফোন": 0.002785515320334262, "ব্যাবহার": 0.002785515320334262, "বড়": 0.002785515320334262, "যাবে": 0.002785515320334262, "যে": 0.002785515320334262, "রিছাজ": 0.002785515320334262, "সবচেয়ে": 0.002785515320334262, "সবার": 0.002785515320334262, "সিম": 0.002785515320334262, "হই": 0.002785515320334262, "হইল": 0.002785515320334262}