{"রেফার": 0.05819295558958652, "কি": 0.04134762633996938, "ki": 0.03828483920367535, "refer": 0.03675344563552833, "বোনাস": 0.022970903522205207, "আছে": 0.021439509954058196, "বিকাশ": 0.01990811638591118, "bkash": 0.018376722817764164, "bonus": 0.016845329249617153, "offer": 0.016845329249617153, "আমি": 0.016845329249617153, "app": 0.015313935681470138, "reffer": 0.015313935681470138, "টাকা": 0.015313935681470138, "অফার": 0.013782542113323125, "এখন": 0.013782542113323125, "করলে": 0.013782542113323125, "korle": 0.01225114854517611, "ami": 0.009188361408882082, "er": 0.009188361408882082, "refar": 0.009188361408882082, "ta": 0.009188361408882082, "পাবো": 0.009188361408882082, "ase": 0.007656967840735069, "barano": 0.007656967840735069, "কত": 0.007656967840735069, "বিকাশে": 0.007656967840735069, "ache": 0.006125574272588055, "jabe": 0.006125574272588055, "ses": 0.006125574272588055, "taka": 0.006125574272588055, "অফারটি": 0.006125574272588055, "আমার": 0.006125574272588055, "একাউন্ট": 0.006125574272588055, "কোন": 0.006125574272588055, "পাওয়া": 0.006125574272588055, "রেফারের": 0.006125574272588055, "শেষ": 0.006125574272588055, "ajke": 0.004594180704441041, "akon": 0.004594180704441041, "hoisa": 0.004594180704441041, "kono": 0.004594180704441041, "korchi": 0.004594180704441041, "pabo": 0.004594180704441041, "paoya": 0.004594180704441041, "tk": 0.004594180704441041, "আজকে": 0.004594180704441041, "এপস": 0.004594180704441041, "এর": 0.004594180704441041, "করেছি": 0.004594180704441041, "গেছে": 0.004594180704441041, "চালু": 0.004594180704441041, "থেকে": 0.004594180704441041, "পাই": 0.004594180704441041, "মেয়াদ": 0.004594180704441041, "যায়": 0.004594180704441041, "রেফারে": 0.004594180704441041, "aca": 0.0030627871362940277, "ace": 0.0030627871362940277, "akhon": 0.0030627871362940277, "akhono": 0.0030627871362940277, "asa": 0.0030627871362940277, "baksh": 0.0030627871362940277, "bonas": 0.0030627871362940277, "bons": 0.0030627871362940277, "din": 0.0030627871362940277, "hobe": 0.0030627871362940277, "ke": 0.0030627871362940277, "korly": 0.0030627871362940277, "meyad": 0.0030627871362940277, "na": 0.0030627871362940277, "refr": 0.0030627871362940277, "somoy": 0.0030627871362940277, "আগে": 0.0030627871362940277, "আজ": 0.0030627871362940277, "এখনো": 0.0030627871362940277, "কবে": 0.0030627871362940277, "করছি": 0.0030627871362940277, "করার": 0.0030627871362940277, "করে": 0.0030627871362940277, "কিন্তু": 0.0030627871362940277, "কোনো": 0.0030627871362940277, "চাই": 0.0030627871362940277, "জানতে": 0.0030627871362940277, "টা": 0.0030627871362940277, "দিন": 0.0030627871362940277, "না": 0.0030627871362940277, "নাকি": 0.0030627871362940277, "নি": 0.0030627871362940277, "পর": 0.0030627871362940277, "পরে": 0.0030627871362940277, "পেলাম": 0.0030627871362940277, "বিকাস": 0.0030627871362940277, "যাবে": 0.0030627871362940277, "সময়সীমা": 0.0030627871362940277, "হয়ে": 0.0030627871362940277, "a": 0.0015313935681470138, "acca": 0.0015313935681470138, "account": 0.0015313935681470138, "ai": 0.0015313935681470138, "akhno": 0.0015313935681470138, "akohn": 0.0015313935681470138, "akta": 0.0015313935681470138, "and": 0.0015313935681470138, "ar": 0.0015313935681470138, "baranu": 0.0015313935681470138, "bolte": 0.0015313935681470138, "campain": 0.0015313935681470138, "campgian": 0.0015313935681470138, "chach": 0.0015313935681470138, "chalo": 0.0015313935681470138, "chalu": 0.0015313935681470138, "cilam": 0.0015313935681470138, "cina": 0.0015313935681470138, "daba": 0.0015313935681470138, "dicce": 0.0015313935681470138, "e": 0.0015313935681470138, "ei": 0.0015313935681470138, "ekhon": 0.0015313935681470138, "ekhono": 0.0015313935681470138, "ekn": 0.0015313935681470138, "gonta": 0.0015313935681470138, "goto": 0.0015313935681470138, "hoise": 0.0015313935681470138, "hoyece": 0.0015313935681470138, "jante": 0.0015313935681470138, "ji": 0.0015313935681470138, "jodi": 0.0015313935681470138, "kaj": 0.0015313935681470138, "kina": 0.0015313935681470138, "kintu": 0.0015313935681470138, "kj": 0.0015313935681470138, "kkn": 0.0015313935681470138, "kno": 0.0015313935681470138, "kora": 0.0015313935681470138, "korci": 0.0015313935681470138, "kori": 0.0015313935681470138, "korla": 0.0015313935681470138, "korte": 0.0015313935681470138, "koto": 0.0015313935681470138, "kto": 0.0015313935681470138, "masa": 0.0015313935681470138, "mobile": 0.0015313935681470138, "namber": 0.0015313935681470138, "new": 0.0015313935681470138, "ni": 0.0015313935681470138, "o": 0.0015313935681470138, "off": 0.0015313935681470138, "pai": 0.0015313935681470138, "paite": 0.0015313935681470138, "parbo": 0.0015313935681470138, "paren": 0.0015313935681470138, "pawa": 0.0015313935681470138, "pelam": 0.0015313935681470138, "por": 0.0015313935681470138, "porjonto": 0.0015313935681470138, "recharge": 0.0015313935681470138, "ref": 0.0015313935681470138, "refarer": 0.0015313935681470138, "reffar": 0.0015313935681470138, "ro": 0.0015313935681470138, "sei": 0.0015313935681470138, "sima": 0.0015313935681470138, "tahole": 0.0015313935681470138, "tarik": 0.0015313935681470138, "tarikh": 0.0015313935681470138, "theke": 0.0015313935681470138, "time": 0.0015313935681470138, "vai": 0.0015313935681470138, "vi": 0.0015313935681470138, "via": 0.0015313935681470138, "অন্য": 0.0015313935681470138, "অপশনের": 0.0015313935681470138, "অফ": 0.0015313935681470138, "অ্যাপ": 0.0015313935681470138, "আইডি": 0.0015313935681470138, "আপনাদের": 0.0015313935681470138, "আবার": 0.0015313935681470138, "আর্ন": 0.0015313935681470138, "আলাইকুম": 0.0015313935681470138, "আসসালামু": 0.0015313935681470138, "এ": 0.0015313935681470138, "এই": 0.0015313935681470138, "একটা": 0.0015313935681470138, "একটি": 0.0015313935681470138, "এখনও": 0.0015313935681470138, "এপে": 0.0015313935681470138, "এ্যাপ": 0.0015313935681470138, "ওফার": 0.0015313935681470138, "কতক্ষণ": 0.0015313935681470138, "কমিশন": 0.0015313935681470138, "করতে": 0.0015313935681470138, "করলাম": 0.0015313935681470138, "করা": 0.0015313935681470138, "করেছিলাম": 0.0015313935681470138, "কাল": 0.0015313935681470138, "কিছু": 0.0015313935681470138, "কিছুক্ষণ": 0.0015313935681470138, "কিনা": 0.0015313935681470138, "কিন্ত": 0.0015313935681470138, "কেনো": 0.0015313935681470138, "ক্যাম্পেইন": 0.0015313935681470138, "ক্যাশবেক": 0.0015313935681470138, "খুলে": 0.0015313935681470138, "খুলেছি": 0.0015313935681470138, "চলছে": 0.0015313935681470138, "টাকাটা": 0.0015313935681470138, "টি": 0.0015313935681470138, "তারিখ": 0.0015313935681470138, "তিন": 0.0015313935681470138, "তো": 0.0015313935681470138, "থাকবে": 0.0015313935681470138, "দিতেছেন": 0.0015313935681470138, "দুইটা": 0.0015313935681470138, "দেওয়ার": 0.0015313935681470138, "দেখেনতো": 0.0015313935681470138, "দেয়": 0.0015313935681470138, "নতুন": 0.0015313935681470138, "নাই": 0.0015313935681470138, "নেই": 0.0015313935681470138, "পযন্ত": 0.0015313935681470138, "পর্যন্ত": 0.0015313935681470138, "পাইনি": 0.0015313935681470138, "পাওয়া": 0.0015313935681470138, "পায়নি": 0.0015313935681470138, "পারব": 0.0015313935681470138, "পার্সোনাল": 0.0015313935681470138, "পেতাম": 0.0015313935681470138, "প্রতি": 0.0015313935681470138, "বন্ধ": 0.0015313935681470138, "বর্তমানে": 0.0015313935681470138, "বাদ": 0.0015313935681470138, "বিকাশের": 0.0015313935681470138, "বিস্তারিত": 0.0015313935681470138, "বেশি": 0.0015313935681470138, "বোনাচ": 0.0015313935681470138, "বোনাসটু": 0.0015313935681470138, "ভাই": 0.0015313935681470138, "ভাইয়া": 0.0015313935681470138, "মাত্র": 0.0015313935681470138, "মেযাদ": 0.0015313935681470138, "রেফারেন্স": 0.0015313935681470138, "রেফারেল": 0.0015313935681470138, "সফল": 0.0015313935681470138, "সম্পর্কে": 0.0015313935681470138, "সার": 0.0015313935681470138, "সালে": 0.0015313935681470138, "স্যার": 0.0015313935681470138, "হইছে": 0.0015313935681470138, "হচ্ছে": 0.0015313935681470138, "হবে": 0.0015313935681470138, "হযে": 0.0015313935681470138, "হুম": 0.0015313935681470138, "হয়েছে": 0.0015313935681470138}