{"রেফার": 0.07586206896551724, "করতে": 0.04827586206896552, "আমি": 0.041379310344827586, "কিভাবে": 0.041379310344827586, "refer": 0.034482758620689655, "বিকাশ": 0.03103448275862069, "অ্যাপ": 0.027586206896551724, "চাই": 0.02413793103448276, "পারি": 0.02413793103448276, "process": 0.017241379310344827, "করে": 0.017241379310344827, "bikash": 0.013793103448275862, "kivabe": 0.013793103448275862, "korbo": 0.013793103448275862, "আমার": 0.013793103448275862, "জানাবেন": 0.013793103448275862, "about": 0.010344827586206896, "amar": 0.010344827586206896, "bolten": 0.010344827586206896, "diye": 0.010344827586206896, "jodi": 0.010344827586206896, "korar": 0.010344827586206896, "me": 0.010344827586206896, "reffer": 0.010344827586206896, "tell": 0.010344827586206896, "একটু": 0.010344827586206896, "একাউন্ট": 0.010344827586206896, "এর": 0.010344827586206896, "করবো": 0.010344827586206896, "করার": 0.010344827586206896, "দিয়ে": 0.010344827586206896, "বলতেন": 0.010344827586206896, "বিকাসে": 0.010344827586206896, "ব্যবহার": 0.010344827586206896, "মাধ্যমে": 0.010344827586206896, "যদি": 0.010344827586206896, "হয়ে": 0.010344827586206896, "ami": 0.006896551724137931, "app": 0.006896551724137931, "bhaiya": 0.006896551724137931, "bkash": 0.006896551724137931, "ekaount": 0.006896551724137931, "in": 0.006896551724137931, "ke": 0.006896551724137931, "khulte": 0.006896551724137931, "ki": 0.006896551724137931, "kore": 0.006896551724137931, "parbo": 0.006896551724137931, "please": 0.006896551724137931, "plz": 0.006896551724137931, "you": 0.006896551724137931, "খুলতে": 0.006896551724137931, "নিয়ম": 0.006896551724137931, "ভাই": 0.006896551724137931, "লিংক": 0.006896551724137931, "হয়": 0.006896551724137931, "account": 0.0034482758620689655, "amake": 0.0034482758620689655, "apps": 0.0034482758620689655, "baba": 0.0034482758620689655, "bolben": 0.0034482758620689655, "bondhu": 0.0034482758620689655, "can": 0.0034482758620689655, "ektu": 0.0034482758620689655, "help": 0.0034482758620689655, "hi": 0.0034482758620689655, "hlw": 0.0034482758620689655, "i": 0.0034482758620689655, "jai": 0.0034482758620689655, "know": 0.0034482758620689655, "kora": 0.0034482758620689655, "linkk": 0.0034482758620689655, "niyom": 0.0034482758620689655, "notun": 0.0034482758620689655, "plzz": 0.0034482758620689655, "refar": 0.0034482758620689655, "sir": 0.0034482758620689655, "system": 0.0034482758620689655, "ta": 0.0034482758620689655, "to": 0.0034482758620689655, "vabe": 0.0034482758620689655, "vaiya": 0.0034482758620689655, "want": 0.0034482758620689655, "would": 0.0034482758620689655, "অনেক": 0.0034482758620689655, "অ্যপ": 0.0034482758620689655, "আগে": 0.0034482758620689655, "একটা": 0.0034482758620689655, "একাউন্টটি": 0.0034482758620689655, "করা": 0.0034482758620689655, "কি": 0.0034482758620689655, "কিবাবে": 0.0034482758620689655, "কে": 0.0034482758620689655, "কেমনে": 0.0034482758620689655, "ছাড়া": 0.0034482758620689655, "জানতে": 0.0034482758620689655, "ডায়াল": 0.0034482758620689655, "থেকে": 0.0034482758620689655, "নতুন": 0.0034482758620689655, "নিয়মটা": 0.0034482758620689655, "বন্ধু": 0.0034482758620689655, "বন্ধুকে": 0.0034482758620689655, "বলছি": 0.0034482758620689655, "বাবার": 0.0034482758620689655, "ভাইয়া": 0.0034482758620689655, "মাকে": 0.0034482758620689655, "রফার": 0.0034482758620689655, "সঠিক": 0.0034482758620689655, "সম্পর্কে": 0.0034482758620689655, "সাব্বির": 0.0034482758620689655, "সেই": 0.0034482758620689655, "সেইটা": 0.0034482758620689655, "হবে": 0.0034482758620689655, "২৪৭": 0.0034482758620689655}