{"bkash": 0.07655502392344497, "app": 0.04784688995215311, "বিকাশ": 0.04545454545454545, "account": 0.0430622009569378, "আমার": 0.028708133971291863, "একাউন্ট": 0.028708133971291863, "অ্যাপ": 0.0215311004784689, "i": 0.01674641148325359, "my": 0.01674641148325359, "দিয়ে": 0.01674641148325359, "diye": 0.014354066985645932, "two": 0.014354066985645932, "amar": 0.011961722488038277, "in": 0.011961722488038277, "one": 0.011961722488038277, "to": 0.011961722488038277, "একটি": 0.011961722488038277, "খুলতে": 0.011961722488038277, "যায়": 0.011961722488038277, "ekadhik": 0.009569377990430622, "jay": 0.009569377990430622, "multiple": 0.009569377990430622, "open": 0.009569377990430622, "use": 0.009569377990430622, "এখন": 0.009569377990430622, "খোলা": 0.009569377990430622, "টা": 0.009569377990430622, "bikash": 0.007177033492822966, "can": 0.007177033492822966, "create": 0.007177033492822966, "dite": 0.007177033492822966, "khule": 0.007177033492822966, "khulte": 0.007177033492822966, "ki": 0.007177033492822966, "mobile": 0.007177033492822966, "parbo": 0.007177033492822966, "ta": 0.007177033492822966, "theke": 0.007177033492822966, "ti": 0.007177033492822966, "using": 0.007177033492822966, "একটির": 0.007177033492822966, "করবো": 0.007177033492822966, "কিভাবে": 0.007177033492822966, "চাই": 0.007177033492822966, "থেকে": 0.007177033492822966, "বেশি": 0.007177033492822966, "accounts": 0.004784688995215311, "ami": 0.004784688995215311, "beshi": 0.004784688995215311, "chai": 0.004784688995215311, "from": 0.004784688995215311, "how": 0.004784688995215311, "khola": 0.004784688995215311, "more": 0.004784688995215311, "no": 0.004784688995215311, "possible": 0.004784688995215311, "procedure": 0.004784688995215311, "than": 0.004784688995215311, "the": 0.004784688995215311, "want": 0.004784688995215311, "what's": 0.004784688995215311, "with": 0.004784688995215311, "অ্যাপস": 0.004784688995215311, "আমি": 0.004784688995215311, "আরেকটি": 0.004784688995215311, "একাধিক": 0.004784688995215311, "এপ": 0.004784688995215311, "কি": 0.004784688995215311, "কয়টা": 0.004784688995215311, "নাম্বার": 0.004784688995215311, "ব্যাবহার": 0.004784688995215311, "মোবাইলে": 0.004784688995215311, "a": 0.0023923444976076554, "akta": 0.0023923444976076554, "and": 0.0023923444976076554, "apnar": 0.0023923444976076554, "app=": 0.0023923444976076554, "apu": 0.0023923444976076554, "are": 0.0023923444976076554, "assa": 0.0023923444976076554, "by": 0.0023923444976076554, "chalajay": 0.0023923444976076554, "chalano": 0.0023923444976076554, "could": 0.0023923444976076554, "current": 0.0023923444976076554, "e": 0.0023923444976076554, "ektar": 0.0023923444976076554, "ektir": 0.0023923444976076554, "gula": 0.0023923444976076554, "handset": 0.0023923444976076554, "have": 0.0023923444976076554, "hobe": 0.0023923444976076554, "holo": 0.0023923444976076554, "instaalled": 0.0023923444976076554, "is": 0.0023923444976076554, "it": 0.0023923444976076554, "janaben": 0.0023923444976076554, "jayna": 0.0023923444976076554, "je": 0.0023923444976076554, "kase": 0.0023923444976076554, "kintu": 0.0023923444976076554, "kivabe": 0.0023923444976076554, "kohla": 0.0023923444976076554, "korbo": 0.0023923444976076554, "koyta": 0.0023923444976076554, "koyti": 0.0023923444976076554, "mobole": 0.0023923444976076554, "need": 0.0023923444976076554, "new": 0.0023923444976076554, "now": 0.0023923444976076554, "onk": 0.0023923444976076554, "onr": 0.0023923444976076554, "or": 0.0023923444976076554, "phone": 0.0023923444976076554, "plz": 0.0023923444976076554, "prosno": 0.0023923444976076554, "ro": 0.0023923444976076554, "sim": 0.0023923444976076554, "there": 0.0023923444976076554, "wanna": 0.0023923444976076554, "ং": 0.0023923444976076554, "অন্য": 0.0023923444976076554, "অ্যাকাউন্ট": 0.0023923444976076554, "আউট": 0.0023923444976076554, "আক্যাউন্ট": 0.0023923444976076554, "আর": 0.0023923444976076554, "আ্যাপে": 0.0023923444976076554, "এই": 0.0023923444976076554, "এক": 0.0023923444976076554, "এপস": 0.0023923444976076554, "করা": 0.0023923444976076554, "করে": 0.0023923444976076554, "খুলে": 0.0023923444976076554, "খুলেছি": 0.0023923444976076554, "খোলার": 0.0023923444976076554, "চলছে": 0.0023923444976076554, "চালু": 0.0023923444976076554, "ছিল": 0.0023923444976076554, "তা": 0.0023923444976076554, "তো": 0.0023923444976076554, "দিতে": 0.0023923444976076554, "দিয়া": 0.0023923444976076554, "দুই": 0.0023923444976076554, "দুইটা": 0.0023923444976076554, "ন": 0.0023923444976076554, "পারব": 0.0023923444976076554, "পারবো": 0.0023923444976076554, "পারুম": 0.0023923444976076554, "পূর্বে": 0.0023923444976076554, "বলেন": 0.0023923444976076554, "বাসার": 0.0023923444976076554, "ব্যবহার": 0.0023923444976076554, "ভাবে": 0.0023923444976076554, "মোবাইল": 0.0023923444976076554, "লগ": 0.0023923444976076554, "সবার": 0.0023923444976076554, "সিস্টেম": 0.0023923444976076554, "স্যার": 0.0023923444976076554, "হ্যান্ডসেটের": 0.0023923444976076554}