{"account": 0.0441860465116279, "new": 0.023255813953488372, "একাউন্ট": 0.023255813953488372, "i": 0.018604651162790697, "active": 0.013953488372093023, "ami": 0.013953488372093023, "আমি": 0.013953488372093023, "বিকাশ": 0.013953488372093023, "রেজিস্ট্রেশন": 0.013953488372093023, "a": 0.011627906976744186, "এখনো": 0.011627906976744186, "কেন": 0.011627906976744186, "রেজিষ্ট্রেশন": 0.011627906976744186, "korte": 0.009302325581395349, "registration": 0.009302325581395349, "to": 0.009302325581395349, "আমার": 0.009302325581395349, "করতে": 0.009302325581395349, "করসি": 0.009302325581395349, "কিনা": 0.009302325581395349, "after": 0.0069767441860465115, "bkash": 0.0069767441860465115, "complete": 0.0069767441860465115, "hobe": 0.0069767441860465115, "how": 0.0069767441860465115, "ki": 0.0069767441860465115, "my": 0.0069767441860465115, "parbo": 0.0069767441860465115, "pending": 0.0069767441860465115, "registering": 0.0069767441860465115, "shob": 0.0069767441860465115, "the": 0.0069767441860465115, "will": 0.0069767441860465115, "কত": 0.0069767441860465115, "পারবো": 0.0069767441860465115, "লাগে": 0.0069767441860465115, "হইসে": 0.0069767441860465115, "হতে": 0.0069767441860465115, "হয়নি": 0.0069767441860465115, "acc": 0.004651162790697674, "akti": 0.004651162790697674, "all": 0.004651162790697674, "amar": 0.004651162790697674, "be": 0.004651162790697674, "but": 0.004651162790697674, "can": 0.004651162790697674, "do": 0.004651162790697674, "hoy": 0.004651162790697674, "if": 0.004651162790697674, "into": 0.004651162790697674, "is": 0.004651162790697674, "khulsi": 0.004651162790697674, "kintu": 0.004651162790697674, "know": 0.004651162790697674, "kokhon": 0.004651162790697674, "korlam": 0.004651162790697674, "korsi": 0.004651162790697674, "make": 0.004651162790697674, "por": 0.004651162790697674, "ti": 0.004651162790697674, "transaction": 0.004651162790697674, "transactions": 0.004651162790697674, "when": 0.004651162790697674, "অ্যাকাউন্ট": 0.004651162790697674, "আজকে": 0.004651162790697674, "একটিভ": 0.004651162790697674, "এখন": 0.004651162790697674, "কখন": 0.004651162790697674, "কনফার্মেশন": 0.004651162790697674, "করলাম": 0.004651162790697674, "করেছি": 0.004651162790697674, "কি": 0.004651162790697674, "কিন্তু": 0.004651162790697674, "তো": 0.004651162790697674, "দিয়ে": 0.004651162790697674, "দেখেন": 0.004651162790697674, "নতুন": 0.004651162790697674, "না": 0.004651162790697674, "পেন্ডিং": 0.004651162790697674, "বুঝবো": 0.004651162790697674, "লেনদেন": 0.004651162790697674, "সব": 0.004651162790697674, "সময়": 0.004651162790697674, "হবে": 0.004651162790697674, "able": 0.002325581395348837, "abong": 0.002325581395348837, "accaunt": 0.002325581395348837, "access": 0.002325581395348837, "acoun": 0.002325581395348837, "actib": 0.002325581395348837, "activ": 0.002325581395348837, "age": 0.002325581395348837, "aj": 0.002325581395348837, "akaunt": 0.002325581395348837, "aktib": 0.002325581395348837, "amr": 0.002325581395348837, "any": 0.002325581395348837, "bikash": 0.002325581395348837, "check": 0.002325581395348837, "confirmtion": 0.002325581395348837, "create": 0.002325581395348837, "created": 0.002325581395348837, "days": 0.002325581395348837, "dekay": 0.002325581395348837, "dekhacche": 0.002325581395348837, "ekaunt": 0.002325581395348837, "ekhn": 0.002325581395348837, "ekhon": 0.002325581395348837, "ekhono": 0.002325581395348837, "ektu": 0.002325581395348837, "facing": 0.002325581395348837, "feature": 0.002325581395348837, "fully": 0.002325581395348837, "get": 0.002325581395348837, "have": 0.002325581395348837, "hoce": 0.002325581395348837, "hoini": 0.002325581395348837, "hoite": 0.002325581395348837, "hoyece": 0.002325581395348837, "hoyese": 0.002325581395348837, "it": 0.002325581395348837, "it's": 0.002325581395348837, "janaben": 0.002325581395348837, "khola": 0.002325581395348837, "khular": 0.002325581395348837, "khulechi": 0.002325581395348837, "khulteci": 0.002325581395348837, "kivabe": 0.002325581395348837, "kn": 0.002325581395348837, "kokon": 0.002325581395348837, "korar": 0.002325581395348837, "kotodin": 0.002325581395348837, "kotokkhon": 0.002325581395348837, "kotokkon": 0.002325581395348837, "kullam": 0.002325581395348837, "kulsi": 0.002325581395348837, "lage": 0.002325581395348837, "later": 0.002325581395348837, "lenden": 0.002325581395348837, "many": 0.002325581395348837, "much": 0.002325581395348837, "na": 0.002325581395348837, "naki": 0.002325581395348837, "need": 0.002325581395348837, "needed": 0.002325581395348837, "notun": 0.002325581395348837, "now": 0.002325581395348837, "ntun": 0.002325581395348837, "number": 0.002325581395348837, "open": 0.002325581395348837, "opened": 0.002325581395348837, "plz": 0.002325581395348837, "prbo": 0.002325581395348837, "problem": 0.002325581395348837, "ready": 0.002325581395348837, "reg": 0.002325581395348837, "registation": 0.002325581395348837, "registered": 0.002325581395348837, "rejestation": 0.002325581395348837, "rejistretion": 0.002325581395348837, "seyta": 0.002325581395348837, "shows": 0.002325581395348837, "since": 0.002325581395348837, "sob": 0.002325581395348837, "some": 0.002325581395348837, "sompuno": 0.002325581395348837, "still": 0.002325581395348837, "succeful": 0.002325581395348837, "ta": 0.002325581395348837, "time": 0.002325581395348837, "use": 0.002325581395348837, "why": 0.002325581395348837, "you": 0.002325581395348837, "অইসে": 0.002325581395348837, "অইসেনি": 0.002325581395348837, "অ্যাক্টিব": 0.002325581395348837, "অ্যাক্টিভ": 0.002325581395348837, "আছে": 0.002325581395348837, "আদান": 0.002325581395348837, "আপনি": 0.002325581395348837, "আশসে": 0.002325581395348837, "এ": 0.002325581395348837, "একাউন": 0.002325581395348837, "একাউন্টটা": 0.002325581395348837, "একাউন্টটি": 0.002325581395348837, "একাউন্টের": 0.002325581395348837, "এক্টিব": 0.002325581395348837, "এক্টিভেট": 0.002325581395348837, "এনআইডি": 0.002325581395348837, "এপ্স": 0.002325581395348837, "ওপেন": 0.002325581395348837, "কতক্ষণ": 0.002325581395348837, "কতদিন": 0.002325581395348837, "করসিলাম": 0.002325581395348837, "করার": 0.002325581395348837, "করিসি": 0.002325581395348837, "কালকে": 0.002325581395348837, "কিছু": 0.002325581395348837, "কিভাবে": 0.002325581395348837, "কীভাবে": 0.002325581395348837, "খুলছি": 0.002325581395348837, "খুললাম": 0.002325581395348837, "খুলে": 0.002325581395348837, "খুলেছে": 0.002325581395348837, "খোলার": 0.002325581395348837, "জন্য": 0.002325581395348837, "টা": 0.002325581395348837, "টাকা": 0.002325581395348837, "ঠিক": 0.002325581395348837, "ঢুকতে": 0.002325581395348837, "দিনের": 0.002325581395348837, "দেকায়": 0.002325581395348837, "নি": 0.002325581395348837, "নিজের": 0.002325581395348837, "পাই": 0.002325581395348837, "পারব": 0.002325581395348837, "প্রদান": 0.002325581395348837, "বলবেন": 0.002325581395348837, "বাদে": 0.002325581395348837, "ব্যবহার": 0.002325581395348837, "ভাই": 0.002325581395348837, "মত": 0.002325581395348837, "মধ্যে": 0.002325581395348837, "মাত্র": 0.002325581395348837, "মানে": 0.002325581395348837, "রেজিষ্ট্রেসন": 0.002325581395348837, "রেজিস্টেশন": 0.002325581395348837, "রেজিস্টেসন": 0.002325581395348837, "রেজিস্ট্রেশান": 0.002325581395348837, "রেজেস্টেশন": 0.002325581395348837, "রেযিস্টেশন": 0.002325581395348837, "সফল": 0.002325581395348837, "সময়": 0.002325581395348837, "সমস্যা": 0.002325581395348837, "সম্পূর্ণ": 0.002325581395348837, "সম্পূর্ণভাবে": 0.002325581395348837, "সাকসেসফুল": 0.002325581395348837, "হচ্ছে": 0.002325581395348837, "হলো": 0.002325581395348837, "হয়নাই": 0.002325581395348837, "হয়নি": 0.002325581395348837, "হয়েছে": 0.002325581395348837}