{"bkash": 0.0684596577017115, "i": 0.036674816625916866, "amar": 0.03178484107579462, "বিকাশ": 0.029339853300733496, "ki": 0.024449877750611245, "sim": 0.024449877750611245, "account": 0.022004889975550123, "open": 0.019559902200488997, "কি": 0.019559902200488997, "সিমে": 0.019559902200488997, "have": 0.014669926650366748, "rocket": 0.014669926650366748, "আমার": 0.014669926650366748, "আমি": 0.014669926650366748, "একাউন্ট": 0.014669926650366748, "can": 0.012224938875305623, "e": 0.012224938875305623, "if": 0.012224938875305623, "mfs": 0.012224938875305623, "to": 0.012224938875305623, "অন্য": 0.012224938875305623, "পারব": 0.012224938875305623, "ache": 0.009779951100244499, "asa": 0.009779951100244499, "in": 0.009779951100244499, "nagad": 0.009779951100244499, "onno": 0.009779951100244499, "parbo": 0.009779951100244499, "possible": 0.009779951100244499, "ucash": 0.009779951100244499, "একটি": 0.009779951100244499, "রকেট": 0.009779951100244499, "ami": 0.007334963325183374, "chalate": 0.007334963325183374, "ekti": 0.007334963325183374, "hobe": 0.007334963325183374, "is": 0.007334963325183374, "it": 0.007334963325183374, "khulbe": 0.007334963325183374, "same": 0.007334963325183374, "use": 0.007334963325183374, "আছে": 0.007334963325183374, "খুলতে": 0.007334963325183374, "খুলা": 0.007334963325183374, "খোলা": 0.007334963325183374, "থাকলে": 0.007334963325183374, "নামাব্রে": 0.007334963325183374, "a": 0.004889975550122249, "ame": 0.004889975550122249, "and": 0.004889975550122249, "chai": 0.004889975550122249, "ekjon": 0.004889975550122249, "eksathe": 0.004889975550122249, "ektai": 0.004889975550122249, "er": 0.004889975550122249, "jai": 0.004889975550122249, "khula": 0.004889975550122249, "kintu": 0.004889975550122249, "may": 0.004889975550122249, "number": 0.004889975550122249, "pathate": 0.004889975550122249, "thakle": 0.004889975550122249, "একই": 0.004889975550122249, "কিন্তু": 0.004889975550122249, "চালাতে": 0.004889975550122249, "চালু": 0.004889975550122249, "নগদ": 0.004889975550122249, "যাবে": 0.004889975550122249, "হবে": 0.004889975550122249, "accha": 0.0024449877750611247, "accunt": 0.0024449877750611247, "agent": 0.0024449877750611247, "am": 0.0024449877750611247, "amake": 0.0024449877750611247, "ar": 0.0024449877750611247, "aro": 0.0024449877750611247, "bikashe": 0.0024449877750611247, "cash": 0.0024449877750611247, "chalano": 0.0024449877750611247, "cholbe": 0.0024449877750611247, "drkr": 0.0024449877750611247, "ekadhik": 0.0024449877750611247, "ekta": 0.0024449877750611247, "eta": 0.0024449877750611247, "etate": 0.0024449877750611247, "for": 0.0024449877750611247, "gula": 0.0024449877750611247, "holo": 0.0024449877750611247, "jabe": 0.0024449877750611247, "jacchi": 0.0024449877750611247, "je": 0.0024449877750611247, "jodi": 0.0024449877750611247, "jonno": 0.0024449877750611247, "kase": 0.0024449877750611247, "khub": 0.0024449877750611247, "khular": 0.0024449877750611247, "khulbo": 0.0024449877750611247, "khulte": 0.0024449877750611247, "kora": 0.0024449877750611247, "kotha": 0.0024449877750611247, "mcash": 0.0024449877750611247, "me": 0.0024449877750611247, "mobile": 0.0024449877750611247, "money": 0.0024449877750611247, "my": 0.0024449877750611247, "nai": 0.0024449877750611247, "o": 0.0024449877750611247, "onek": 0.0024449877750611247, "other": 0.0024449877750611247, "pashapasi": 0.0024449877750611247, "roket": 0.0024449877750611247, "sekhane": 0.0024449877750611247, "send": 0.0024449877750611247, "sob": 0.0024449877750611247, "sure": 0.0024449877750611247, "sure-cash": 0.0024449877750611247, "ta": 0.0024449877750611247, "taka": 0.0024449877750611247, "tcash": 0.0024449877750611247, "thakbe": 0.0024449877750611247, "together": 0.0024449877750611247, "using": 0.0024449877750611247, "vi": 0.0024449877750611247, "want": 0.0024449877750611247, "অনেক": 0.0024449877750611247, "অন্নো": 0.0024449877750611247, "আইডি": 0.0024449877750611247, "আচ্ছে": 0.0024449877750611247, "ইউ": 0.0024449877750611247, "উপায়": 0.0024449877750611247, "একজন": 0.0024449877750611247, "একসাথে": 0.0024449877750611247, "এবং": 0.0024449877750611247, "এমএফএস": 0.0024449877750611247, "এর": 0.0024449877750611247, "কারন": 0.0024449877750611247, "কার্ড": 0.0024449877750611247, "কোন": 0.0024449877750611247, "ক্যাশ": 0.0024449877750611247, "খুব": 0.0024449877750611247, "খুলব": 0.0024449877750611247, "খুলবে": 0.0024449877750611247, "গুলা": 0.0024449877750611247, "গুলো": 0.0024449877750611247, "চলবে": 0.0024449877750611247, "চলে": 0.0024449877750611247, "চাচ্ছি": 0.0024449877750611247, "চায়": 0.0024449877750611247, "টাকা": 0.0024449877750611247, "তেকে": 0.0024449877750611247, "দিয়ে": 0.0024449877750611247, "দ্ররকার": 0.0024449877750611247, "ধরেন": 0.0024449877750611247, "নাই": 0.0024449877750611247, "নাকি": 0.0024449877750611247, "পাথাতে": 0.0024449877750611247, "পাশাপাশি": 0.0024449877750611247, "বিকশ": 0.0024449877750611247, "বিকাশে": 0.0024449877750611247, "বিদেশ": 0.0024449877750611247, "মানুষের": 0.0024449877750611247, "যায়": 0.0024449877750611247, "যেমন": 0.0024449877750611247}