{"account": 0.05187319884726225, "passport": 0.05187319884726225, "bkash": 0.040345821325648415, "পাসপোর্ট": 0.040345821325648415, "ki": 0.034582132564841495, "open": 0.03170028818443804, "একাউন্ট": 0.03170028818443804, "diye": 0.02881844380403458, "দিয়ে": 0.02881844380403458, "বিকাশ": 0.02881844380403458, "i": 0.025936599423631124, "কি": 0.023054755043227664, "ami": 0.01440922190201729, "jabe": 0.01440922190201729, "আমি": 0.01440922190201729, "খুলতে": 0.01440922190201729, "can": 0.011527377521613832, "have": 0.011527377521613832, "korte": 0.011527377521613832, "my": 0.011527377521613832, "parbo": 0.011527377521613832, "আমার": 0.011527377521613832, "কিভাবে": 0.011527377521613832, "খোলা": 0.011527377521613832, "পারবো": 0.011527377521613832, "যাবে": 0.011527377521613832, "a": 0.008645533141210374, "an": 0.008645533141210374, "khola": 0.008645533141210374, "nid": 0.008645533141210374, "sir": 0.008645533141210374, "to": 0.008645533141210374, "দিয়ে": 0.008645533141210374, "bikash": 0.005763688760806916, "but": 0.005763688760806916, "chai": 0.005763688760806916, "hi": 0.005763688760806916, "khulte": 0.005763688760806916, "kora": 0.005763688760806916, "new": 0.005763688760806916, "possible": 0.005763688760806916, "with": 0.005763688760806916, "আছে": 0.005763688760806916, "এর": 0.005763688760806916, "করা": 0.005763688760806916, "কার্ড": 0.005763688760806916, "খুলা": 0.005763688760806916, "মাধ্যমে": 0.005763688760806916, "যায়": 0.005763688760806916, "ajenter": 0.002881844380403458, "already": 0.002881844380403458, "amar": 0.002881844380403458, "apps": 0.002881844380403458, "bangladeshi": 0.002881844380403458, "birth": 0.002881844380403458, "by": 0.002881844380403458, "cai": 0.002881844380403458, "card": 0.002881844380403458, "care": 0.002881844380403458, "cay": 0.002881844380403458, "certificate": 0.002881844380403458, "chassilam": 0.002881844380403458, "create": 0.002881844380403458, "customer": 0.002881844380403458, "dia": 0.002881844380403458, "diya": 0.002881844380403458, "dokaner": 0.002881844380403458, "don't": 0.002881844380403458, "hello": 0.002881844380403458, "id": 0.002881844380403458, "if": 0.002881844380403458, "in": 0.002881844380403458, "is": 0.002881844380403458, "jante": 0.002881844380403458, "kache": 0.002881844380403458, "khulley": 0.002881844380403458, "kin": 0.002881844380403458, "kolte": 0.002881844380403458, "kula": 0.002881844380403458, "kular": 0.002881844380403458, "laghe": 0.002881844380403458, "me": 0.002881844380403458, "national": 0.002881844380403458, "need": 0.002881844380403458, "not": 0.002881844380403458, "or": 0.002881844380403458, "pasport": 0.002881844380403458, "passfort": 0.002881844380403458, "passports": 0.002881844380403458, "personal": 0.002881844380403458, "pic": 0.002881844380403458, "please": 0.002881844380403458, "sym": 0.002881844380403458, "tell": 0.002881844380403458, "that": 0.002881844380403458, "theke": 0.002881844380403458, "throght": 0.002881844380403458, "toh": 0.002881844380403458, "using": 0.002881844380403458, "want": 0.002881844380403458, "you": 0.002881844380403458, "অ্যাকাউন্ট": 0.002881844380403458, "এই": 0.002881844380403458, "একান্ট": 0.002881844380403458, "এখন": 0.002881844380403458, "এনআইডি": 0.002881844380403458, "ওপেন": 0.002881844380403458, "কথা": 0.002881844380403458, "করতে": 0.002881844380403458, "করব": 0.002881844380403458, "করে": 0.002881844380403458, "কোন": 0.002881844380403458, "খুলবো": 0.002881844380403458, "চাই": 0.002881844380403458, "চায়তেছি": 0.002881844380403458, "জানতে": 0.002881844380403458, "দিয়া": 0.002881844380403458, "নতুন": 0.002881844380403458, "নাই": 0.002881844380403458, "নাম্বার": 0.002881844380403458, "নেই": 0.002881844380403458, "নেওয়া": 0.002881844380403458, "পাবকি": 0.002881844380403458, "পারসনাল": 0.002881844380403458, "পারি": 0.002881844380403458, "পাসপোট": 0.002881844380403458, "বলার": 0.002881844380403458, "বলেন": 0.002881844380403458, "বিকাশের": 0.002881844380403458, "ভোটার": 0.002881844380403458, "যায়": 0.002881844380403458, "যে": 0.002881844380403458, "লাগবেই": 0.002881844380403458, "শুধু": 0.002881844380403458, "সকল": 0.002881844380403458, "সরাসরি": 0.002881844380403458, "সাথে": 0.002881844380403458, "সুবিধা": 0.002881844380403458}