{"bkash": 0.050156739811912224, "বিকাশ": 0.04702194357366771, "একাউন্ট": 0.03761755485893417, "ki": 0.034482758620689655, "nid": 0.03134796238244514, "কি": 0.03134796238244514, "account": 0.02821316614420063, "জন্ম": 0.02821316614420063, "খোলা": 0.021943573667711602, "দিয়ে": 0.021943573667711602, "certificate": 0.018808777429467086, "আমি": 0.018808777429467086, "নিবন্ধন": 0.018808777429467086, "ami": 0.01567398119122257, "diye": 0.01567398119122257, "amar": 0.012539184952978056, "birth": 0.012539184952978056, "jay": 0.012539184952978056, "khola": 0.012539184952978056, "আমার": 0.012539184952978056, "খুলতে": 0.012539184952978056, "দিয়ে": 0.012539184952978056, "যাবে": 0.012539184952978056, "যায়": 0.012539184952978056, "card": 0.009404388714733543, "i": 0.009404388714733543, "khulte": 0.009404388714733543, "kono": 0.009404388714733543, "open": 0.009404388714733543, "parbo": 0.009404388714733543, "a": 0.006269592476489028, "bith": 0.006269592476489028, "id": 0.006269592476489028, "nai": 0.006269592476489028, "vabe": 0.006269592476489028, "আইডি": 0.006269592476489028, "আচ্ছা": 0.006269592476489028, "এখন": 0.006269592476489028, "এনআইডি": 0.006269592476489028, "কাড": 0.006269592476489028, "খুলা": 0.006269592476489028, "ছাড়া": 0.006269592476489028, "ছাড়া": 0.006269592476489028, "পারব": 0.006269592476489028, "পারবেন": 0.006269592476489028, "সনদ": 0.006269592476489028, "স্যার": 0.006269592476489028, "accunt": 0.003134796238244514, "aci": 0.003134796238244514, "amr": 0.003134796238244514, "and": 0.003134796238244514, "apni": 0.003134796238244514, "birthday-certificate": 0.003134796238244514, "bolte": 0.003134796238244514, "boyish": 0.003134796238244514, "bt": 0.003134796238244514, "but": 0.003134796238244514, "by": 0.003134796238244514, "can": 0.003134796238244514, "chai": 0.003134796238244514, "chara": 0.003134796238244514, "choto": 0.003134796238244514, "copy": 0.003134796238244514, "crad": 0.003134796238244514, "currently": 0.003134796238244514, "dea": 0.003134796238244514, "diya": 0.003134796238244514, "do": 0.003134796238244514, "doya": 0.003134796238244514, "freelancer": 0.003134796238244514, "have": 0.003134796238244514, "i'm": 0.003134796238244514, "is": 0.003134796238244514, "it": 0.003134796238244514, "j": 0.003134796238244514, "jaba": 0.003134796238244514, "jabe": 0.003134796238244514, "jai": 0.003134796238244514, "jantacascilam": 0.003134796238244514, "jonmo": 0.003134796238244514, "jonmonibondon": 0.003134796238244514, "khula": 0.003134796238244514, "khular": 0.003134796238244514, "kora": 0.003134796238244514, "korte": 0.003134796238244514, "kula": 0.003134796238244514, "kulte": 0.003134796238244514, "me": 0.003134796238244514, "na": 0.003134796238244514, "need": 0.003134796238244514, "nei": 0.003134796238244514, "niche": 0.003134796238244514, "not": 0.003134796238244514, "o": 0.003134796238244514, "online": 0.003134796238244514, "onno": 0.003134796238244514, "option": 0.003134796238244514, "or": 0.003134796238244514, "painai": 0.003134796238244514, "parbe": 0.003134796238244514, "paren": 0.003134796238244514, "passport": 0.003134796238244514, "please": 0.003134796238244514, "possible": 0.003134796238244514, "sara": 0.003134796238244514, "so": 0.003134796238244514, "sonod": 0.003134796238244514, "tell": 0.003134796238244514, "to": 0.003134796238244514, "vai": 0.003134796238244514, "with": 0.003134796238244514, "আই": 0.003134796238244514, "আপনারা": 0.003134796238244514, "একটি": 0.003134796238244514, "একটু": 0.003134796238244514, "এন": 0.003134796238244514, "ও": 0.003134796238244514, "করতে": 0.003134796238244514, "করে": 0.003134796238244514, "কাগজ": 0.003134796238244514, "কার্ড": 0.003134796238244514, "কিনা": 0.003134796238244514, "কিভাবে": 0.003134796238244514, "কেমনে": 0.003134796238244514, "খুলব": 0.003134796238244514, "খুলবো": 0.003134796238244514, "খুলে": 0.003134796238244514, "চাই": 0.003134796238244514, "জরমনিবনদ": 0.003134796238244514, "জানাবেন": 0.003134796238244514, "দিতে": 0.003134796238244514, "নাই": 0.003134796238244514, "নিবন্ধের": 0.003134796238244514, "পাই": 0.003134796238244514, "পারবো": 0.003134796238244514, "বছর": 0.003134796238244514, "বলেন": 0.003134796238244514, "বার্থ": 0.003134796238244514, "বিকাস": 0.003134796238244514, "যায়": 0.003134796238244514, "হাতে": 0.003134796238244514, "হাম": 0.003134796238244514, "হয়নি": 0.003134796238244514, "🙂": 0.003134796238244514}