{"টাকা": 0.06086956521739131, "লিমিট": 0.04057971014492754, "আছে": 0.028985507246376812, "থেকে": 0.028985507246376812, "এর": 0.026086956521739132, "কত": 0.026086956521739132, "কোনো": 0.026086956521739132, "পাঠানো": 0.026086956521739132, "বিদেশ": 0.026086956521739132, "koto": 0.02318840579710145, "remittance": 0.02318840579710145, "রেমিটেন্স": 0.02318840579710145, "limit": 0.02028985507246377, "আমি": 0.017391304347826087, "ক্ষেত্রে": 0.017391304347826087, "পাঠাতে": 0.017391304347826087, "বিকাশ": 0.017391304347826087, "এ": 0.014492753623188406, "মাধ্যমে": 0.014492753623188406, "bidesh": 0.011594202898550725, "bkash": 0.011594202898550725, "theke": 0.011594202898550725, "জানতে": 0.011594202898550725, "পারবো": 0.011594202898550725, "a": 0.008695652173913044, "ak": 0.008695652173913044, "bhaiya": 0.008695652173913044, "er": 0.008695652173913044, "parbo": 0.008695652173913044, "taka": 0.008695652173913044, "সর্বোচ্চ": 0.008695652173913044, "about": 0.005797101449275362, "amount": 0.005797101449275362, "app": 0.005797101449275362, "can": 0.005797101449275362, "e": 0.005797101449275362, "gulo": 0.005797101449275362, "i": 0.005797101449275362, "jabe": 0.005797101449275362, "maximum": 0.005797101449275362, "money": 0.005797101449275362, "neya": 0.005797101449275362, "ooredoo": 0.005797101449275362, "qatar": 0.005797101449275362, "sathe": 0.005797101449275362, "thake": 0.005797101449275362, "tk": 0.005797101449275362, "to": 0.005797101449275362, "union": 0.005797101449275362, "werntern": 0.005797101449275362, "আচ্ছা": 0.005797101449275362, "আসবে": 0.005797101449275362, "একসাথে": 0.005797101449275362, "একাউন্ট": 0.005797101449275362, "কি": 0.005797101449275362, "কিনা": 0.005797101449275362, "চাই": 0.005797101449275362, "চাচ্ছি": 0.005797101449275362, "জানাবেন": 0.005797101449275362, "নিদিষ্ট": 0.005797101449275362, "পর্যন্ত": 0.005797101449275362, "পাঠালে": 0.005797101449275362, "বিকাশে": 0.005797101449275362, "যাবে": 0.005797101449275362, "যায়": 0.005797101449275362, "শেষ": 0.005797101449275362, "accha": 0.002898550724637681, "account": 0.002898550724637681, "ami": 0.002898550724637681, "ante": 0.002898550724637681, "any": 0.002898550724637681, "ase": 0.002898550724637681, "bare": 0.002898550724637681, "bhai": 0.002898550724637681, "bikash": 0.002898550724637681, "chai": 0.002898550724637681, "dao": 0.002898550724637681, "deposit": 0.002898550724637681, "dite": 0.002898550724637681, "ekbare": 0.002898550724637681, "is": 0.002898550724637681, "jai": 0.002898550724637681, "jante": 0.002898550724637681, "jay": 0.002898550724637681, "jekono": 0.002898550724637681, "ki": 0.002898550724637681, "know": 0.002898550724637681, "kono": 0.002898550724637681, "kora": 0.002898550724637681, "me": 0.002898550724637681, "my": 0.002898550724637681, "of": 0.002898550724637681, "pathate": 0.002898550724637681, "please": 0.002898550724637681, "remiitance": 0.002898550724637681, "send": 0.002898550724637681, "somprke": 0.002898550724637681, "takq": 0.002898550724637681, "tell": 0.002898550724637681, "the": 0.002898550724637681, "through": 0.002898550724637681, "uncle": 0.002898550724637681, "want": 0.002898550724637681, "what": 0.002898550724637681, "you": 0.002898550724637681, "আমাকে": 0.002898550724637681, "আমার": 0.002898550724637681, "একদিনে": 0.002898550724637681, "একবারে": 0.002898550724637681, "এক্সচেইঞ্জ": 0.002898550724637681, "ও": 0.002898550724637681, "করতে": 0.002898550724637681, "কোন": 0.002898550724637681, "গ্রহন": 0.002898550724637681, "চাইলে": 0.002898550724637681, "তাহলে": 0.002898550724637681, "নাকি": 0.002898550724637681, "পরিমান": 0.002898550724637681, "পাঠায়": 0.002898550724637681, "পারব": 0.002898550724637681, "পারি": 0.002898550724637681, "বাংলাদেশ": 0.002898550724637681, "বাংলাদেশের": 0.002898550724637681, "বিকাশের": 0.002898550724637681, "ব্যাংক": 0.002898550724637681, "ভাই": 0.002898550724637681, "ভাইয়া": 0.002898550724637681, "মায়ের": 0.002898550724637681, "যদি": 0.002898550724637681, "যেকোনো": 0.002898550724637681, "রেমিট্যান্স": 0.002898550724637681, "সম্পর্কে": 0.002898550724637681, "হলে": 0.002898550724637681, "হলেও": 0.002898550724637681, "হাউজ": 0.002898550724637681}