{"remittance": 0.04076086956521739, "bonus": 0.03260869565217391, "কি": 0.029891304347826088, "রেমিটেন্স": 0.02717391304347826, "উপর": 0.024456521739130436, "থেকে": 0.024456521739130436, "বোনাস": 0.024456521739130436, "kono": 0.021739130434782608, "taka": 0.021739130434782608, "টাকা": 0.021739130434782608, "বিদেশ": 0.019021739130434784, "anle": 0.016304347826086956, "bkash": 0.016304347826086956, "offer": 0.016304347826086956, "কোনো": 0.016304347826086956, "ami": 0.01358695652173913, "bhaiya": 0.01358695652173913, "money": 0.01358695652173913, "আনলে": 0.01358695652173913, "আমি": 0.01358695652173913, "পাবো": 0.01358695652173913, "ভাইয়া": 0.01358695652173913, "available": 0.010869565217391304, "bidesh": 0.010869565217391304, "e": 0.010869565217391304, "i": 0.010869565217391304, "minimum": 0.010869565217391304, "pabo": 0.010869565217391304, "theke": 0.010869565217391304, "দেওয়া": 0.010869565217391304, "any": 0.008152173913043478, "ase": 0.008152173913043478, "er": 0.008152173913043478, "incentive": 0.008152173913043478, "is": 0.008152173913043478, "ki": 0.008152173913043478, "koto": 0.008152173913043478, "the": 0.008152173913043478, "what": 0.008152173913043478, "অফার": 0.008152173913043478, "কত": 0.008152173913043478, "পাঠালে": 0.008152173913043478, "সরকার": 0.008152173913043478, "amar": 0.005434782608695652, "amount": 0.005434782608695652, "bring": 0.005434782608695652, "dei": 0.005434782608695652, "ekaount": 0.005434782608695652, "from": 0.005434782608695652, "get": 0.005434782608695652, "govt": 0.005434782608695652, "if": 0.005434782608695652, "madhome": 0.005434782608695652, "my": 0.005434782608695652, "of": 0.005434782608695652, "on": 0.005434782608695652, "percent": 0.005434782608695652, "rate": 0.005434782608695652, "through": 0.005434782608695652, "to": 0.005434782608695652, "upr": 0.005434782608695652, "usa": 0.005434782608695652, "wants": 0.005434782608695652, "will": 0.005434782608695652, "আছে": 0.005434782608695652, "আমার": 0.005434782608695652, "এ": 0.005434782608695652, "দিচ্ছে": 0.005434782608695652, "পাওয়া": 0.005434782608695652, "পার্সেন্ট": 0.005434782608695652, "প্রনাদোন": 0.005434782608695652, "প্রনাদোনা": 0.005434782608695652, "বলেন": 0.005434782608695652, "রেমিট্যান্সের": 0.005434782608695652, "সরকারী": 0.005434782608695652, "হচ্ছে": 0.005434782608695652, "হয়": 0.005434782608695652, "account": 0.002717391304347826, "ani": 0.002717391304347826, "ashle": 0.002717391304347826, "asle": 0.002717391304347826, "brother": 0.002717391304347826, "can": 0.002717391304347826, "cashback": 0.002717391304347826, "chai": 0.002717391304347826, "deoya": 0.002717391304347826, "dibe": 0.002717391304347826, "diben": 0.002717391304347826, "ditase": 0.002717391304347826, "diye": 0.002717391304347826, "ekhon": 0.002717391304347826, "for": 0.002717391304347826, "hobe": 0.002717391304347826, "how": 0.002717391304347826, "jabe": 0.002717391304347826, "janaben": 0.002717391304347826, "jante": 0.002717391304347826, "je": 0.002717391304347826, "jodi": 0.002717391304347826, "kmne": 0.002717391304347826, "me": 0.002717391304347826, "much": 0.002717391304347826, "niya": 0.002717391304347826, "o": 0.002717391304347826, "pawa": 0.002717391304347826, "pbo": 0.002717391304347826, "please": 0.002717391304347826, "seita": 0.002717391304347826, "send": 0.002717391304347826, "tahole": 0.002717391304347826, "teka": 0.002717391304347826, "tell": 0.002717391304347826, "tk": 0.002717391304347826, "uncle": 0.002717391304347826, "upor": 0.002717391304347826, "vai": 0.002717391304347826, "you": 0.002717391304347826, "আরব": 0.002717391304347826, "একাউন্ট": 0.002717391304347826, "এখনো": 0.002717391304347826, "কিনা": 0.002717391304347826, "কোন": 0.002717391304347826, "চাই": 0.002717391304347826, "জানতে": 0.002717391304347826, "দিবেন": 0.002717391304347826, "দেয়": 0.002717391304347826, "পারি": 0.002717391304347826, "পেতে": 0.002717391304347826, "প্রণোদনা": 0.002717391304347826, "প্রনোদনা": 0.002717391304347826, "বাবা": 0.002717391304347826, "বিকাশ": 0.002717391304347826, "বিকাশে": 0.002717391304347826, "মাধ্যমে": 0.002717391304347826, "যাচ্ছে": 0.002717391304347826, "যায়": 0.002717391304347826, "যে": 0.002717391304347826, "রেমিট্যান্স": 0.002717391304347826, "সেইটা": 0.002717391304347826, "সোদি": 0.002717391304347826, "হাজারে": 0.002717391304347826}