{"আমি": 0.026685393258426962, "level": 0.025280898876404494, "এ": 0.02247191011235955, "লেভেল": 0.021067415730337078, "gold": 0.018258426966292134, "কেন": 0.018258426966292134, "প্লাটিনাম": 0.018258426966292134, "আবার": 0.016853932584269662, "কিন্তু": 0.016853932584269662, "রিওয়ার্ড": 0.016853932584269662, "a": 0.01544943820224719, "গোল্ড": 0.01544943820224719, "e": 0.014044943820224719, "reward": 0.014044943820224719, "আমার": 0.014044943820224719, "এখন": 0.012640449438202247, "ami": 0.011235955056179775, "point": 0.011235955056179775, "পয়েন্ট": 0.011235955056179775, "বিকাশ": 0.011235955056179775, "bkash": 0.009831460674157303, "kno": 0.009831460674157303, "platinum": 0.009831460674157303, "কি": 0.009831460674157303, "লেভেলে": 0.009831460674157303, "keno": 0.008426966292134831, "ছিলাম": 0.008426966292134831, "amr": 0.007022471910112359, "but": 0.007022471910112359, "kome": 0.007022471910112359, "আমাকে": 0.007022471910112359, "থেকে": 0.007022471910112359, "দেখি": 0.007022471910112359, "ki": 0.0056179775280898875, "use": 0.0056179775280898875, "কারণ": 0.0056179775280898875, "গোল্ডে": 0.0056179775280898875, "abar": 0.004213483146067416, "amar": 0.004213483146067416, "app": 0.004213483146067416, "gelo": 0.004213483146067416, "i": 0.004213483146067416, "is": 0.004213483146067416, "jai": 0.004213483146067416, "আনলক": 0.004213483146067416, "এর": 0.004213483146067416, "কমে": 0.004213483146067416, "কারন": 0.004213483146067416, "চলে": 0.004213483146067416, "ডায়মন্ড": 0.004213483146067416, "দেখছি": 0.004213483146067416, "নামিয়ে": 0.004213483146067416, "পর": 0.004213483146067416, "প্লাটিনামে": 0.004213483146067416, "হচ্ছে": 0.004213483146067416, "abr": 0.0028089887640449437, "ache": 0.0028089887640449437, "akhon": 0.0028089887640449437, "akon": 0.0028089887640449437, "aste": 0.0028089887640449437, "bere": 0.0028089887640449437, "chilam": 0.0028089887640449437, "cilam": 0.0028089887640449437, "daimond": 0.0028089887640449437, "ekn": 0.0028089887640449437, "ektu": 0.0028089887640449437, "gesi": 0.0028089887640449437, "have": 0.0028089887640449437, "holo": 0.0028089887640449437, "karon": 0.0028089887640449437, "kintu": 0.0028089887640449437, "kivabe": 0.0028089887640449437, "kore": 0.0028089887640449437, "line": 0.0028089887640449437, "maze": 0.0028089887640449437, "my": 0.0028089887640449437, "na": 0.0028089887640449437, "neme": 0.0028089887640449437, "platinam": 0.0028089887640449437, "reached": 0.0028089887640449437, "silam": 0.0028089887640449437, "the": 0.0028089887640449437, "to": 0.0028089887640449437, "why": 0.0028089887640449437, "অল্টো": 0.0028089887640449437, "আচ্ছা": 0.0028089887640449437, "আজ": 0.0028089887640449437, "আজকে": 0.0028089887640449437, "এপ": 0.0028089887640449437, "কমল": 0.0028089887640449437, "গতকাল": 0.0028089887640449437, "গিয়েছিলাম": 0.0028089887640449437, "গেলাম": 0.0028089887640449437, "ছিল": 0.0028089887640449437, "টাকা": 0.0028089887640449437, "দিয়ে": 0.0028089887640449437, "দিয়েছে": 0.0028089887640449437, "দেওয়া": 0.0028089887640449437, "না": 0.0028089887640449437, "নিচে": 0.0028089887640449437, "নেমে": 0.0028089887640449437, "বিকাশে": 0.0028089887640449437, "যাওয়ার": 0.0028089887640449437, "যাচ্ছে": 0.0028089887640449437, "যে": 0.0028089887640449437, "লেনদেন": 0.0028089887640449437, "হয়েছে": 0.0028089887640449437, "+": 0.0014044943820224719, "age": 0.0014044943820224719, "aj": 0.0014044943820224719, "ajke": 0.0014044943820224719, "aki": 0.0014044943820224719, "amake": 0.0014044943820224719, "amk": 0.0014044943820224719, "amn": 0.0014044943820224719, "apps": 0.0014044943820224719, "asce": 0.0014044943820224719, "asi": 0.0014044943820224719, "aslo": 0.0014044943820224719, "automatic": 0.0014044943820224719, "besi": 0.0014044943820224719, "bhai": 0.0014044943820224719, "bidyut": 0.0014044943820224719, "bill": 0.0014044943820224719, "chai": 0.0014044943820224719, "chilo": 0.0014044943820224719, "chole": 0.0014044943820224719, "congratulation": 0.0014044943820224719, "cross": 0.0014044943820224719, "dakassa": 0.0014044943820224719, "daktasi": 0.0014044943820224719, "decrease": 0.0014044943820224719, "decreased": 0.0014044943820224719, "dekhi": 0.0014044943820224719, "dewa": 0.0014044943820224719, "dheki": 0.0014044943820224719, "diamond": 0.0014044943820224719, "dike": 0.0014044943820224719, "dile": 0.0014044943820224719, "downgread": 0.0014044943820224719, "er": 0.0014044943820224719, "eseche": 0.0014044943820224719, "felcilm": 0.0014044943820224719, "gese": 0.0014044943820224719, "golden": 0.0014044943820224719, "happening": 0.0014044943820224719, "hoicilo": 0.0014044943820224719, "hoto": 0.0014044943820224719, "hower": 0.0014044943820224719, "hoye": 0.0014044943820224719, "hoyeche": 0.0014044943820224719, "hoyse": 0.0014044943820224719, "huk": 0.0014044943820224719, "it": 0.0014044943820224719, "jacche": 0.0014044943820224719, "jante": 0.0014044943820224719, "jeto": 0.0014044943820224719, "kano": 0.0014044943820224719, "kateo": 0.0014044943820224719, "kobei": 0.0014044943820224719, "kora": 0.0014044943820224719, "koray": 0.0014044943820224719, "korini": 0.0014044943820224719, "korle": 0.0014044943820224719, "korse": 0.0014044943820224719, "korsi": 0.0014044943820224719, "kre": 0.0014044943820224719, "kume": 0.0014044943820224719, "last": 0.0014044943820224719, "lebel": 0.0014044943820224719, "lock": 0.0014044943820224719, "locked": 0.0014044943820224719, "lomba": 0.0014044943820224719, "mane": 0.0014044943820224719, "member": 0.0014044943820224719, "month": 0.0014044943820224719, "naki": 0.0014044943820224719, "namai": 0.0014044943820224719, "namano": 0.0014044943820224719, "ni": 0.0014044943820224719, "niche": 0.0014044943820224719, "niomito": 0.0014044943820224719, "niye": 0.0014044943820224719, "normally": 0.0014044943820224719, "ogrogoti": 0.0014044943820224719, "pechoner": 0.0014044943820224719, "pele": 0.0014044943820224719, "pentinum": 0.0014044943820224719, "platium": 0.0014044943820224719, "problem": 0.0014044943820224719, "progression": 0.0014044943820224719, "rewards": 0.0014044943820224719, "rewords": 0.0014044943820224719, "riwoard": 0.0014044943820224719, "seen": 0.0014044943820224719, "shate": 0.0014044943820224719, "show": 0.0014044943820224719, "silo": 0.0014044943820224719, "st": 0.0014044943820224719, "suffer": 0.0014044943820224719, "ta": 0.0014044943820224719, "tahole": 0.0014044943820224719, "taitenium": 0.0014044943820224719, "tar": 0.0014044943820224719, "tarpor": 0.0014044943820224719, "tear": 0.0014044943820224719, "tekhe": 0.0014044943820224719, "that": 0.0014044943820224719, "theke": 0.0014044943820224719, "thik": 0.0014044943820224719, "today": 0.0014044943820224719, "unlock": 0.0014044943820224719, "vaia": 0.0014044943820224719, "valoi": 0.0014044943820224719, "was": 0.0014044943820224719, "you": 0.0014044943820224719, "অগ্রগতি": 0.0014044943820224719, "অটো": 0.0014044943820224719, "অতিক্রম": 0.0014044943820224719, "অনেক": 0.0014044943820224719, "অর্জন": 0.0014044943820224719, "আগে": 0.0014044943820224719, "আছি": 0.0014044943820224719, "আছিলাম": 0.0014044943820224719, "আছে": 0.0014044943820224719, "আমিত": 0.0014044943820224719, "আর": 0.0014044943820224719, "আসছি": 0.0014044943820224719, "আসছে": 0.0014044943820224719, "আসল": 0.0014044943820224719, "আসা": 0.0014044943820224719, "উঠেছি": 0.0014044943820224719, "একাউন্ট": 0.0014044943820224719, "একাউন্টটি": 0.0014044943820224719, "এটি": 0.0014044943820224719, "এপে": 0.0014044943820224719, "এবং": 0.0014044943820224719, "এমন": 0.0014044943820224719, "কথা": 0.0014044943820224719, "কমতে": 0.0014044943820224719, "কমানো": 0.0014044943820224719, "কমার": 0.0014044943820224719, "করতামনা": 0.0014044943820224719, "করলে": 0.0014044943820224719, "করলেই": 0.0014044943820224719, "করিনি": 0.0014044943820224719, "করে": 0.0014044943820224719, "করেছি": 0.0014044943820224719, "করেছিলাম": 0.0014044943820224719, "কী": 0.0014044943820224719, "কেনো": 0.0014044943820224719, "কোন": 0.0014044943820224719, "ক্যাশব্যাকও": 0.0014044943820224719, "কয়েক": 0.0014044943820224719,