{"পয়েন্ট": 0.04166666666666667, "কি": 0.02746212121212121, "বিকাশ": 0.026515151515151516, "point": 0.02556818181818182, "আমি": 0.023674242424242424, "রিওয়ার্ড": 0.02178030303030303, "bkash": 0.020833333333333336, "ki": 0.01799242424242424, "reward": 0.016098484848484848, "কিভাবে": 0.016098484848484848, "ব্যবহার": 0.015151515151515152, "ami": 0.014204545454545454, "আমার": 0.012310606060606062, "দিয়ে": 0.010416666666666668, "জানতে": 0.00946969696969697, "টাকা": 0.00946969696969697, "করবো": 0.008522727272727274, "use": 0.007575757575757576, "চাই": 0.007575757575757576, "পারবো": 0.007575757575757576, "ভাবে": 0.007575757575757576, "সম্পর্কে": 0.007575757575757576, "a": 0.006628787878787879, "amar": 0.006628787878787879, "kivabe": 0.006628787878787879, "pabo": 0.006628787878787879, "করতে": 0.006628787878787879, "করে": 0.006628787878787879, "er": 0.005681818181818182, "korbo": 0.005681818181818182, "korte": 0.005681818181818182, "এর": 0.005681818181818182, "করা": 0.005681818181818182, "গুলো": 0.005681818181818182, "পয়েন্ট": 0.005681818181818182, "বিকাশে": 0.005681818181818182, "amr": 0.004734848484848485, "back": 0.004734848484848485, "cash": 0.004734848484848485, "diye": 0.004734848484848485, "rewards": 0.004734848484848485, "taka": 0.004734848484848485, "tk": 0.004734848484848485, "আছে": 0.004734848484848485, "তো": 0.004734848484848485, "পাব": 0.004734848484848485, "পাবো": 0.004734848484848485, "claim": 0.003787878787878788, "jante": 0.003787878787878788, "kora": 0.003787878787878788, "ta": 0.003787878787878788, "এখন": 0.003787878787878788, "করব": 0.003787878787878788, "কাজ": 0.003787878787878788, "কিছু": 0.003787878787878788, "চাচ্ছি": 0.003787878787878788, "জমা": 0.003787878787878788, "জানাবেন": 0.003787878787878788, "নিতে": 0.003787878787878788, "বিকাশের": 0.003787878787878788, "মোবাইল": 0.003787878787878788, "যায়": 0.003787878787878788, "স্যার": 0.003787878787878788, "+": 0.002840909090909091, "ame": 0.002840909090909091, "ase": 0.002840909090909091, "bebohar": 0.002840909090909091, "bill": 0.002840909090909091, "cashback": 0.002840909090909091, "e": 0.002840909090909091, "eta": 0.002840909090909091, "gold": 0.002840909090909091, "how": 0.002840909090909091, "i": 0.002840909090909091, "jay": 0.002840909090909091, "parbo": 0.002840909090909091, "pay": 0.002840909090909091, "recharge": 0.002840909090909091, "sir": 0.002840909090909091, "vabe": 0.002840909090909091, "এগুলো": 0.002840909090909091, "কথা": 0.002840909090909091, "কাজে": 0.002840909090909091, "কী": 0.002840909090909091, "না": 0.002840909090909091, "নাকি": 0.002840909090909091, "নিয়ে": 0.002840909090909091, "পয়েন্টস": 0.002840909090909091, "রিওয়ার্ড": 0.002840909090909091, "শুধু": 0.002840909090909091, "হয়": 0.002840909090909091, "about": 0.001893939393939394, "accha": 0.001893939393939394, "ace": 0.001893939393939394, "akhon": 0.001893939393939394, "akon": 0.001893939393939394, "app": 0.001893939393939394, "ar": 0.001893939393939394, "bar": 0.001893939393939394, "bikas": 0.001893939393939394, "bonus": 0.001893939393939394, "but": 0.001893939393939394, "chacchi": 0.001893939393939394, "chai": 0.001893939393939394, "dia": 0.001893939393939394, "korle": 0.001893939393939394, "level": 0.001893939393939394, "niom": 0.001893939393939394, "offer": 0.001893939393939394, "oi": 0.001893939393939394, "poin": 0.001893939393939394, "points": 0.001893939393939394, "somporke": 0.001893939393939394, "theke": 0.001893939393939394, "to": 0.001893939393939394, "vai": 0.001893939393939394, "অফার": 0.001893939393939394, "আছি": 0.001893939393939394, "এই": 0.001893939393939394, "কত": 0.001893939393939394, "কয়েন": 0.001893939393939394, "কীভাবে": 0.001893939393939394, "ক্যাশ": 0.001893939393939394, "ক্লাইম": 0.001893939393939394, "ক্লিক": 0.001893939393939394, "গেছে": 0.001893939393939394, "ছিলো": 0.001893939393939394, "টা": 0.001893939393939394, "থেকে": 0.001893939393939394, "দারা": 0.001893939393939394, "দিলে": 0.001893939393939394, "পারি": 0.001893939393939394, "পে": 0.001893939393939394, "বর্তমানে": 0.001893939393939394, "বলতে": 0.001893939393939394, "বলবেন": 0.001893939393939394, "বার": 0.001893939393939394, "বিল": 0.001893939393939394, "ব্যাবহার": 0.001893939393939394, "যাবে": 0.001893939393939394, "যে": 0.001893939393939394, "রিওয়ার্ডস": 0.001893939393939394, "রিচার্জ": 0.001893939393939394, "রিসার্চ": 0.001893939393939394, "হয়েছে": 0.001893939393939394, "ache": 0.000946969696969697, "ai": 0.000946969696969697, "aj": 0.000946969696969697, "akn": 0.000946969696969697, "amake": 0.000946969696969697, "and": 0.000946969696969697, "apu": 0.000946969696969697, "asce": 0.000946969696969697, "asi": 0.000946969696969697, "assa": 0.000946969696969697, "awared": 0.000946969696969697, "babe": 0.000946969696969697, "babohar": 0.000946969696969697, "baboher": 0.000946969696969697, "bake": 0.000946969696969697, "balance": 0.000946969696969697, "bapare": 0.000946969696969697, "bevohar": 0.000946969696969697, "bhash": 0.000946969696969697, "bkaah": 0.000946969696969697, "bksh": 0.000946969696969697, "bolben": 0.000946969696969697, "bolen": 0.000946969696969697, "bolento": 0.000946969696969697, "bolun": 0.000946969696969697, "cacchi": 0.000946969696969697, "cai": 0.000946969696969697, "can": 0.000946969696969697, "cask": 0.000946969696969697, "collected": 0.000946969696969697, "day": 0.000946969696969697, "dekhasse": 0.000946969696969697, "dorkar": 0.000946969696969697, "eigulo": 0.000946969696969697, "ek": 0.000946969696969697, "ekhon": 0.000946969696969697, "ekta": 0.000946969696969697, "ektu": 0.000946969696969697, "etar": 0.000946969696969697, "gele": 0.000946969696969697, "get": 0.000946969696969697, "gulo": 0.000946969696969697, "hay": 0.000946969696969697, "hbe": 0.000946969696969697, "hello": 0.000946969696969697, "hlp": 0.000946969696969697, "hlw": 0.000946969696969697, "hoyca": 0.000946969696969697, "iante": 0.000946969696969697, "jabe": 0.000946969696969697, "janta": 0.000946969696969697, "jate": 0.000946969696969697, "je": 0.000946969696969697, "jinista": 0.000946969696969697, "jodi": 0.000946969696969697, "jok": 0.000946969696969697, "kaj": 0.000946969696969697, "kaje": 0.000946969696969697, "kaler": 0.000946969696969697, "kato": 0.000946969696969697, "ke": 0.000946969696969697, "kibabe": 0.000946969696969697, "kibhabe": 0.000946969696969697, "kindly": 0.000946969696969697, "kivbe": 0.000946969696969697, "know": 0.000946969696969697, "ko": 0.000946969696969697, "kono": 0.000946969696969697, "korchi": 0.000946969696969697, "kore": 0.000946969696969697, "korechi": 0.000946969696969697, "kori": 0.000946969696969697, "korsi": 0.000946969696969697, "kortay": 0.000946969696969697, "koto": 0.000946969696969697, "koy": 0.000946969696969697, "koyen": 0.000946969696969697, "kra": 0.000946969696969697, "lagabo": 0.000946969696969697, "lagbe": 0.000946969696969697, "lekha": 0.000946969696969697, "maddhome": 0.000946969696969697, "mane": 0.000946969696969697, "mashe": 0.000946969696969697, "me": 0.000946969696969697, "mobile": 0.000946969696969697, "moddhe": 0.000946969696969697, "na": 0.000946969696969697, "naki": 0.000946969696969697, "nibo": 0.000946969696969697, "niyom": 0.000946969696969697, "of": 0.000946969696969697, "on": 0.000946969696969697, "onek": 0.000946969696969697, "paini": 0.000946969696969697, "paoar": 0.000946969696969697, "pari": 0.000946969696969697, "pawa": 0.000946969696969697, "payment": 0.000946969696969697, "pete": 0.000946969696969697, "platinam": 0.000946969696969697, "please": 0.000946969696969697, "plz": 0.000946969696969697, "poind": 0.000946969696969697, "porint": 0.000946969696969697, "poyet": 0.000946969696969697, "poyin": 0.000946969696969697, "question": 0.000946969696969697, "r": 0.000946969696969697, "redom": 0.000946969696969697, "reod": 0.000946969696969697, "reword": 0.000946969696969697, "rieawrd": 0.000946969696969697, "riword": 0.000946969696969697, "sego": 0.000946969696969697, "shorto": 0.000946969696969697, "si": 0.000946969696969697, "something": 0.000946969696969697,