{"টাকা": 0.04560260586319219, "কত": 0.042345276872964174, "koto": 0.02931596091205212, "savings": 0.026058631921824105, "সেভিংস": 0.026058631921824105, "করে": 0.022801302931596094, "বছর": 0.022801302931596094, "যাবে": 0.01954397394136808, "jonno": 0.016286644951140065, "saving": 0.016286644951140065, "আমি": 0.016286644951140065, "রাখা": 0.016286644951140065, "সেভিংসে": 0.016286644951140065, "account": 0.013029315960912053, "bkash": 0.013029315960912053, "korte": 0.013029315960912053, "parbo": 0.013029315960912053, "taka": 0.013029315960912053, "জন্য": 0.013029315960912053, "জমা": 0.013029315960912053, "মাসে": 0.013029315960912053, "a": 0.00977198697068404, "ami": 0.00977198697068404, "idlc": 0.00977198697068404, "kora": 0.00977198697068404, "tk": 0.00977198697068404, "করতে": 0.00977198697068404, "করা": 0.00977198697068404, "বলেন": 0.00977198697068404, "বিকাশের": 0.00977198697068404, "মেয়াদ": 0.00977198697068404, "যায়": 0.00977198697068404, "ame": 0.006514657980456026, "bosor": 0.006514657980456026, "can": 0.006514657980456026, "chai": 0.006514657980456026, "diner": 0.006514657980456026, "e": 0.006514657980456026, "for": 0.006514657980456026, "how": 0.006514657980456026, "i": 0.006514657980456026, "jabe": 0.006514657980456026, "ki": 0.006514657980456026, "kore": 0.006514657980456026, "meyad": 0.006514657980456026, "of": 0.006514657980456026, "year": 0.006514657980456026, "আছে": 0.006514657980456026, "আপনাদের": 0.006514657980456026, "এ": 0.006514657980456026, "এটা": 0.006514657980456026, "এর": 0.006514657980456026, "কতো": 0.006514657980456026, "জমাতে": 0.006514657980456026, "জমানো": 0.006514657980456026, "পারব": 0.006514657980456026, "বা": 0.006514657980456026, "যায়": 0.006514657980456026, "সেভিং": 0.006514657980456026, "হবে": 0.006514657980456026, "amount": 0.003257328990228013, "and": 0.003257328990228013, "ar": 0.003257328990228013, "bikass": 0.003257328990228013, "bochor": 0.003257328990228013, "bochorer": 0.003257328990228013, "bocorer": 0.003257328990228013, "bolen": 0.003257328990228013, "chacchi": 0.003257328990228013, "deposit": 0.003257328990228013, "duration": 0.003257328990228013, "er": 0.003257328990228013, "eta": 0.003257328990228013, "hoi": 0.003257328990228013, "hove": 0.003257328990228013, "idl": 0.003257328990228013, "is": 0.003257328990228013, "jai": 0.003257328990228013, "janaben": 0.003257328990228013, "jante": 0.003257328990228013, "joma": 0.003257328990228013, "jomate": 0.003257328990228013, "korle": 0.003257328990228013, "kotho": 0.003257328990228013, "many": 0.003257328990228013, "mashe": 0.003257328990228013, "mass": 0.003257328990228013, "meyadi": 0.003257328990228013, "month": 0.003257328990228013, "monthly": 0.003257328990228013, "much": 0.003257328990228013, "nice": 0.003257328990228013, "nimne": 0.003257328990228013, "open": 0.003257328990228013, "pre": 0.003257328990228013, "r": 0.003257328990228013, "rakhte": 0.003257328990228013, "rakte": 0.003257328990228013, "seving": 0.003257328990228013, "te": 0.003257328990228013, "thakbe": 0.003257328990228013, "the": 0.003257328990228013, "what": 0.003257328990228013, "একটা": 0.003257328990228013, "এটার": 0.003257328990228013, "কতদিন": 0.003257328990228013, "কতোদিনের": 0.003257328990228013, "করবেন": 0.003257328990228013, "কাকে": 0.003257328990228013, "কোনো": 0.003257328990228013, "খুলি": 0.003257328990228013, "খোলা": 0.003257328990228013, "চাই": 0.003257328990228013, "জমানোর": 0.003257328990228013, "জানিয়ে": 0.003257328990228013, "জাবো": 0.003257328990228013, "টা": 0.003257328990228013, "তে": 0.003257328990228013, "তো": 0.003257328990228013, "তোলা": 0.003257328990228013, "দিতে": 0.003257328990228013, "দিনের": 0.003257328990228013, "নতুন": 0.003257328990228013, "নাকি": 0.003257328990228013, "নূন্যতম": 0.003257328990228013, "ন্যূনতম": 0.003257328990228013, "পর": 0.003257328990228013, "পর্যন্ত": 0.003257328990228013, "পারবো": 0.003257328990228013, "প্রতিমাসে": 0.003257328990228013, "বছরের": 0.003257328990228013, "বলে": 0.003257328990228013, "মাস": 0.003257328990228013, "মাসের": 0.003257328990228013, "মেয়াদী": 0.003257328990228013, "মেয়াদি": 0.003257328990228013, "যদি": 0.003257328990228013, "যেখানে": 0.003257328990228013, "রাখলে": 0.003257328990228013, "শুরু": 0.003257328990228013, "সঞ্চয়": 0.003257328990228013, "সঞ্চয়": 0.003257328990228013, "সর্বনিম্ন": 0.003257328990228013, "সহায়তা": 0.003257328990228013, "সার্ভিস": 0.003257328990228013, "সার্ভিসটি": 0.003257328990228013, "সিস্টেম": 0.003257328990228013, "সেবাটিতে": 0.003257328990228013, "সেভিংসের": 0.003257328990228013}