{"savings": 0.04545454545454545, "কি": 0.03977272727272727, "সেভিংস": 0.036931818181818184, "নমিনি": 0.03125, "nominee": 0.028409090909090908, "ki": 0.022727272727272724, "nomini": 0.019886363636363636, "account": 0.017045454545454544, "for": 0.014204545454545454, "is": 0.014204545454545454, "of": 0.014204545454545454, "ame": 0.011363636363636362, "the": 0.011363636363636362, "tottho": 0.011363636363636362, "what": 0.011363636363636362, "আমি": 0.011363636363636362, "খুলতে": 0.011363636363636362, "তথ্য": 0.011363636363636362, "দেওয়া": 0.011363636363636362, "নমিনির": 0.011363636363636362, "er": 0.008522727272727272, "in": 0.008522727272727272, "kaj": 0.008522727272727272, "kano": 0.008522727272727272, "saving": 0.008522727272727272, "somoi": 0.008522727272727272, "এ": 0.008522727272727272, "কেন": 0.008522727272727272, "সময়": 0.008522727272727272, "amake": 0.005681818181818181, "e": 0.005681818181818181, "etar": 0.005681818181818181, "hobe": 0.005681818181818181, "information": 0.005681818181818181, "it": 0.005681818181818181, "khulbo": 0.005681818181818181, "korbo": 0.005681818181818181, "korer": 0.005681818181818181, "mandatory": 0.005681818181818181, "me": 0.005681818181818181, "nominne": 0.005681818181818181, "please": 0.005681818181818181, "provide": 0.005681818181818181, "providing": 0.005681818181818181, "sir": 0.005681818181818181, "tell": 0.005681818181818181, "to": 0.005681818181818181, "আপনারা": 0.005681818181818181, "আবার": 0.005681818181818181, "আমার": 0.005681818181818181, "একটা": 0.005681818181818181, "একাউন্ট": 0.005681818181818181, "এটা": 0.005681818181818181, "কথা": 0.005681818181818181, "করব": 0.005681818181818181, "করা": 0.005681818181818181, "কিন্তু": 0.005681818181818181, "খুলার": 0.005681818181818181, "জন্য": 0.005681818181818181, "দরকার": 0.005681818181818181, "দিলাম": 0.005681818181818181, "দিয়ে": 0.005681818181818181, "না": 0.005681818181818181, "বস": 0.005681818181818181, "বিকাশে": 0.005681818181818181, "যে": 0.005681818181818181, "সেভিংসে": 0.005681818181818181, "স্যার": 0.005681818181818181, "হবে": 0.005681818181818181, "a": 0.0028409090909090906, "about": 0.0028409090909090906, "amar": 0.0028409090909090906, "ami": 0.0028409090909090906, "asbe": 0.0028409090909090906, "benefit": 0.0028409090909090906, "benefits": 0.0028409090909090906, "besi": 0.0028409090909090906, "bolben": 0.0028409090909090906, "bolen": 0.0028409090909090906, "but": 0.0028409090909090906, "chai": 0.0028409090909090906, "chalu": 0.0028409090909090906, "dawa": 0.0028409090909090906, "dawar": 0.0028409090909090906, "dekhlam": 0.0028409090909090906, "dibo": 0.0028409090909090906, "dilam": 0.0028409090909090906, "dite": 0.0028409090909090906, "ditei": 0.0028409090909090906, "diye": 0.0028409090909090906, "dorkari": 0.0028409090909090906, "ektu": 0.0028409090909090906, "eta": 0.0028409090909090906, "guruttopurno": 0.0028409090909090906, "have": 0.0028409090909090906, "how": 0.0028409090909090906, "i": 0.0028409090909090906, "importance": 0.0028409090909090906, "important": 0.0028409090909090906, "informaton": 0.0028409090909090906, "jante": 0.0028409090909090906, "je": 0.0028409090909090906, "jonno": 0.0028409090909090906, "kaje": 0.0028409090909090906, "karon": 0.0028409090909090906, "khub": 0.0028409090909090906, "khular": 0.0028409090909090906, "khullam": 0.0028409090909090906, "kirokom": 0.0028409090909090906, "korben": 0.0028409090909090906, "lage": 0.0028409090909090906, "neccesity": 0.0028409090909090906, "niminiee": 0.0028409090909090906, "noomini": 0.0028409090909090906, "pari": 0.0028409090909090906, "sabing": 0.0028409090909090906, "sevings": 0.0028409090909090906, "why": 0.0028409090909090906, "works": 0.0028409090909090906, "অনেক": 0.0028409090909090906, "আইডি": 0.0028409090909090906, "আচ্ছা": 0.0028409090909090906, "আসছে": 0.0028409090909090906, "আসলে": 0.0028409090909090906, "উপকারিতা": 0.0028409090909090906, "এই": 0.0028409090909090906, "একাউন্টের": 0.0028409090909090906, "এখন": 0.0028409090909090906, "এখানে": 0.0028409090909090906, "এটার": 0.0028409090909090906, "এতা": 0.0028409090909090906, "এন": 0.0028409090909090906, "এনআইডি": 0.0028409090909090906, "এসএমএস": 0.0028409090909090906, "ও": 0.0028409090909090906, "করার": 0.0028409090909090906, "কাজ": 0.0028409090909090906, "কার্ড": 0.0028409090909090906, "কিনা": 0.0028409090909090906, "কিসের": 0.0028409090909090906, "কোন": 0.0028409090909090906, "খুললাম": 0.0028409090909090906, "খোলার": 0.0028409090909090906, "গিয়ে": 0.0028409090909090906, "চাইল": 0.0028409090909090906, "ছাছচি": 0.0028409090909090906, "ছান": 0.0028409090909090906, "জরুরি": 0.0028409090909090906, "জানতে": 0.0028409090909090906, "ডিপোজিট": 0.0028409090909090906, "তাঁকে": 0.0028409090909090906, "তাহলে": 0.0028409090909090906, "থাকে": 0.0028409090909090906, "দেখি": 0.0028409090909090906, "দেখিই": 0.0028409090909090906, "দ্ররকার": 0.0028409090909090906, "নমনি": 0.0028409090909090906, "নমীনি": 0.0028409090909090906, "নিতেছেন": 0.0028409090909090906, "পারি": 0.0028409090909090906, "পারে": 0.0028409090909090906, "ফোনে": 0.0028409090909090906, "বলেন": 0.0028409090909090906, "বাধ্যতামূলক": 0.0028409090909090906, "ভবিষ্যতে": 0.0028409090909090906, "মাধ্যম": 0.0028409090909090906, "যদি": 0.0028409090909090906, "যাবে": 0.0028409090909090906, "যেন": 0.0028409090909090906, "যেয়ে": 0.0028409090909090906, "রিজেক্ট": 0.0028409090909090906, "লমিনি": 0.0028409090909090906, "লাগবে": 0.0028409090909090906, "লাগবেই": 0.0028409090909090906, "লাগেকি": 0.0028409090909090906, "লাভ": 0.0028409090909090906, "হতে": 0.0028409090909090906, "হয়েছে": 0.0028409090909090906}