{"টাকা": 0.03969594594594594, "আমি": 0.028716216216216214, "কি": 0.02449324324324324, "সেভিংস": 0.02449324324324324, "ki": 0.016047297297297296, "savings": 0.014358108108108107, "সেভিং": 0.014358108108108107, "ami": 0.013513513513513513, "চাই": 0.013513513513513513, "যাবে": 0.013513513513513513, "taka": 0.012668918918918918, "করতে": 0.012668918918918918, "আমার": 0.011824324324324325, "আগে": 0.010135135135135134, "না": 0.010135135135135134, "saving": 0.009290540540540541, "পারবো": 0.009290540540540541, "বন্ধ": 0.009290540540540541, "account": 0.008445945945945945, "cancel": 0.008445945945945945, "idlc": 0.008445945945945945, "parbo": 0.008445945945945945, "korte": 0.007601351351351351, "জমা": 0.007601351351351351, "তুলতে": 0.007601351351351351, "পারব": 0.007601351351351351, "বাতিল": 0.007601351351351351, "যদি": 0.007601351351351351, "off": 0.006756756756756756, "এ": 0.006756756756756756, "করা": 0.006756756756756756, "বছর": 0.006756756756756756, "batil": 0.0059121621621621625, "i": 0.0059121621621621625, "tk": 0.0059121621621621625, "একাউন্ট": 0.0059121621621621625, "বিকাশ": 0.0059121621621621625, "মাস": 0.0059121621621621625, "মেয়াদ": 0.0059121621621621625, "age": 0.005067567567567567, "korar": 0.005067567567567567, "korbo": 0.005067567567567567, "করে": 0.005067567567567567, "কিন্তু": 0.005067567567567567, "পর": 0.005067567567567567, "যে": 0.005067567567567567, "সময়": 0.005067567567567567, "সেভিংসে": 0.005067567567567567, "amar": 0.004222972972972972, "dps": 0.004222972972972972, "e": 0.004222972972972972, "ta": 0.004222972972972972, "want": 0.004222972972972972, "একাউন্টে": 0.004222972972972972, "করলে": 0.004222972972972972, "টা": 0.004222972972972972, "ফেরত": 0.004222972972972972, "শেষ": 0.004222972972972972, "er": 0.003378378378378378, "hobe": 0.003378378378378378, "kivabe": 0.003378378378378378, "my": 0.003378378378378378, "ses": 0.003378378378378378, "to": 0.003378378378378378, "আগেই": 0.003378378378378378, "উত্তোলন": 0.003378378378378378, "এটা": 0.003378378378378378, "এর": 0.003378378378378378, "কিনা": 0.003378378378378378, "জন্য": 0.003378378378378378, "তাহলে": 0.003378378378378378, "নিতে": 0.003378378378378378, "পাবো": 0.003378378378378378, "ফেলতে": 0.003378378378378378, "ভেঙে": 0.003378378378378378, "রাখলে": 0.003378378378378378, "হওয়ার": 0.003378378378378378, "bkash": 0.0025337837837837835, "cai": 0.0025337837837837835, "close": 0.0025337837837837835, "deposit": 0.0025337837837837835, "kono": 0.0025337837837837835, "kora": 0.0025337837837837835, "korle": 0.0025337837837837835, "koto": 0.0025337837837837835, "meyad": 0.0025337837837837835, "na": 0.0025337837837837835, "oita": 0.0025337837837837835, "pabo": 0.0025337837837837835, "por": 0.0025337837837837835, "sir": 0.0025337837837837835, "somoy": 0.0025337837837837835, "this": 0.0025337837837837835, "tulte": 0.0025337837837837835, "উঠাতে": 0.0025337837837837835, "কোন": 0.0025337837837837835, "ক্যানসেল": 0.0025337837837837835, "জানাবেন": 0.0025337837837837835, "ডিপোজিট": 0.0025337837837837835, "তে": 0.0025337837837837835, "থেকে": 0.0025337837837837835, "ভাংতে": 0.0025337837837837835, "যেকোনো": 0.0025337837837837835, "স্কিম": 0.0025337837837837835, "a": 0.001689189189189189, "abr": 0.001689189189189189, "accessibility": 0.001689189189189189, "akon": 0.001689189189189189, "am": 0.001689189189189189, "amr": 0.001689189189189189, "ar": 0.001689189189189189, "cash": 0.001689189189189189, "chai": 0.001689189189189189, "chaile": 0.001689189189189189, "din": 0.001689189189189189, "hobar": 0.001689189189189189, "houyar": 0.001689189189189189, "j": 0.001689189189189189, "jabe": 0.001689189189189189, "jai": 0.001689189189189189, "jodi": 0.001689189189189189, "joma": 0.001689189189189189, "jomano": 0.001689189189189189, "koresi": 0.001689189189189189, "korta": 0.001689189189189189, "lagbe": 0.001689189189189189, "mas": 0.001689189189189189, "mead": 0.001689189189189189, "now": 0.001689189189189189, "open": 0.001689189189189189, "out": 0.001689189189189189, "plz": 0.001689189189189189, "pore": 0.001689189189189189, "scem": 0.001689189189189189, "sevings": 0.001689189189189189, "system": 0.001689189189189189, "time": 0.001689189189189189, "vabe": 0.001689189189189189, "আর": 0.001689189189189189, "একটা": 0.001689189189189189, "এবং": 0.001689189189189189, "ওই": 0.001689189189189189, "কতদিন": 0.001689189189189189, "করব": 0.001689189189189189, "করবো": 0.001689189189189189, "কিভাবে": 0.001689189189189189, "কেন": 0.001689189189189189, "খুললে": 0.001689189189189189, "খুলি": 0.001689189189189189, "খুলে": 0.001689189189189189, "চাইনা": 0.001689189189189189, "চাচ্ছি": 0.001689189189189189, "চালাতে": 0.001689189189189189, "জমানোর": 0.001689189189189189, "জরুরি": 0.001689189189189189, "তখন": 0.001689189189189189, "তারপর": 0.001689189189189189, "তুলে": 0.001689189189189189, "তো": 0.001689189189189189, "তোলা": 0.001689189189189189, "দিয়েছি": 0.001689189189189189, "দিয়ে": 0.001689189189189189, "দুই": 0.001689189189189189, "দুমাস": 0.001689189189189189, "পরে": 0.001689189189189189, "পাব": 0.001689189189189189, "প্রোয়জনে": 0.001689189189189189, "ফেলা": 0.001689189189189189, "বছরের": 0.001689189189189189, "বাদ": 0.001689189189189189, "বৎসরে": 0.001689189189189189, "ভাঙতে": 0.001689189189189189, "মেয়াদ": 0.001689189189189189, "মেয়াদের": 0.001689189189189189, "যখন": 0.001689189189189189, "রাখবো": 0.001689189189189189, "সেটা": 0.001689189189189189, "সেষ": 0.001689189189189189, "হচ্ছে": 0.001689189189189189, "হবার": 0.001689189189189189, "add": 0.0008445945945945945, "after": 0.0008445945945945945, "aijke": 0.0008445945945945945, "akhon": 0.0008445945945945945, "aktu": 0.0008445945945945945, "amanot": 0.0008445945945945945, "amer": 0.0008445945945945945, "and": 0.0008445945945945945, "ata": 0.0008445945945945945, "babe": 0.0008445945945945945, "bebostha": 0.0008445945945945945, "ber": 0.0008445945945945945, "bhangte": 0.0008445945945945945, "bolben": 0.0008445945945945945, "cacci": 0.0008445945945945945, "caila": 0.0008445945945945945, "can": 0.0008445945945945945, "cayle": 0.0008445945945945945, "cencel": 0.0008445945945945945, "creat": 0.0008445945945945945, "dhore": 0.0008445945945945945, "diso": 0.0008445945945945945, "dorkar": 0.0008445945945945945, "ekhn": 0.0008445945945945945, "ekto": 0.0008445945945945945, "emergency": 0.0008445945945945945, "eta": 0.0008445945945945945, "firot": 0.0008445945945945945, "from": 0.0008445945945945945, "gese": 0.0008445945945945945, "help": 0.0008445945945945945, "hole": 0.0008445945945945945, "hossa": 0.0008445945945945945, "hoto": 0.0008445945945945945, "how": 0.0008445945945945945, "howar": 0.0008445945945945945, "hoy": 0.0008445945945945945, "hoyae": 0.0008445945945945945, "hoyar": 0.0008445945945945945, "hoye": 0.0008445945945945945, "hoyeca": 0.0008445945945945945, "iam": 0.0008445945945945945, "icha": 0.0008445945945945945, "id": 0.0008445945945945945, "if": 0.0008445945945945945, "is": 0.0008445945945945945, "ja": 0.0008445945945945945, "janaban": 0.0008445945945945945, "janale": 0.0008445945945945945, "jay": 0.0008445945945945945, "je": 0.0008445945945945945, "jekono": 0.0008445945945945945, "jekuno": 0.0008445945945945945, "jkhon": 0.0008445945945945945, "jomaisi": 0.0008445945945945945, "jomale": 0.0008445945945945945, "khob": 0.0008445945945945945, "khulsi": 0.0008445945945945945, "kibabe": 0.0008445945945945945, "kokhon": 0.0008445945945945945, "korci": 0.0008445945945945945, "kore": 0.0008445945945945945, "koreche": 0.0008445945945945945, "korthe": 0.0008445945945945945, "kuno": 0.0008445945945945945, "l": 0.0008445945945945945, "mam": 0.0008445945945945945, "maturity": 0.0008445945945945945, "moment": 0.0008445945945945945, "money": 0.0008445945945945945, "months": 0.0008445945945945945, "ni": 0.0008445945945945945, "nita": 0.0008445945945945945, "niyom": 0.0008445945945945945, "oi": 0.0008445945945945945, "on": 0.0008445945945945945, "opening": 0.0008445945945945945, "or": 0.0008445945945945945, "pamu": 0.0008445945945945945, "pari": 0.0008445945945945945,