{"আমার": 0.04326923076923077, "টাকা": 0.036057692307692304, "savings": 0.028846153846153844, "সেভিংস": 0.026442307692307692, "taka": 0.024038461538461536, "account": 0.021634615384615384, "আমি": 0.021634615384615384, "but": 0.01923076923076923, "cancel": 0.01923076923076923, "একাউন্ট": 0.01923076923076923, "বন্ধ": 0.01923076923076923, "কিন্তু": 0.016826923076923076, "করে": 0.014423076923076922, "amar": 0.012019230769230768, "amr": 0.012019230769230768, "bkash": 0.012019230769230768, "i": 0.012019230769230768, "kintu": 0.012019230769230768, "money": 0.012019230769230768, "my": 0.012019230769230768, "এখনো": 0.012019230769230768, "a": 0.009615384615384614, "add": 0.009615384615384614, "ame": 0.009615384615384614, "ami": 0.009615384615384614, "nai": 0.009615384615384614, "ta": 0.009615384615384614, "করলাম": 0.009615384615384614, "দিয়েছি": 0.009615384615384614, "ase": 0.007211538461538461, "batil": 0.007211538461538461, "dps": 0.007211538461538461, "er": 0.007211538461538461, "hoy": 0.007211538461538461, "korlam": 0.007211538461538461, "ni": 0.007211538461538461, "tk": 0.007211538461538461, "কই": 0.007211538461538461, "করেছি": 0.007211538461538461, "বাতিল": 0.007211538461538461, "বিকাশ": 0.007211538461538461, "akhono": 0.004807692307692307, "ar": 0.004807692307692307, "close": 0.004807692307692307, "have": 0.004807692307692307, "in": 0.004807692307692307, "ken": 0.004807692307692307, "koi": 0.004807692307692307, "kore": 0.004807692307692307, "korechi": 0.004807692307692307, "not": 0.004807692307692307, "off": 0.004807692307692307, "ota": 0.004807692307692307, "service": 0.004807692307692307, "tai": 0.004807692307692307, "to": 0.004807692307692307, "will": 0.004807692307692307, "অফ": 0.004807692307692307, "আসলো": 0.004807692307692307, "আসে": 0.004807692307692307, "একাউন্টে": 0.004807692307692307, "এলনা": 0.004807692307692307, "কেনো": 0.004807692307692307, "তো": 0.004807692307692307, "না": 0.004807692307692307, "নাই": 0.004807692307692307, "নি": 0.004807692307692307, "মাসের": 0.004807692307692307, "সার্ভিস": 0.004807692307692307, "সেভিং": 0.004807692307692307, "-": 0.0024038461538461535, "adjust": 0.0024038461538461535, "aj": 0.0024038461538461535, "ajke": 0.0024038461538461535, "akhon": 0.0024038461538461535, "akono": 0.0024038461538461535, "akta": 0.0024038461538461535, "asani": 0.0024038461538461535, "asar": 0.0024038461538461535, "asenai": 0.0024038461538461535, "asi": 0.0024038461538461535, "aslona": 0.0024038461538461535, "bad": 0.0024038461538461535, "bahire": 0.0024038461538461535, "balance": 0.0024038461538461535, "bikash": 0.0024038461538461535, "blance": 0.0024038461538461535, "bondho": 0.0024038461538461535, "bt": 0.0024038461538461535, "chilo": 0.0024038461538461535, "continue": 0.0024038461538461535, "da": 0.0024038461538461535, "desher": 0.0024038461538461535, "dilam": 0.0024038461538461535, "disi": 0.0024038461538461535, "diyechi": 0.0024038461538461535, "ee": 0.0024038461538461535, "ekhono": 0.0024038461538461535, "ektu": 0.0024038461538461535, "falci": 0.0024038461538461535, "get": 0.0024038461538461535, "gulo": 0.0024038461538461535, "hello": 0.0024038461538461535, "idlc": 0.0024038461538461535, "if": 0.0024038461538461535, "instantly": 0.0024038461538461535, "is": 0.0024038461538461535, "ja": 0.0024038461538461535, "jacchi": 0.0024038461538461535, "je": 0.0024038461538461535, "joma": 0.0024038461538461535, "jomabona": 0.0024038461538461535, "jomse": 0.0024038461538461535, "just": 0.0024038461538461535, "kano": 0.0024038461538461535, "kora": 0.0024038461538461535, "korcilm": 0.0024038461538461535, "korechilam": 0.0024038461538461535, "korle": 0.0024038461538461535, "korse": 0.0024038461538461535, "kotha": 0.0024038461538461535, "month": 0.0024038461538461535, "na": 0.0024038461538461535, "niyechilam": 0.0024038461538461535, "now": 0.0024038461538461535, "of": 0.0024038461538461535, "oh": 0.0024038461538461535, "pacchina": 0.0024038461538461535, "paini": 0.0024038461538461535, "por": 0.0024038461538461535, "rakha": 0.0024038461538461535, "return": 0.0024038461538461535, "saving": 0.0024038461538461535, "scim": 0.0024038461538461535, "send": 0.0024038461538461535, "seving": 0.0024038461538461535, "sevings": 0.0024038461538461535, "sir": 0.0024038461538461535, "somossai": 0.0024038461538461535, "somvob": 0.0024038461538461535, "take": 0.0024038461538461535, "vangge": 0.0024038461538461535, "vangsi": 0.0024038461538461535, "when": 0.0024038461538461535, "where": 0.0024038461538461535, "you": 0.0024038461538461535, "অ্যাকাউন্টে": 0.0024038461538461535, "আইডিএলসি": 0.0024038461538461535, "আসবে": 0.0024038461538461535, "আসেনাই": 0.0024038461538461535, "এ": 0.0024038461538461535, "একটা": 0.0024038461538461535, "এটা": 0.0024038461538461535, "এস": 0.0024038461538461535, "কথা": 0.0024038461538461535, "করছি": 0.0024038461538461535, "করার": 0.0024038461538461535, "কহন": 0.0024038461538461535, "কাল": 0.0024038461538461535, "কালকে": 0.0024038461538461535, "কিন্তুু": 0.0024038461538461535, "কেন": 0.0024038461538461535, "কেনছেল": 0.0024038461538461535, "কেন্সেল": 0.0024038461538461535, "কোথায়": 0.0024038461538461535, "কোন": 0.0024038461538461535, "খুলেছিলাম": 0.0024038461538461535, "গুলো": 0.0024038461538461535, "চালানো": 0.0024038461538461535, "জমানো": 0.0024038461538461535, "ডি": 0.0024038461538461535, "ডিপেজ": 0.0024038461538461535, "তাই": 0.0024038461538461535, "দিছি": 0.0024038461538461535, "দিন": 0.0024038461538461535, "দিলাম": 0.0024038461538461535, "পরে": 0.0024038461538461535, "পাই": 0.0024038461538461535, "পাইনাই": 0.0024038461538461535, "পি": 0.0024038461538461535, "প্রয়োজনে": 0.0024038461538461535, "বিকাশে": 0.0024038461538461535, "যোগ": 0.0024038461538461535, "সকালে": 0.0024038461538461535, "সম্ভব": 0.0024038461538461535, "সেটা": 0.0024038461538461535, "স্যার": 0.0024038461538461535, "হইছে": 0.0024038461538461535, "হচ্ছেনা": 0.0024038461538461535, "হল": 0.0024038461538461535, "হয়": 0.0024038461538461535}