{"tax": 0.0547112462006079, "savings": 0.030395136778115502, "টাকা": 0.030395136778115502, "কত": 0.0243161094224924, "bkash": 0.021276595744680854, "ট্যাক্স": 0.021276595744680854, "er": 0.0182370820668693, "on": 0.0182370820668693, "saving": 0.0182370820668693, "upor": 0.0182370820668693, "ki": 0.015197568389057751, "আমি": 0.015197568389057751, "amount": 0.0121580547112462, "koto": 0.0121580547112462, "করলে": 0.0121580547112462, "deduct": 0.00911854103343465, "deduction": 0.00911854103343465, "e": 0.00911854103343465, "in": 0.00911854103343465, "জমা": 0.00911854103343465, "বিকাশে": 0.00911854103343465, "সেভিংস": 0.00911854103343465, "হয়": 0.00911854103343465, "account": 0.0060790273556231, "applicable": 0.0060790273556231, "detail": 0.0060790273556231, "do": 0.0060790273556231, "how": 0.0060790273556231, "i": 0.0060790273556231, "jomano": 0.0060790273556231, "katbe": 0.0060790273556231, "kate": 0.0060790273556231, "kore": 0.0060790273556231, "korle": 0.0060790273556231, "much": 0.0060790273556231, "oitar": 0.0060790273556231, "percentage": 0.0060790273556231, "taka": 0.0060790273556231, "the": 0.0060790273556231, "tk": 0.0060790273556231, "total": 0.0060790273556231, "upore": 0.0060790273556231, "আচ্ছা": 0.0060790273556231, "উপর": 0.0060790273556231, "করা": 0.0060790273556231, "কর্তন": 0.0060790273556231, "কাটা": 0.0060790273556231, "কি": 0.0060790273556231, "জানতে": 0.0060790273556231, "টাকার": 0.0060790273556231, "ডিপোজিট": 0.0060790273556231, "পর": 0.0060790273556231, "পাওয়া": 0.0060790273556231, "প্রতি": 0.0060790273556231, "বছর": 0.0060790273556231, "মাসে": 0.0060790273556231, "যদি": 0.0060790273556231, "যাবে": 0.0060790273556231, "শেষে": 0.0060790273556231, "সেভিংসে": 0.0060790273556231, "a": 0.00303951367781155, "acc": 0.00303951367781155, "acca": 0.00303951367781155, "actually": 0.00303951367781155, "after": 0.00303951367781155, "amar": 0.00303951367781155, "any": 0.00303951367781155, "apnara": 0.00303951367781155, "apnera": 0.00303951367781155, "as": 0.00303951367781155, "bai": 0.00303951367781155, "bepare": 0.00303951367781155, "bistarito": 0.00303951367781155, "bolan": 0.00303951367781155, "bolen": 0.00303951367781155, "bolte": 0.00303951367781155, "cai": 0.00303951367781155, "charge": 0.00303951367781155, "chilo": 0.00303951367781155, "deducting": 0.00303951367781155, "deposit": 0.00303951367781155, "deta": 0.00303951367781155, "deyon": 0.00303951367781155, "dorkar": 0.00303951367781155, "get": 0.00303951367781155, "hoba": 0.00303951367781155, "hole": 0.00303951367781155, "is": 0.00303951367781155, "janar": 0.00303951367781155, "jante": 0.00303951367781155, "joma": 0.00303951367781155, "katen": 0.00303951367781155, "khola": 0.00303951367781155, "kina": 0.00303951367781155, "know": 0.00303951367781155, "kono": 0.00303951367781155, "korar": 0.00303951367781155, "korchen": 0.00303951367781155, "lakbo": 0.00303951367781155, "may": 0.00303951367781155, "monthly": 0.00303951367781155, "oineo": 0.00303951367781155, "or": 0.00303951367781155, "parben": 0.00303951367781155, "percent": 0.00303951367781155, "please": 0.00303951367781155, "pore": 0.00303951367781155, "proportion": 0.00303951367781155, "rakla": 0.00303951367781155, "regarding": 0.00303951367781155, "sebing": 0.00303951367781155, "seving": 0.00303951367781155, "sevings": 0.00303951367781155, "shei": 0.00303951367781155, "shomporke": 0.00303951367781155, "somporke": 0.00303951367781155, "takar": 0.00303951367781155, "tex": 0.00303951367781155, "there": 0.00303951367781155, "tkar": 0.00303951367781155, "what's": 0.00303951367781155, "yearly": 0.00303951367781155, "you": 0.00303951367781155, "আইডিএলসির": 0.00303951367781155, "আপনেরা": 0.00303951367781155, "আমার": 0.00303951367781155, "উপরে": 0.00303951367781155, "একটু": 0.00303951367781155, "একাউন্ট": 0.00303951367781155, "একাউন্টে": 0.00303951367781155, "একাউন্টের": 0.00303951367781155, "এখন": 0.00303951367781155, "এর": 0.00303951367781155, "ওইটার": 0.00303951367781155, "কতটাকা": 0.00303951367781155, "কথা": 0.00303951367781155, "করে": 0.00303951367781155, "কাইন্ডলি": 0.00303951367781155, "কাটিং": 0.00303951367781155, "কাটে": 0.00303951367781155, "কাডে": 0.00303951367781155, "কাডেন": 0.00303951367781155, "কেটে": 0.00303951367781155, "খুলেছি": 0.00303951367781155, "চাইতিসিলাম": 0.00303951367781155, "চাচ্ছিলাম": 0.00303951367781155, "জানাতেন": 0.00303951367781155, "জানাবেন": 0.00303951367781155, "ট্যাক্সের": 0.00303951367781155, "ট্রেক্স": 0.00303951367781155, "ডিপজিটে": 0.00303951367781155, "ডিপিএস": 0.00303951367781155, "তোলার": 0.00303951367781155, "নিবে": 0.00303951367781155, "পাইবো": 0.00303951367781155, "পামো": 0.00303951367781155, "পার্সেন্ট": 0.00303951367781155, "পিলিজ": 0.00303951367781155, "বছরে": 0.00303951367781155, "বলবেন": 0.00303951367781155, "বলেন": 0.00303951367781155, "বাই": 0.00303951367781155, "বাদে": 0.00303951367781155, "বিকাশ": 0.00303951367781155, "বিকাশের": 0.00303951367781155, "বিকাস": 0.00303951367781155, "বিষয়ে": 0.00303951367781155, "বিস্তারিত": 0.00303951367781155, "বুঝায়": 0.00303951367781155, "মাস": 0.00303951367781155, "মাসিক": 0.00303951367781155, "মেয়াদান্তে": 0.00303951367781155, "রাখলে": 0.00303951367781155, "রাখি": 0.00303951367781155, "শেশে": 0.00303951367781155, "সকল": 0.00303951367781155, "সব": 0.00303951367781155, "সম্পর্কে": 0.00303951367781155, "সেই": 0.00303951367781155, "সেবিং": 0.00303951367781155, "সেবিংসে": 0.00303951367781155, "সেভিং": 0.00303951367781155, "হলো": 0.00303951367781155, "হাজার": 0.00303951367781155, "হিসাবটা": 0.00303951367781155}