{"savings": 0.04627249357326479, "account": 0.03598971722365039, "সেভিংস": 0.030848329048843187, "open": 0.02827763496143959, "i": 0.02570694087403599, "ki": 0.023136246786632394, "parbo": 0.02056555269922879, "একাউন্ট": 0.02056555269922879, "korte": 0.017994858611825194, "one": 0.017994858611825194, "can": 0.015424164524421594, "more": 0.015424164524421594, "আমি": 0.015424164524421594, "একটা": 0.015424164524421594, "কি": 0.015424164524421594, "বিকাশ": 0.015424164524421594, "ami": 0.012853470437017995, "bkash": 0.012853470437017995, "saving": 0.012853470437017995, "sir": 0.012853470437017995, "than": 0.012853470437017995, "করতে": 0.012853470437017995, "খোলা": 0.012853470437017995, "পারব": 0.012853470437017995, "ekjon": 0.010282776349614395, "খুলতে": 0.010282776349614395, "যাবে": 0.010282776349614395, "ame": 0.007712082262210797, "idlc": 0.007712082262210797, "একই": 0.007712082262210797, "একটি": 0.007712082262210797, "একাধিক": 0.007712082262210797, "কয়টা": 0.007712082262210797, "কয়টি": 0.007712082262210797, "চাই": 0.007712082262210797, "ডিপিএস": 0.007712082262210797, "a": 0.005141388174807198, "another": 0.005141388174807198, "ar": 0.005141388174807198, "besi": 0.005141388174807198, "chailei": 0.005141388174807198, "dps": 0.005141388174807198, "ekta": 0.005141388174807198, "ektai": 0.005141388174807198, "ektir": 0.005141388174807198, "ektu": 0.005141388174807198, "have": 0.005141388174807198, "how": 0.005141388174807198, "jonno": 0.005141388174807198, "khulte": 0.005141388174807198, "koita": 0.005141388174807198, "korechi": 0.005141388174807198, "many": 0.005141388174807198, "may": 0.005141388174807198, "parbe": 0.005141388174807198, "possible": 0.005141388174807198, "to": 0.005141388174807198, "ty": 0.005141388174807198, "আমার": 0.005141388174807198, "আরেকটা": 0.005141388174807198, "করা": 0.005141388174807198, "করেছি": 0.005141388174807198, "তো": 0.005141388174807198, "থেকে": 0.005141388174807198, "দিয়ে": 0.005141388174807198, "পারবো": 0.005141388174807198, "বিকাশে": 0.005141388174807198, "স্যার": 0.005141388174807198, "হবে": 0.005141388174807198, "after": 0.002570694087403599, "amake": 0.002570694087403599, "apnader": 0.002570694087403599, "apnara": 0.002570694087403599, "arekta": 0.002570694087403599, "aro": 0.002570694087403599, "atka": 0.002570694087403599, "bola": 0.002570694087403599, "bolun": 0.002570694087403599, "chaile": 0.002570694087403599, "create": 0.002570694087403599, "duita": 0.002570694087403599, "e": 0.002570694087403599, "ekadhik": 0.002570694087403599, "eksthe": 0.002570694087403599, "enechen": 0.002570694087403599, "er": 0.002570694087403599, "from": 0.002570694087403599, "grahok": 0.002570694087403599, "grahoker": 0.002570694087403599, "gulo": 0.002570694087403599, "hisab": 0.002570694087403599, "hoi": 0.002570694087403599, "is": 0.002570694087403599, "it": 0.002570694087403599, "jabe": 0.002570694087403599, "jai": 0.002570694087403599, "je": 0.002570694087403599, "k": 0.002570694087403599, "khulechi": 0.002570694087403599, "koiyta": 0.002570694087403599, "kora": 0.002570694087403599, "korbo": 0.002570694087403599, "koyta": 0.002570694087403599, "madhume": 0.002570694087403599, "mane": 0.002570694087403599, "manush": 0.002570694087403599, "miltiple": 0.002570694087403599, "monthly": 0.002570694087403599, "months": 0.002570694087403599, "my": 0.002570694087403599, "onek": 0.002570694087403599, "parbu": 0.002570694087403599, "please": 0.002570694087403599, "posibble": 0.002570694087403599, "scheme": 0.002570694087403599, "scim": 0.002570694087403599, "sevings": 0.002570694087403599, "suppose": 0.002570694087403599, "svanings": 0.002570694087403599, "te": 0.002570694087403599, "three": 0.002570694087403599, "today": 0.002570694087403599, "want": 0.002570694087403599, "অধিক": 0.002570694087403599, "অ্যাপ": 0.002570694087403599, "আইডিএলসি": 0.002570694087403599, "আচ্ছা": 0.002570694087403599, "আছে": 0.002570694087403599, "আর": 0.002570694087403599, "আরেকটি": 0.002570694087403599, "এ": 0.002570694087403599, "একজন": 0.002570694087403599, "একজনের": 0.002570694087403599, "একটিই": 0.002570694087403599, "একটিসেবিসং": 0.002570694087403599, "একটু": 0.002570694087403599, "একসাথে": 0.002570694087403599, "একুয়ান্ট": 0.002570694087403599, "একের": 0.002570694087403599, "এখাধিক": 0.002570694087403599, "এটা": 0.002570694087403599, "এভাবে": 0.002570694087403599, "এর": 0.002570694087403599, "এ্যাকাউন্ট": 0.002570694087403599, "ও": 0.002570694087403599, "কয়টা": 0.002570694087403599, "করছি": 0.002570694087403599, "করব": 0.002570694087403599, "কিন্তু": 0.002570694087403599, "কয়েকটি": 0.002570694087403599, "গতমাসে": 0.002570694087403599, "গ্রাহক": 0.002570694087403599, "জন্য": 0.002570694087403599, "জায়": 0.002570694087403599, "তিনটা": 0.002570694087403599, "দিপজিত": 0.002570694087403599, "নামে": 0.002570694087403599, "নিজের": 0.002570694087403599, "নয়": 0.002570694087403599, "পারবে": 0.002570694087403599, "পার্সোনাল": 0.002570694087403599, "বলেন": 0.002570694087403599, "বাবা": 0.002570694087403599, "মা": 0.002570694087403599, "মাত্ত্র": 0.002570694087403599, "মেয়াদে": 0.002570694087403599, "যায়": 0.002570694087403599, "যায়": 0.002570694087403599, "সেভিং": 0.002570694087403599, "সেভিন্স": 0.002570694087403599, "স্কিম": 0.002570694087403599, "স্কিল": 0.002570694087403599, "হয়": 0.002570694087403599}