{"savings": 0.0408997955010225, "account": 0.03067484662576687, "সেভিংস": 0.02044989775051125, "amar": 0.018404907975460124, "my": 0.018404907975460124, "আমার": 0.018404907975460124, "but": 0.014314928425357875, "এ": 0.014314928425357875, "কিন্তু": 0.014314928425357875, "না": 0.014314928425357875, "deposit": 0.012269938650306749, "e": 0.012269938650306749, "er": 0.012269938650306749, "i": 0.012269938650306749, "problem": 0.010224948875255624, "taka": 0.010224948875255624, "কি": 0.010224948875255624, "কেন": 0.010224948875255624, "help": 0.0081799591002045, "please": 0.0081799591002045, "saving": 0.0081799591002045, "sms": 0.0081799591002045, "the": 0.0081799591002045, "আমি": 0.0081799591002045, "একাউন্ট": 0.0081799591002045, "ঘন্টার": 0.0081799591002045, "টাকা": 0.0081799591002045, "ami": 0.006134969325153374, "cant": 0.006134969325153374, "check": 0.006134969325153374, "i'm": 0.006134969325153374, "is": 0.006134969325153374, "it": 0.006134969325153374, "na": 0.006134969325153374, "why": 0.006134969325153374, "apps": 0.00408997955010225, "error": 0.00408997955010225, "having": 0.00408997955010225, "hocce": 0.00408997955010225, "issues": 0.00408997955010225, "joma": 0.00408997955010225, "kete": 0.00408997955010225, "kindly": 0.00408997955010225, "kno": 0.00408997955010225, "korun": 0.00408997955010225, "me": 0.00408997955010225, "months": 0.00408997955010225, "nai": 0.00408997955010225, "not": 0.00408997955010225, "ready": 0.00408997955010225, "showing": 0.00408997955010225, "solve": 0.00408997955010225, "some": 0.00408997955010225, "theke": 0.00408997955010225, "tk": 0.00408997955010225, "to": 0.00408997955010225, "tottho": 0.00408997955010225, "when": 0.00408997955010225, "with": 0.00408997955010225, "আসছে": 0.00408997955010225, "আসতেছে": 0.00408997955010225, "আসবে": 0.00408997955010225, "একাউন্টে": 0.00408997955010225, "একাউন্টের": 0.00408997955010225, "এখন": 0.00408997955010225, "এখনো": 0.00408997955010225, "ওকে": 0.00408997955010225, "করলাম": 0.00408997955010225, "করা": 0.00408997955010225, "করে": 0.00408997955010225, "কারন": 0.00408997955010225, "কেটে": 0.00408997955010225, "গেল": 0.00408997955010225, "চেক": 0.00408997955010225, "ডিপিএস": 0.00408997955010225, "বেশি": 0.00408997955010225, "সবকিছু": 0.00408997955010225, "সমস্যা": 0.00408997955010225, "সেভিং": 0.00408997955010225, "হয়ে": 0.00408997955010225, "হয়েছে": 0.00408997955010225, "acc": 0.002044989775051125, "accounte": 0.002044989775051125, "acount": 0.002044989775051125, "adjust": 0.002044989775051125, "ajo": 0.002044989775051125, "already": 0.002044989775051125, "amount": 0.002044989775051125, "amr": 0.002044989775051125, "aponder": 0.002044989775051125, "are": 0.002044989775051125, "autometically": 0.002044989775051125, "balance": 0.002044989775051125, "bishoye": 0.002044989775051125, "bkash": 0.002044989775051125, "can": 0.002044989775051125, "cancel": 0.002044989775051125, "chai": 0.002044989775051125, "chilo": 0.002044989775051125, "deducted": 0.002044989775051125, "deduction": 0.002044989775051125, "dekha": 0.002044989775051125, "dekhen": 0.002044989775051125, "dekhento": 0.002044989775051125, "dekhte": 0.002044989775051125, "deposite": 0.002044989775051125, "deposits": 0.002044989775051125, "dicche": 0.002044989775051125, "din": 0.002044989775051125, "diposit": 0.002044989775051125, "dita": 0.002044989775051125, "diye": 0.002044989775051125, "diyechi": 0.002044989775051125, "do": 0.002044989775051125, "don't": 0.002044989775051125, "dukte": 0.002044989775051125, "ekhono": 0.002044989775051125, "ektu": 0.002044989775051125, "eta": 0.002044989775051125, "eto": 0.002044989775051125, "even": 0.002044989775051125, "facings": 0.002044989775051125, "for": 0.002044989775051125, "gotokal": 0.002044989775051125, "have": 0.002044989775051125, "hocche": 0.002044989775051125, "hoi": 0.002044989775051125, "hoy": 0.002044989775051125, "hoyeche": 0.002044989775051125, "hoyni": 0.002044989775051125, "in": 0.002044989775051125, "insert": 0.002044989775051125, "into": 0.002044989775051125, "it's": 0.002044989775051125, "janar": 0.002044989775051125, "je": 0.002044989775051125, "kano": 0.002044989775051125, "kate": 0.002044989775051125, "katse": 0.002044989775051125, "keno": 0.002044989775051125, "kesu": 0.002044989775051125, "khulchena": 0.002044989775051125, "kichu": 0.002044989775051125, "kicu": 0.002044989775051125, "kinto": 0.002044989775051125, "kintu": 0.002044989775051125, "know": 0.002044989775051125, "kono": 0.002044989775051125, "korchi": 0.002044989775051125, "koren": 0.002044989775051125, "korena": 0.002044989775051125, "kortise": 0.002044989775051125, "kotha": 0.002044989775051125, "look": 0.002044989775051125, "matter": 0.002044989775051125, "melbet": 0.002044989775051125, "message": 0.002044989775051125, "nawar": 0.002044989775051125, "nilona": 0.002044989775051125, "nisse": 0.002044989775051125, "niyese": 0.002044989775051125, "of": 0.002044989775051125, "ok": 0.002044989775051125, "option": 0.002044989775051125, "parchi": 0.002044989775051125, "partasi": 0.002044989775051125, "pasina": 0.002044989775051125, "past": 0.002044989775051125, "personal": 0.002044989775051125, "plese": 0.002044989775051125, "problems": 0.002044989775051125, "properly": 0.002044989775051125, "regarding": 0.002044989775051125, "registered": 0.002044989775051125, "serious": 0.002044989775051125, "sevings": 0.002044989775051125, "shomossha": 0.002044989775051125, "show": 0.002044989775051125, "sir": 0.002044989775051125, "sokol": 0.002044989775051125, "solving": 0.002044989775051125, "somossha": 0.002044989775051125, "sothik": 0.002044989775051125, "suddenly": 0.002044989775051125, "thaka": 0.002044989775051125, "tobuo": 0.002044989775051125, "unable": 0.002044989775051125, "vabe": 0.002044989775051125, "want": 0.002044989775051125, "whats": 0.002044989775051125, "you": 0.002044989775051125, "অ্যাকাউন্ট": 0.002044989775051125, "অ্যাপ": 0.002044989775051125, "আপডেট": 0.002044989775051125, "আর": 0.002044989775051125, "আসে": 0.002044989775051125, "ই": 0.002044989775051125, "উপায়": 0.002044989775051125, "এক": 0.002044989775051125, "একটা": 0.002044989775051125, "একটু": 0.002044989775051125, "এটা": 0.002044989775051125, "এড": 0.002044989775051125, "এনআইডি": 0.002044989775051125, "এমন": 0.002044989775051125, "এর": 0.002044989775051125, "এসএমএস": 0.002044989775051125, "কনফার্মেশন": 0.002044989775051125, "করছি": 0.002044989775051125, "করতে": 0.002044989775051125, "করলে": 0.002044989775051125, "করার": 0.002044989775051125, "করেই": 0.002044989775051125, "করেছিলাম": 0.002044989775051125, "কোথায়": 0.002044989775051125, "কোন": 0.002044989775051125, "কোনো": 0.002044989775051125, "কোনোভাবেই": 0.002044989775051125, "ক্লিক": 0.002044989775051125, "খুললাম": 0.002044989775051125, "গতকালই": 0.002044989775051125, "জমা": 0.002044989775051125, "জানতে": 0.002044989775051125, "জানাবেন": 0.002044989775051125, "জি": 0.002044989775051125, "টা": 0.002044989775051125, "টাকার": 0.002044989775051125, "ডিপোজিট": 0.002044989775051125, "ডুকে": 0.002044989775051125, "ঢুকছে": 0.002044989775051125, "ঢুকতে": 0.002044989775051125, "ঢুকলাম": 0.002044989775051125, "তার": 0.002044989775051125, "তাহার": 0.002044989775051125, "তিন": 0.002044989775051125, "তো": 0.002044989775051125, "থেকে": 0.002044989775051125, "দেকবেন": 0.002044989775051125, "দেখা": 0.002044989775051125, "দেখেন": 0.002044989775051125, "নমিনির": 0.002044989775051125, "নাই": 0.002044989775051125, "নিল": 0.002044989775051125, "নেওর": 0.002044989775051125, "পরও": 0.002044989775051125, "পরে": 0.002044989775051125, "পরেও": 0.002044989775051125, "পর্যন্ত": 0.002044989775051125, "পাচ্ছি": 0.002044989775051125, "পারছিনা": 0.002044989775051125, "পারি": 0.002044989775051125, "পারিনা": 0.002044989775051125, "ফেইল": 0.002044989775051125, "ফেইসটা": 0.002044989775051125, "ফোনে": 0.002044989775051125, "বলল": 0.002044989775051125, "বললো": 0.002044989775051125, "বাতিল": 0.002044989775051125, "বারবার": 0.002044989775051125, "বিকাশ": 0.002044989775051125, "মধ্য": 0.002044989775051125,