{"টাকা": 0.06351236146632566, "কত": 0.04518329070758738, "মুনাফা": 0.026854219948849102, "সেভিংস": 0.025575447570332477, "koto": 0.025149190110826936, "এ": 0.019607843137254898, "savings": 0.018329070758738276, "idlc": 0.01662404092071611, "বছর": 0.01662404092071611, "লাভ": 0.01662404092071611, "করে": 0.015345268542199489, "রাখলে": 0.014492753623188406, "a": 0.014066496163682864, "interest": 0.01321398124467178, "মাসে": 0.012787723785166238, "tk": 0.012361466325660698, "কি": 0.012361466325660698, "lav": 0.011935208866155157, "আমি": 0.011508951406649617, "পাবো": 0.011508951406649617, "taka": 0.011082693947144074, "জমা": 0.011082693947144074, "bkash": 0.010656436487638534, "বিকাশ": 0.009803921568627449, "pabo": 0.00937766410912191, "ইন্টারেস্ট": 0.008525149190110826, "পাওয়া": 0.008525149190110826, "বছরে": 0.008525149190110826, "যাবে": 0.008525149190110826, "saving": 0.008098891730605285, "কতো": 0.008098891730605285, "করলে": 0.008098891730605285, "সেভিংসে": 0.008098891730605285, "হবে": 0.0076726342710997444, "e": 0.006820119352088661, "সেভিং": 0.006820119352088661, "ami": 0.006393861892583119, "তে": 0.006393861892583119, "বিকাশে": 0.006393861892583119, "জমালে": 0.005967604433077579, "rate": 0.005541346973572037, "এর": 0.005541346973572037, "kore": 0.005115089514066496, "যদি": 0.005115089514066496, "por": 0.004688832054560955, "একাউন্ট": 0.004688832054560955, "কেমন": 0.004688832054560955, "পর": 0.004688832054560955, "ki": 0.004262574595055413, "te": 0.004262574595055413, "the": 0.004262574595055413, "years": 0.004262574595055413, "দিবে": 0.004262574595055413, "মাসিক": 0.004262574595055413, "korle": 0.0038363171355498722, "year": 0.0038363171355498722, "পাব": 0.0038363171355498722, "আসবে": 0.0034100596760443303, "জানতে": 0.0034100596760443303, "পার্সেন্ট": 0.0034100596760443303, "প্রতি": 0.0034100596760443303, "মেয়াদে": 0.0034100596760443303, "হার": 0.0034100596760443303, "joma": 0.0029838022165387893, "jomale": 0.0029838022165387893, "munafa": 0.0029838022165387893, "তাহলে": 0.0029838022165387893, "পরে": 0.0029838022165387893, "মুনাফার": 0.0029838022165387893, "মেয়াদ": 0.0029838022165387893, "শেষে": 0.0029838022165387893, "হয়": 0.0029838022165387893, "bochor": 0.002557544757033248, "dibe": 0.002557544757033248, "er": 0.002557544757033248, "i": 0.002557544757033248, "is": 0.002557544757033248, "jabe": 0.002557544757033248, "mase": 0.002557544757033248, "monthly": 0.002557544757033248, "profit": 0.002557544757033248, "rakhle": 0.002557544757033248, "seving": 0.002557544757033248, "soho": 0.002557544757033248, "what": 0.002557544757033248, "চাই": 0.002557544757033248, "জন্য": 0.002557544757033248, "বছরের": 0.002557544757033248, "month": 0.0021312872975277064, "of": 0.0021312872975277064, "pawa": 0.0021312872975277064, "total": 0.0021312872975277064, "আসতে": 0.0021312872975277064, "চার": 0.0021312872975277064, "টাকার": 0.0021312872975277064, "পারে": 0.0021312872975277064, "রকম": 0.0021312872975277064, "account": 0.0017050298380221652, "bikash": 0.0017050298380221652, "get": 0.0017050298380221652, "in": 0.0017050298380221652, "intarest": 0.0017050298380221652, "kto": 0.0017050298380221652, "monafa": 0.0017050298380221652, "sevings": 0.0017050298380221652, "দিবেন": 0.0017050298380221652, "দুই": 0.0017050298380221652, "দেওয়া": 0.0017050298380221652, "দেয়": 0.0017050298380221652, "পাওয়া": 0.0017050298380221652, "মোট": 0.0017050298380221652, "রাখি": 0.0017050298380221652, "সম্পর্কে": 0.0017050298380221652, "সহ": 0.0017050298380221652, "স্কিম": 0.0017050298380221652, "app": 0.001278772378516624, "barbe": 0.001278772378516624, "dps": 0.001278772378516624, "hobe": 0.001278772378516624, "jodi": 0.001278772378516624, "kemon": 0.001278772378516624, "korte": 0.001278772378516624, "on": 0.001278772378516624, "parsent": 0.001278772378516624, "rakle": 0.001278772378516624, "scheme": 0.001278772378516624, "ta": 0.001278772378516624, "to": 0.001278772378516624, "want": 0.001278772378516624, "will": 0.001278772378516624, "অ্যাকাউন্টে": 0.001278772378516624, "আইডিএলসি": 0.001278772378516624, "আমার": 0.001278772378516624, "কিভাবে": 0.001278772378516624, "দিলে": 0.001278772378516624, "দেয়া": 0.001278772378516624, "মেয়াদি": 0.001278772378516624, "লভ্যাংশ": 0.001278772378516624, "লাব": 0.001278772378516624, "শতকরা": 0.001278772378516624, "after": 0.0008525149190110826, "ar": 0.0008525149190110826, "bolben": 0.0008525149190110826, "bosor": 0.0008525149190110826, "chai": 0.0008525149190110826, "diba": 0.0008525149190110826, "ee": 0.0008525149190110826, "finance": 0.0008525149190110826, "for": 0.0008525149190110826, "hajar": 0.0008525149190110826, "how": 0.0008525149190110826, "jai": 0.0008525149190110826, "jonno": 0.0008525149190110826, "kmn": 0.0008525149190110826, "know": 0.0008525149190110826, "kono": 0.0008525149190110826, "kora": 0.0008525149190110826, "love": 0.0008525149190110826, "mas": 0.0008525149190110826, "meyad": 0.0008525149190110826, "much": 0.0008525149190110826, "or": 0.0008525149190110826, "pavo": 0.0008525149190110826, "pbo": 0.0008525149190110826, "per": 0.0008525149190110826, "percent": 0.0008525149190110826, "persent": 0.0008525149190110826, "powa": 0.0008525149190110826, "rakla": 0.0008525149190110826, "rokom": 0.0008525149190110826, "sebings": 0.0008525149190110826, "serving": 0.0008525149190110826, "sese": 0.0008525149190110826, "takar": 0.0008525149190110826, "theke": 0.0008525149190110826, "আই": 0.0008525149190110826, "আছে": 0.0008525149190110826, "আপনাদের": 0.0008525149190110826, "আপনারা": 0.0008525149190110826, "আয়কর": 0.0008525149190110826, "উপর": 0.0008525149190110826, "উপরে": 0.0008525149190110826, "একটু": 0.0008525149190110826, "এল": 0.0008525149190110826, "কমিশন": 0.0008525149190110826, "কয়": 0.0008525149190110826, "করি": 0.0008525149190110826, "কিরকম": 0.0008525149190110826, "কোন": 0.0008525149190110826, "খুললে": 0.0008525149190110826, "খুলি": 0.0008525149190110826, "খুলে": 0.0008525149190110826, "চাচ্ছি": 0.0008525149190110826, "চালু": 0.0008525149190110826, "টাকায়": 0.0008525149190110826, "টাকায়": 0.0008525149190110826, "ডিপিএস": 0.0008525149190110826, "তা": 0.0008525149190110826, "দিতে": 0.0008525149190110826, "দিয়ে": 0.0008525149190110826, "দেবে": 0.0008525149190110826, "পরিমাণ": 0.0008525149190110826, "পরিমান": 0.0008525149190110826, "পারি": 0.0008525149190110826, "প্রফিট": 0.0008525149190110826, "ফেরত": 0.0008525149190110826, "বাদ": 0.0008525149190110826, "বারবে": 0.0008525149190110826, "বাড়বে": 0.0008525149190110826, "বোনাস": 0.0008525149190110826, "মধ্যেই": 0.0008525149190110826, "যায়": 0.0008525149190110826, "যায়": 0.0008525149190110826, "যে": 0.0008525149190110826, "রাকলে": 0.0008525149190110826, "রেট": 0.0008525149190110826, "লভ্যাংশের": 0.0008525149190110826, "সঞ্চয়": 0.0008525149190110826, "সি": 0.0008525149190110826, "সুদ": 0.0008525149190110826, "হলে": 0.0008525149190110826, "হারে": 0.0008525149190110826, "'আমি": 0.0004262574595055413, "about": 0.0004262574595055413, "accoute": 0.0004262574595055413, "accunt": 0.0004262574595055413, "acount": 0.0004262574595055413, "add": 0.0004262574595055413, "akaunte": 0.0004262574595055413, "amount": 0.0004262574595055413, "and": 0.0004262574595055413, "apdr": 0.0004262574595055413, "apnader": 0.0004262574595055413, "asba": 0.0004262574595055413, "asbe": 0.0004262574595055413, "atai": 0.0004262574595055413, "back": 0.0004262574595055413, "balen": 0.0004262574595055413, "bare": 0.0004262574595055413, "barti": 0.0004262574595055413, "be": 0.0004262574595055413, "berbe": 0.0004262574595055413, "bikas": 0.0004262574595055413, "bimate": 0.0004262574595055413, "bisoye": 0.0004262574595055413, "bkaser": 0.0004262574595055413, "bocor": 0.0004262574595055413, "bondo": 0.0004262574595055413, "bosore": 0.0004262574595055413, "can": 0.0004262574595055413, "chacci": 0.0004262574595055413, "chassi": 0.0004262574595055413, "dai": 0.0004262574595055413, "dea": 0.0004262574595055413, "dei": 0.0004262574595055413, "deposit": 0.0004262574595055413, "depositing": 0.0004262574595055413,