{"টাকা": 0.04078947368421053, "savings": 0.034210526315789476, "taka": 0.028947368421052635, "charge": 0.027631578947368424, "কি": 0.021052631578947368, "cash": 0.019736842105263157, "out": 0.019736842105263157, "এর": 0.014473684210526317, "সেভিংস": 0.014473684210526317, "er": 0.013157894736842105, "ki": 0.013157894736842105, "money": 0.013157894736842105, "i": 0.010526315789473684, "saving": 0.010526315789473684, "আউট": 0.010526315789473684, "চার্জ": 0.010526315789473684, "সময়": 0.010526315789473684, "e": 0.009210526315789475, "of": 0.009210526315789475, "a": 0.007894736842105263, "my": 0.007894736842105263, "will": 0.007894736842105263, "আমি": 0.007894736842105263, "কিভাবে": 0.007894736842105263, "amake": 0.006578947368421052, "amar": 0.006578947368421052, "how": 0.006578947368421052, "idlc": 0.006578947368421052, "to": 0.006578947368421052, "tulte": 0.006578947368421052, "আমার": 0.006578947368421052, "ক্যাশ": 0.006578947368421052, "থেকে": 0.006578947368421052, "পরে": 0.006578947368421052, "মেয়াদ": 0.006578947368421052, "লাগবে": 0.006578947368421052, "সেভিং": 0.006578947368421052, "about": 0.005263157894736842, "bkash": 0.005263157894736842, "meyad": 0.005263157894736842, "niben": 0.005263157894736842, "pabo": 0.005263157894736842, "এ": 0.005263157894736842, "করতে": 0.005263157894736842, "করে": 0.005263157894736842, "জমালে": 0.005263157894736842, "বছর": 0.005263157894736842, "শেষ": 0.005263157894736842, "হবে": 0.005263157894736842, "account": 0.003947368421052632, "after": 0.003947368421052632, "ame": 0.003947368421052632, "applicable": 0.003947368421052632, "for": 0.003947368421052632, "kamon": 0.003947368421052632, "khoros": 0.003947368421052632, "kivabe": 0.003947368421052632, "know": 0.003947368421052632, "kore": 0.003947368421052632, "lagbe": 0.003947368421052632, "maddhome": 0.003947368421052632, "much": 0.003947368421052632, "sesh": 0.003947368421052632, "somoi": 0.003947368421052632, "want": 0.003947368421052632, "উত্তলন": 0.003947368421052632, "করবো": 0.003947368421052632, "জমানো": 0.003947368421052632, "দেওয়া": 0.003947368421052632, "যাবে": 0.003947368421052632, "শেষে": 0.003947368421052632, "স্যার": 0.003947368421052632, "abar": 0.002631578947368421, "ami": 0.002631578947368421, "amount": 0.002631578947368421, "be": 0.002631578947368421, "bishoi": 0.002631578947368421, "bosor": 0.002631578947368421, "chai": 0.002631578947368421, "dawa": 0.002631578947368421, "deposit": 0.002631578947368421, "dibe": 0.002631578947368421, "ei": 0.002631578947368421, "get": 0.002631578947368421, "hobe": 0.002631578947368421, "is": 0.002631578947368421, "jodi": 0.002631578947368421, "joma": 0.002631578947368421, "jomano": 0.002631578947368421, "jomate": 0.002631578947368421, "kamne": 0.002631578947368421, "koto": 0.002631578947368421, "naki": 0.002631578947368421, "por": 0.002631578947368421, "seshe": 0.002631578947368421, "seving": 0.002631578947368421, "sevings": 0.002631578947368421, "sir": 0.002631578947368421, "tara": 0.002631578947368421, "tell": 0.002631578947368421, "the": 0.002631578947368421, "time": 0.002631578947368421, "tk": 0.002631578947368421, "tular": 0.002631578947368421, "tulbea": 0.002631578947368421, "vabea": 0.002631578947368421, "what": 0.002631578947368421, "where": 0.002631578947368421, "withdraw": 0.002631578947368421, "আমাকে": 0.002631578947368421, "এই": 0.002631578947368421, "কত": 0.002631578947368421, "করা": 0.002631578947368421, "কেস": 0.002631578947368421, "কোন": 0.002631578947368421, "খরছ": 0.002631578947368421, "গুলো": 0.002631578947368421, "জানান": 0.002631578947368421, "ডিপিএস": 0.002631578947368421, "তুলতে": 0.002631578947368421, "তুলব": 0.002631578947368421, "তুলার": 0.002631578947368421, "তে": 0.002631578947368421, "না": 0.002631578947368421, "বা": 0.002631578947368421, "বিকাশ": 0.002631578947368421, "ভাবে": 0.002631578947368421, "সেভিন্স": 0.002631578947368421, "হওয়ার": 0.002631578947368421, "হলে": 0.002631578947368421, "হয়ে": 0.002631578947368421, "ac": 0.0013157894736842105, "add": 0.0013157894736842105, "ajke": 0.0013157894736842105, "any": 0.0013157894736842105, "apnader": 0.0013157894736842105, "apnara": 0.0013157894736842105, "ar": 0.0013157894736842105, "asbe": 0.0013157894736842105, "barti": 0.0013157894736842105, "besi": 0.0013157894736842105, "bolten": 0.0013157894736842105, "cai": 0.0013157894736842105, "can": 0.0013157894736842105, "cancel": 0.0013157894736842105, "charj": 0.0013157894736842105, "cilo": 0.0013157894736842105, "cole": 0.0013157894736842105, "collect": 0.0013157894736842105, "diben": 0.0013157894736842105, "dps": 0.0013157894736842105, "drkr": 0.0013157894736842105, "ekta": 0.0013157894736842105, "ektu": 0.0013157894736842105, "ferot": 0.0013157894736842105, "free": 0.0013157894736842105, "from": 0.0013157894736842105, "full": 0.0013157894736842105, "fullfill": 0.0013157894736842105, "grom": 0.0013157894736842105, "gulo": 0.0013157894736842105, "hajare": 0.0013157894736842105, "hate": 0.0013157894736842105, "hoi": 0.0013157894736842105, "hole": 0.0013157894736842105, "if": 0.0013157894736842105, "inforamtion": 0.0013157894736842105, "janaten": 0.0013157894736842105, "jante": 0.0013157894736842105, "jekono": 0.0013157894736842105, "jomale": 0.0013157894736842105, "jomanor": 0.0013157894736842105, "kesu": 0.0013157894736842105, "khulbo": 0.0013157894736842105, "kmn": 0.0013157894736842105, "kmon": 0.0013157894736842105, "kono": 0.0013157894736842105, "korar": 0.0013157894736842105, "korchi": 0.0013157894736842105, "kori": 0.0013157894736842105, "korle": 0.0013157894736842105, "lagbo": 0.0013157894736842105, "ma": 0.0013157894736842105, "mase": 0.0013157894736842105, "masik": 0.0013157894736842105, "mathurity": 0.0013157894736842105, "mature": 0.0013157894736842105, "me": 0.0013157894736842105, "monafa": 0.0013157894736842105, "mse": 0.0013157894736842105, "na": 0.0013157894736842105, "need": 0.0013157894736842105, "o": 0.0013157894736842105, "onek": 0.0013157894736842105, "open": 0.0013157894736842105, "per": 0.0013157894736842105, "period": 0.0013157894736842105, "please": 0.0013157894736842105, "porobortite": 0.0013157894736842105, "process": 0.0013157894736842105, "puro": 0.0013157894736842105, "rakle": 0.0013157894736842105, "sebar": 0.0013157894736842105, "sebings": 0.0013157894736842105, "some": 0.0013157894736842105, "somoy": 0.0013157894736842105, "takar": 0.0013157894736842105, "thake": 0.0013157894736842105, "than": 0.0013157894736842105, "that": 0.0013157894736842105, "there": 0.0013157894736842105, "thousand": 0.0013157894736842105, "tulbo": 0.0013157894736842105, "uthar": 0.0013157894736842105, "vabe": 0.0013157894736842105, "vai": 0.0013157894736842105, "when": 0.0013157894736842105, "widthro": 0.0013157894736842105, "yars": 0.0013157894736842105, "আইডি": 0.0013157894736842105, "আগে": 0.0013157894736842105, "আনব": 0.0013157894736842105, "আপনাদের": 0.0013157894736842105, "ই": 0.0013157894736842105, "উঠাতে": 0.0013157894736842105, "উঠানোর": 0.0013157894736842105, "উঠাব": 0.0013157894736842105, "উঠাবো": 0.0013157894736842105, "উতার": 0.0013157894736842105, "উথাতে": 0.0013157894736842105, "উথাব": 0.0013157894736842105, "এইখানে": 0.0013157894736842105, "একটু": 0.0013157894736842105, "একাউন্ট": 0.0013157894736842105, "একাউন্টের": 0.0013157894736842105, "একাউন্ড": 0.0013157894736842105, "এখানে": 0.0013157894736842105, "এল": 0.0013157894736842105, "এ্যাপ": 0.0013157894736842105, "ঐ": 0.0013157894736842105, "ওঠানোর": 0.0013157894736842105, "কই": 0.0013157894736842105, "কথা": 0.0013157894736842105, "করেছি": 0.0013157894736842105, "কাটবেন": 0.0013157894736842105, "কাল": 0.0013157894736842105, "কিংবা": 0.0013157894736842105, "কিন্তু": 0.0013157894736842105, "কে": 0.0013157894736842105, "কেমন": 0.0013157894736842105, "কেমনে": 0.0013157894736842105, "ক্যাস": 0.0013157894736842105, "খরচ": 0.0013157894736842105, "খরচের": 0.0013157894736842105, "খুলে": 0.0013157894736842105, "চাইলে": 0.0013157894736842105, "চায": 0.0013157894736842105, "চিন্তিত": 0.0013157894736842105,