{"card": 0.06060606060606061, "gift": 0.06060606060606061, "ki": 0.05387205387205387, "কি": 0.043771043771043766, "send": 0.0404040404040404, "money": 0.037037037037037035, "গিফট": 0.030303030303030304, "সেন্ড": 0.030303030303030304, "কার্ড": 0.02356902356902357, "মানি": 0.02356902356902357, "diye": 0.016835016835016835, "আমি": 0.016835016835016835, "করব": 0.016835016835016835, "দিয়ে": 0.016835016835016835, "er": 0.013468013468013467, "what": 0.013468013468013467, "barta": 0.0101010101010101, "can": 0.0101010101010101, "eta": 0.0101010101010101, "sir": 0.0101010101010101, "বার্তা": 0.0101010101010101, "about": 0.006734006734006734, "accha": 0.006734006734006734, "ami": 0.006734006734006734, "dekhlam": 0.006734006734006734, "ekta": 0.006734006734006734, "i": 0.006734006734006734, "is": 0.006734006734006734, "jai": 0.006734006734006734, "kaj": 0.006734006734006734, "kora": 0.006734006734006734, "kore": 0.006734006734006734, "luv": 0.006734006734006734, "me": 0.006734006734006734, "message": 0.006734006734006734, "of": 0.006734006734006734, "option": 0.006734006734006734, "sent": 0.006734006734006734, "tell": 0.006734006734006734, "আপনাদের": 0.006734006734006734, "আমাকে": 0.006734006734006734, "কিভাবে": 0.006734006734006734, "জিনিসটা": 0.006734006734006734, "টাকা": 0.006734006734006734, "দেন": 0.006734006734006734, "পাব": 0.006734006734006734, "শুভেচ্ছা": 0.006734006734006734, "স্যার": 0.006734006734006734, "amar": 0.003367003367003367, "ame": 0.003367003367003367, "apnader": 0.003367003367003367, "apnara": 0.003367003367003367, "asa": 0.003367003367003367, "asbe": 0.003367003367003367, "asole": 0.003367003367003367, "bebohar": 0.003367003367003367, "benefits": 0.003367003367003367, "bolben": 0.003367003367003367, "by": 0.003367003367003367, "claim": 0.003367003367003367, "dawa": 0.003367003367003367, "e": 0.003367003367003367, "ei": 0.003367003367003367, "ektu": 0.003367003367003367, "enechen": 0.003367003367003367, "etar": 0.003367003367003367, "for": 0.003367003367003367, "from": 0.003367003367003367, "hhobe": 0.003367003367003367, "hoi": 0.003367003367003367, "how": 0.003367003367003367, "jabe": 0.003367003367003367, "je": 0.003367003367003367, "kajte": 0.003367003367003367, "kind": 0.003367003367003367, "kintu": 0.003367003367003367, "kiser": 0.003367003367003367, "kono": 0.003367003367003367, "korar": 0.003367003367003367, "naki": 0.003367003367003367, "pathabo": 0.003367003367003367, "pathano": 0.003367003367003367, "perpous": 0.003367003367003367, "shubeccha": 0.003367003367003367, "something": 0.003367003367003367, "somoi": 0.003367003367003367, "te": 0.003367003367003367, "the": 0.003367003367003367, "things": 0.003367003367003367, "to": 0.003367003367003367, "upokar": 0.003367003367003367, "use": 0.003367003367003367, "using": 0.003367003367003367, "we": 0.003367003367003367, "which": 0.003367003367003367, "আইতেম": 0.003367003367003367, "আচ্ছা": 0.003367003367003367, "এক্তু": 0.003367003367003367, "এর": 0.003367003367003367, "করতে": 0.003367003367003367, "করার": 0.003367003367003367, "কাজ": 0.003367003367003367, "কার্ডের": 0.003367003367003367, "কেন": 0.003367003367003367, "কোন": 0.003367003367003367, "গিফত": 0.003367003367003367, "জিনিসটার": 0.003367003367003367, "টা": 0.003367003367003367, "তা": 0.003367003367003367, "দেখলাম": 0.003367003367003367, "নতুন": 0.003367003367003367, "নিব": 0.003367003367003367, "পাঠানো": 0.003367003367003367, "বিকাশের": 0.003367003367003367, "বিষয়টি": 0.003367003367003367, "বুঝায়": 0.003367003367003367, "বুঝিয়ে": 0.003367003367003367, "ব্যবহার": 0.003367003367003367, "ভাল": 0.003367003367003367, "মনে": 0.003367003367003367, "মাধ্যমে": 0.003367003367003367, "মানিতে": 0.003367003367003367, "মানির": 0.003367003367003367, "যায়": 0.003367003367003367, "যেয়ে": 0.003367003367003367, "সময়": 0.003367003367003367, "সেবা": 0.003367003367003367, "হচ্ছে": 0.003367003367003367}