{"send": 0.057803468208092484, "money": 0.05202312138728324, "limit": 0.04335260115606936, "receive": 0.03757225433526012, "টাকা": 0.028901734104046242, "koto": 0.02601156069364162, "আমার": 0.02601156069364162, "taka": 0.023121387283236993, "কত": 0.023121387283236993, "মানি": 0.02023121387283237, "লিমিট": 0.02023121387283237, "amar": 0.017341040462427744, "একাউন্টে": 0.017341040462427744, "সেন্ড": 0.017341040462427744, "account": 0.011560693641618497, "er": 0.011560693641618497, "i": 0.011560693641618497, "korar": 0.011560693641618497, "parbo": 0.011560693641618497, "personal": 0.011560693641618497, "আমি": 0.011560693641618497, "করতে": 0.011560693641618497, "করার": 0.011560693641618497, "কি": 0.011560693641618497, "পারবো": 0.011560693641618497, "a": 0.008670520231213872, "ami": 0.008670520231213872, "e": 0.008670520231213872, "ki": 0.008670520231213872, "korte": 0.008670520231213872, "the": 0.008670520231213872, "পর্যন্ত": 0.008670520231213872, "রিসিব": 0.008670520231213872, "রিসিভ": 0.008670520231213872, "acc": 0.005780346820809248, "bkash": 0.005780346820809248, "can": 0.005780346820809248, "ekaunte": 0.005780346820809248, "from": 0.005780346820809248, "jabe": 0.005780346820809248, "koi": 0.005780346820809248, "kono": 0.005780346820809248, "many": 0.005780346820809248, "maximum": 0.005780346820809248, "please": 0.005780346820809248, "porjonto": 0.005780346820809248, "to": 0.005780346820809248, "aca": 0.002890173410404624, "ace": 0.002890173410404624, "amarr": 0.002890173410404624, "amount": 0.002890173410404624, "amr": 0.002890173410404624, "ante": 0.002890173410404624, "any": 0.002890173410404624, "ase": 0.002890173410404624, "ata": 0.002890173410404624, "bhai": 0.002890173410404624, "bolen": 0.002890173410404624, "dekhbo": 0.002890173410404624, "dekhe": 0.002890173410404624, "dekhte": 0.002890173410404624, "din": 0.002890173410404624, "ekkjon": 0.002890173410404624, "for": 0.002890173410404624, "grohon": 0.002890173410404624, "grohoner": 0.002890173410404624, "how": 0.002890173410404624, "in": 0.002890173410404624, "is": 0.002890173410404624, "janaben": 0.002890173410404624, "janata": 0.002890173410404624, "jnaben": 0.002890173410404624, "kemne": 0.002890173410404624, "know": 0.002890173410404624, "kora": 0.002890173410404624, "kotobar": 0.002890173410404624, "limite": 0.002890173410404624, "maddhome": 0.002890173410404624, "me": 0.002890173410404624, "monthly": 0.002890173410404624, "much": 0.002890173410404624, "my": 0.002890173410404624, "naki": 0.002890173410404624, "need": 0.002890173410404624, "neya": 0.002890173410404624, "nite": 0.002890173410404624, "noney": 0.002890173410404624, "paina": 0.002890173410404624, "patabe": 0.002890173410404624, "pathabe": 0.002890173410404624, "prbo": 0.002890173410404624, "proyjn": 0.002890173410404624, "rceibe": 0.002890173410404624, "receib": 0.002890173410404624, "receiv": 0.002890173410404624, "receve": 0.002890173410404624, "sen": 0.002890173410404624, "shorboccho": 0.002890173410404624, "sir": 0.002890173410404624, "tell": 0.002890173410404624, "theke": 0.002890173410404624, "there": 0.002890173410404624, "tk": 0.002890173410404624, "want": 0.002890173410404624, "what's": 0.002890173410404624, "অ্যাকাউন্টে": 0.002890173410404624, "আছে": 0.002890173410404624, "আনতে": 0.002890173410404624, "আরেকজনের": 0.002890173410404624, "আসবে": 0.002890173410404624, "আসে": 0.002890173410404624, "আসেনি": 0.002890173410404624, "এ": 0.002890173410404624, "এক": 0.002890173410404624, "একাউনে": 0.002890173410404624, "একাউন্ট": 0.002890173410404624, "একাউন্টের": 0.002890173410404624, "এখন": 0.002890173410404624, "করা": 0.002890173410404624, "করে": 0.002890173410404624, "কুনো": 0.002890173410404624, "কেউ": 0.002890173410404624, "কোন": 0.002890173410404624, "কোনো": 0.002890173410404624, "ক্যাশইন": 0.002890173410404624, "ক্ষেত্রে": 0.002890173410404624, "গিয়েছে": 0.002890173410404624, "গ্রহণ": 0.002890173410404624, "গ্রহণের": 0.002890173410404624, "গ্রহন": 0.002890173410404624, "চায়": 0.002890173410404624, "জানা": 0.002890173410404624, "জানাবেন": 0.002890173410404624, "তাহলে": 0.002890173410404624, "তে": 0.002890173410404624, "দিনে": 0.002890173410404624, "নাম্বারে": 0.002890173410404624, "পাটাইতে": 0.002890173410404624, "পাটাতে": 0.002890173410404624, "পারবে": 0.002890173410404624, "পারমু": 0.002890173410404624, "পার্সোনাল": 0.002890173410404624, "প্রয়োজন": 0.002890173410404624, "বন্দু": 0.002890173410404624, "বলেন": 0.002890173410404624, "বিকাশ": 0.002890173410404624, "বিকাশটির": 0.002890173410404624, "যদি": 0.002890173410404624, "যায়": 0.002890173410404624, "রিসিবের": 0.002890173410404624, "সর্বোচ্চ": 0.002890173410404624, "সেন": 0.002890173410404624, "সেনমানি": 0.002890173410404624, "হয়ে": 0.002890173410404624}