{"টাকা": 0.043313069908814596, "সেন্ড": 0.03951367781155015, "মানি": 0.037993920972644375, "money": 0.0364741641337386, "send": 0.03419452887537994, "charge": 0.02507598784194529, "চার্জ": 0.018996960486322188, "আমার": 0.0182370820668693, "কত": 0.0182370820668693, "taka": 0.015197568389057751, "কেন": 0.013677811550151976, "করে": 0.012917933130699088, "tk": 0.0121580547112462, "আমি": 0.0121580547112462, "করলে": 0.011398176291793313, "বিকাশ": 0.011398176291793313, "কাটে": 0.009878419452887538, "থেকে": 0.009878419452887538, "নাম্বারে": 0.009878419452887538, "kate": 0.00911854103343465, "te": 0.008358662613981764, "কি": 0.008358662613981764, "bkash": 0.007598784194528876, "keno": 0.007598784194528876, "কাটবে": 0.007598784194528876, "মানিতে": 0.007598784194528876, "beshi": 0.006838905775075988, "কাটছে": 0.006838905775075988, "প্রিয়": 0.006838905775075988, "ki": 0.0060790273556231, "to": 0.0060790273556231, "কাটা": 0.0060790273556231, "amar": 0.0053191489361702135, "e": 0.0053191489361702135, "i": 0.0053191489361702135, "korle": 0.0053191489361702135, "করা": 0.0053191489361702135, "খরচ": 0.0053191489361702135, "ফ্রি": 0.0053191489361702135, "বিকাশে": 0.0053191489361702135, "সেন্ট": 0.0053191489361702135, "হাজারে": 0.0053191489361702135, "extra": 0.004559270516717325, "koto": 0.004559270516717325, "number": 0.004559270516717325, "why": 0.004559270516717325, "katse": 0.003799392097264438, "kore": 0.003799392097264438, "theke": 0.003799392097264438, "অতিরিক্ত": 0.003799392097264438, "একাউন্ট": 0.003799392097264438, "কিন্তু": 0.003799392097264438, "a": 0.00303951367781155, "deduct": 0.00303951367781155, "for": 0.00303951367781155, "katbe": 0.00303951367781155, "kattese": 0.00303951367781155, "my": 0.00303951367781155, "na": 0.00303951367781155, "priyo": 0.00303951367781155, "sent": 0.00303951367781155, "সেন": 0.00303951367781155, "সেন্ডমানি": 0.00303951367781155, "স্যার": 0.00303951367781155, "হবে": 0.00303951367781155, "247": 0.0022796352583586625, "ami": 0.0022796352583586625, "amr": 0.0022796352583586625, "charged": 0.0022796352583586625, "eto": 0.0022796352583586625, "free": 0.0022796352583586625, "hobe": 0.0022796352583586625, "kata": 0.0022796352583586625, "kno": 0.0022796352583586625, "korsi": 0.0022796352583586625, "many": 0.0022796352583586625, "on": 0.0022796352583586625, "personal": 0.0022796352583586625, "আপনাদের": 0.0022796352583586625, "একটা": 0.0022796352583586625, "এক্সট্রা": 0.0022796352583586625, "এটা": 0.0022796352583586625, "কতো": 0.0022796352583586625, "করতে": 0.0022796352583586625, "করি": 0.0022796352583586625, "করেন": 0.0022796352583586625, "কেনো": 0.0022796352583586625, "তাহলে": 0.0022796352583586625, "নাম্বার": 0.0022796352583586625, "ফি": 0.0022796352583586625, "ভাই": 0.0022796352583586625, "যদি": 0.0022796352583586625, "যায়": 0.0022796352583586625, "হচ্ছে": 0.0022796352583586625, "age": 0.001519756838905775, "apnader": 0.001519756838905775, "apnara": 0.001519756838905775, "apps": 0.001519756838905775, "been": 0.001519756838905775, "carge": 0.001519756838905775, "charges": 0.001519756838905775, "eta": 0.001519756838905775, "fee": 0.001519756838905775, "have": 0.001519756838905775, "hi": 0.001519756838905775, "hlw": 0.001519756838905775, "it": 0.001519756838905775, "jonno": 0.001519756838905775, "just": 0.001519756838905775, "k": 0.001519756838905775, "katlo": 0.001519756838905775, "kete": 0.001519756838905775, "kinto": 0.001519756838905775, "korte": 0.001519756838905775, "o": 0.001519756838905775, "r": 0.001519756838905775, "sending": 0.001519756838905775, "senmany": 0.001519756838905775, "tahole": 0.001519756838905775, "the": 0.001519756838905775, "transaction": 0.001519756838905775, "আচ্ছা": 0.001519756838905775, "আছে": 0.001519756838905775, "আজকে": 0.001519756838905775, "আর": 0.001519756838905775, "আলাইকুম": 0.001519756838905775, "আসসালামু": 0.001519756838905775, "এ": 0.001519756838905775, "এক": 0.001519756838905775, "একাউন্টে": 0.001519756838905775, "এবং": 0.001519756838905775, "এর": 0.001519756838905775, "কনো": 0.001519756838905775, "করচ": 0.001519756838905775, "করছি": 0.001519756838905775, "করেছি": 0.001519756838905775, "কাটতেছে": 0.001519756838905775, "কাটতেসে": 0.001519756838905775, "কেটে": 0.001519756838905775, "কেমন": 0.001519756838905775, "চাই": 0.001519756838905775, "চাজ": 0.001519756838905775, "চেক": 0.001519756838905775, "জন্য": 0.001519756838905775, "টা": 0.001519756838905775, "তে": 0.001519756838905775, "দিয়ে": 0.001519756838905775, "না": 0.001519756838905775, "নাকি": 0.001519756838905775, "পর্যন্ত": 0.001519756838905775, "পাঁচটি": 0.001519756838905775, "পাটাই": 0.001519756838905775, "পারসনাল": 0.001519756838905775, "পারসনালে": 0.001519756838905775, "পারে": 0.001519756838905775, "পার্সোনাল": 0.001519756838905775, "প্রিয়": 0.001519756838905775, "প্লিজ": 0.001519756838905775, "ফ্রী": 0.001519756838905775, "বলবেন": 0.001519756838905775, "বারতি": 0.001519756838905775, "বিকাশের": 0.001519756838905775, "বেশি": 0.001519756838905775, "ব্যবহার": 0.001519756838905775, "মানির": 0.001519756838905775, "যাবে": 0.001519756838905775, "যে": 0.001519756838905775, "লখ": 0.001519756838905775, "লাগে": 0.001519756838905775, "সার্ভিস": 0.001519756838905775, "সে": 0.001519756838905775, "সেন্ডমানিতে": 0.001519756838905775, "হতে": 0.001519756838905775, "হাজার": 0.001519756838905775, "হয়": 0.001519756838905775, "হয়েছে": 0.001519756838905775, "-": 0.0007598784194528875, "acc": 0.0007598784194528875, "account": 0.0007598784194528875, "add": 0.0007598784194528875, "aikhan": 0.0007598784194528875, "ajaira": 0.0007598784194528875, "akn": 0.0007598784194528875, "all": 0.0007598784194528875, "app": 0.0007598784194528875, "apu": 0.0007598784194528875, "bar": 0.0007598784194528875, "belive": 0.0007598784194528875, "bikash": 0.0007598784194528875, "bishoy": 0.0007598784194528875, "bkas": 0.0007598784194528875, "but": 0.0007598784194528875, "cahaj": 0.0007598784194528875, "can't": 0.0007598784194528875, "chalabo": 0.0007598784194528875, "check": 0.0007598784194528875, "dail": 0.0007598784194528875, "deducted": 0.0007598784194528875, "deduction": 0.0007598784194528875, "dekhen": 0.0007598784194528875, "den": 0.0007598784194528875, "detailed": 0.0007598784194528875, "dial": 0.0007598784194528875, "dile": 0.0007598784194528875, "eitar": 0.0007598784194528875, "ekhon": 0.0007598784194528875, "ekto": 0.0007598784194528875, "faltu": 0.0007598784194528875, "favorite": 0.0007598784194528875, "feel": 0.0007598784194528875, "frieend": 0.0007598784194528875, "friend": 0.0007598784194528875, "friends": 0.0007598784194528875, "from": 0.0007598784194528875, "has": 0.0007598784194528875, "hocce": 0.0007598784194528875, "holo": 0.0007598784194528875, "hoyese": 0.0007598784194528875, "if": 0.0007598784194528875, "information": 0.0007598784194528875, "is": 0.0007598784194528875, "janaben": 0.0007598784194528875, "jate": 0.0007598784194528875, "jodi": 0.0007598784194528875, "kano": 0.0007598784194528875, "katce": 0.0007598784194528875, "katle": 0.0007598784194528875, "katto": 0.0007598784194528875, "ken": 0.0007598784194528875, "kintu": 0.0007598784194528875, "kisu": 0.0007598784194528875, "kn": 0.0007598784194528875, "knii": 0.0007598784194528875, "kono": 0.0007598784194528875, "kora": 0.0007598784194528875, "korar": 0.0007598784194528875, "korbona": 0.0007598784194528875, "koren": 0.0007598784194528875, "kori": 0.0007598784194528875, "korlam": 0.0007598784194528875, "korsen": 0.0007598784194528875, "kotha": 0.0007598784194528875, "last": 0.0007598784194528875, "lekha": 0.0007598784194528875, "made": 0.0007598784194528875, "maney": 0.0007598784194528875, "mani": 0.0007598784194528875, "manite": 0.0007598784194528875, "more": 0.0007598784194528875, "naki": 0.0007598784194528875, "need": 0.0007598784194528875, "nei": 0.0007598784194528875, "nibe": 0.0007598784194528875, "nicche": 0.0007598784194528875, "niche": 0.0007598784194528875, "nilo": 0.0007598784194528875, "nise": 0.0007598784194528875, "nito": 0.0007598784194528875, "numver": 0.0007598784194528875,