{"send": 0.057803468208092484, "money": 0.054913294797687855, "bkash": 0.02601156069364162, "taka": 0.02023121387283237, "ki": 0.017341040462427744, "how": 0.014450867052023121, "i": 0.014450867052023121, "niyom": 0.014450867052023121, "to": 0.014450867052023121, "amar": 0.011560693641618497, "diye": 0.011560693641618497, "kemne": 0.011560693641618497, "procedure": 0.011560693641618497, "টাকা": 0.011560693641618497, "মানি": 0.011560693641618497, "সেন্ড": 0.011560693641618497, "247": 0.008670520231213872, "ami": 0.008670520231213872, "bole": 0.008670520231213872, "by": 0.008670520231213872, "cai": 0.008670520231213872, "kivabe": 0.008670520231213872, "know": 0.008670520231213872, "kora": 0.008670520231213872, "korar": 0.008670520231213872, "korbo": 0.008670520231213872, "process": 0.008670520231213872, "ta": 0.008670520231213872, "teke": 0.008670520231213872, "ussd": 0.008670520231213872, "নিয়ম": 0.008670520231213872, "account": 0.005780346820809248, "amake": 0.005780346820809248, "app": 0.005780346820809248, "bolen": 0.005780346820809248, "code": 0.005780346820809248, "den": 0.005780346820809248, "e": 0.005780346820809248, "ek": 0.005780346820809248, "from": 0.005780346820809248, "hobe": 0.005780346820809248, "jayna": 0.005780346820809248, "kore": 0.005780346820809248, "korte": 0.005780346820809248, "many": 0.005780346820809248, "my": 0.005780346820809248, "need": 0.005780346820809248, "pataite": 0.005780346820809248, "pathaite": 0.005780346820809248, "please": 0.005780346820809248, "the": 0.005780346820809248, "এক": 0.005780346820809248, "একটু": 0.005780346820809248, "করতে": 0.005780346820809248, "করার": 0.005780346820809248, "করে": 0.005780346820809248, "কেমনে": 0.005780346820809248, "কোড": 0.005780346820809248, "চায়": 0.005780346820809248, "ট্রান্সফার": 0.005780346820809248, "থেকে": 0.005780346820809248, "দিয়া": 0.005780346820809248, "পারসনাল": 0.005780346820809248, "বলবেন": 0.005780346820809248, "বলুন": 0.005780346820809248, "বাই": 0.005780346820809248, "বিকাশ": 0.005780346820809248, "ব্যালান্স": 0.005780346820809248, "মাধ্যমে": 0.005780346820809248, "abba": 0.002890173410404624, "about": 0.002890173410404624, "ame": 0.002890173410404624, "another": 0.002890173410404624, "arek": 0.002890173410404624, "arekjoner": 0.002890173410404624, "bai": 0.002890173410404624, "barite": 0.002890173410404624, "bhai": 0.002890173410404624, "bhalo": 0.002890173410404624, "bikashe": 0.002890173410404624, "bkashe": 0.002890173410404624, "bolben": 0.002890173410404624, "bolun": 0.002890173410404624, "bondhure": 0.002890173410404624, "broken": 0.002890173410404624, "button": 0.002890173410404624, "can": 0.002890173410404624, "cara": 0.002890173410404624, "cay": 0.002890173410404624, "dibo": 0.002890173410404624, "din": 0.002890173410404624, "dite": 0.002890173410404624, "diya": 0.002890173410404624, "do": 0.002890173410404624, "ebong": 0.002890173410404624, "ekktu": 0.002890173410404624, "help": 0.002890173410404624, "hoito": 0.002890173410404624, "is": 0.002890173410404624, "jamai": 0.002890173410404624, "janaben": 0.002890173410404624, "janaile": 0.002890173410404624, "janan": 0.002890173410404624, "jante": 0.002890173410404624, "jay": 0.002890173410404624, "k": 0.002890173410404624, "kesu": 0.002890173410404624, "kintu": 0.002890173410404624, "make": 0.002890173410404624, "may": 0.002890173410404624, "me": 0.002890173410404624, "number": 0.002890173410404624, "of": 0.002890173410404624, "one": 0.002890173410404624, "or": 0.002890173410404624, "parbo": 0.002890173410404624, "patabe": 0.002890173410404624, "patabo": 0.002890173410404624, "pathabo": 0.002890173410404624, "phone": 0.002890173410404624, "prbo": 0.002890173410404624, "re": 0.002890173410404624, "rule": 0.002890173410404624, "sandmany": 0.002890173410404624, "sen": 0.002890173410404624, "sending": 0.002890173410404624, "senmaney": 0.002890173410404624, "senmani": 0.002890173410404624, "senmany": 0.002890173410404624, "since": 0.002890173410404624, "sir": 0.002890173410404624, "smartphone": 0.002890173410404624, "someone": 0.002890173410404624, "somporke": 0.002890173410404624, "takata": 0.002890173410404624, "theke": 0.002890173410404624, "transaction": 0.002890173410404624, "urgent": 0.002890173410404624, "user": 0.002890173410404624, "vi": 0.002890173410404624, "want": 0.002890173410404624, "অন্য": 0.002890173410404624, "অ্যাপ": 0.002890173410404624, "আমাকে": 0.002890173410404624, "আমার": 0.002890173410404624, "আমি": 0.002890173410404624, "আর": 0.002890173410404624, "আরেক": 0.002890173410404624, "উপায়": 0.002890173410404624, "এ": 0.002890173410404624, "একটি": 0.002890173410404624, "করবো": 0.002890173410404624, "করমু": 0.002890173410404624, "করা": 0.002890173410404624, "কিন্তু": 0.002890173410404624, "কিভাবে": 0.002890173410404624, "কীভাবে": 0.002890173410404624, "কুড": 0.002890173410404624, "কেম্নে": 0.002890173410404624, "চাই": 0.002890173410404624, "ছাড়া": 0.002890173410404624, "জানাবেন": 0.002890173410404624, "টা": 0.002890173410404624, "ডায়াল": 0.002890173410404624, "তেকে": 0.002890173410404624, "দিতে": 0.002890173410404624, "না": 0.002890173410404624, "নাম্বার": 0.002890173410404624, "নাম্বারে": 0.002890173410404624, "নিতে": 0.002890173410404624, "নেওয়ার": 0.002890173410404624, "পাঠায়": 0.002890173410404624, "পারতাসিনা": 0.002890173410404624, "বন্ধুকে": 0.002890173410404624, "বলেন": 0.002890173410404624, "বাড়ীতে": 0.002890173410404624, "বিকাশে": 0.002890173410404624, "বুজতেসিনা": 0.002890173410404624, "মানির": 0.002890173410404624, "মোবাইলের": 0.002890173410404624, "যায়": 0.002890173410404624, "সেন": 0.002890173410404624, "সেনমানি": 0.002890173410404624, "সেন্ডমানি": 0.002890173410404624, "হয়": 0.002890173410404624}