{"money": 0.03747072599531616, "send": 0.03747072599531616, "মানি": 0.03278688524590164, "সেন্ড": 0.03278688524590164, "limit": 0.03044496487119438, "টাকা": 0.028103044496487116, "করতে": 0.02107728337236534, "koto": 0.01639344262295082, "কত": 0.01639344262295082, "লিমিট": 0.01639344262295082, "korte": 0.014051522248243558, "আমার": 0.011709601873536299, "মাসে": 0.011709601873536299, "amr": 0.00936768149882904, "bkash": 0.00936768149882904, "e": 0.00936768149882904, "i": 0.00936768149882904, "issue": 0.00936768149882904, "number": 0.00936768149882904, "parbo": 0.00936768149882904, "sent": 0.00936768149882904, "taka": 0.00936768149882904, "আমি": 0.00936768149882904, "বিকাশ": 0.00936768149882904, "বিকাশে": 0.00936768149882904, "যায়": 0.00936768149882904, "সর্বোচ্চ": 0.00936768149882904, "সেন্ডমানি": 0.00936768149882904, "a": 0.007025761124121779, "amar": 0.007025761124121779, "ami": 0.007025761124121779, "monthly": 0.007025761124121779, "na": 0.007025761124121779, "theke": 0.007025761124121779, "একটি": 0.007025761124121779, "এর": 0.007025761124121779, "করা": 0.007025761124121779, "করেছি": 0.007025761124121779, "কি": 0.007025761124121779, "থেকে": 0.007025761124121779, "না": 0.007025761124121779, "পারব": 0.007025761124121779, "পারবো": 0.007025761124121779, "প্রতিদিন": 0.007025761124121779, "শেষ": 0.007025761124121779, "account": 0.00468384074941452, "ar": 0.00468384074941452, "can": 0.00468384074941452, "din": 0.00468384074941452, "ki": 0.00468384074941452, "kora": 0.00468384074941452, "kotobar": 0.00468384074941452, "kto": 0.00468384074941452, "mase": 0.00468384074941452, "no": 0.00468384074941452, "ta": 0.00468384074941452, "আজকে": 0.00468384074941452, "এক": 0.00468384074941452, "এবং": 0.00468384074941452, "কতবার": 0.00468384074941452, "কতো": 0.00468384074941452, "কিভাবে": 0.00468384074941452, "নাম্বারে": 0.00468384074941452, "পাঠানো": 0.00468384074941452, "সেন্ট": 0.00468384074941452, "স্যার": 0.00468384074941452, "akdin": 0.00234192037470726, "akta": 0.00234192037470726, "akti": 0.00234192037470726, "akto": 0.00234192037470726, "aktu": 0.00234192037470726, "amer": 0.00234192037470726, "and": 0.00234192037470726, "any": 0.00234192037470726, "apps": 0.00234192037470726, "ase": 0.00234192037470726, "ashar": 0.00234192037470726, "assa": 0.00234192037470726, "bar": 0.00234192037470726, "baraben": 0.00234192037470726, "barabo": 0.00234192037470726, "bikash": 0.00234192037470726, "bkas": 0.00234192037470726, "bole": 0.00234192037470726, "bro": 0.00234192037470726, "cannot": 0.00234192037470726, "check": 0.00234192037470726, "clarify": 0.00234192037470726, "could": 0.00234192037470726, "crossed": 0.00234192037470726, "dekacche": 0.00234192037470726, "dekhacche": 0.00234192037470726, "dey": 0.00234192037470726, "dine": 0.00234192037470726, "diye": 0.00234192037470726, "dukbe": 0.00234192037470726, "hajar": 0.00234192037470726, "hbe": 0.00234192037470726, "i've": 0.00234192037470726, "issues": 0.00234192037470726, "its": 0.00234192037470726, "jai": 0.00234192037470726, "jau": 0.00234192037470726, "judi": 0.00234192037470726, "khoroj": 0.00234192037470726, "kibabe": 0.00234192037470726, "kno": 0.00234192037470726, "koibar": 0.00234192037470726, "koita": 0.00234192037470726, "kono": 0.00234192037470726, "kor": 0.00234192037470726, "korben": 0.00234192037470726, "kori": 0.00234192037470726, "korle": 0.00234192037470726, "korta": 0.00234192037470726, "lakh": 0.00234192037470726, "longer": 0.00234192037470726, "mani": 0.00234192037470726, "monoy": 0.00234192037470726, "mony": 0.00234192037470726, "more": 0.00234192037470726, "my": 0.00234192037470726, "nioya": 0.00234192037470726, "not": 0.00234192037470726, "now": 0.00234192037470726, "numbare": 0.00234192037470726, "oarbo": 0.00234192037470726, "only": 0.00234192037470726, "opor": 0.00234192037470726, "par": 0.00234192037470726, "pari": 0.00234192037470726, "partase": 0.00234192037470726, "partesi": 0.00234192037470726, "personal": 0.00234192037470726, "please": 0.00234192037470726, "pls": 0.00234192037470726, "porjonto": 0.00234192037470726, "prio": 0.00234192037470726, "priyo": 0.00234192037470726, "r": 0.00234192037470726, "receive": 0.00234192037470726, "sandmany": 0.00234192037470726, "showing": 0.00234192037470726, "te": 0.00234192037470726, "the": 0.00234192037470726, "ti": 0.00234192037470726, "tk": 0.00234192037470726, "to": 0.00234192037470726, "today": 0.00234192037470726, "unlimited": 0.00234192037470726, "you": 0.00234192037470726, "আউট": 0.00234192037470726, "আগে": 0.00234192037470726, "আছে": 0.00234192037470726, "আজ": 0.00234192037470726, "আজকেই": 0.00234192037470726, "আজকের": 0.00234192037470726, "আমাকে": 0.00234192037470726, "আর": 0.00234192037470726, "আরো": 0.00234192037470726, "ইশু": 0.00234192037470726, "একবারে": 0.00234192037470726, "একশোর": 0.00234192037470726, "একাউন্টে": 0.00234192037470726, "এখন": 0.00234192037470726, "কখন": 0.00234192037470726, "কতটা": 0.00234192037470726, "কতদিন": 0.00234192037470726, "কিন্তু": 0.00234192037470726, "গেছে": 0.00234192037470726, "গেলে": 0.00234192037470726, "জন্য": 0.00234192037470726, "টি": 0.00234192037470726, "ট্রন্সফার": 0.00234192037470726, "ট্রেনেস্ফার": 0.00234192037470726, "তারপর": 0.00234192037470726, "তাহলে": 0.00234192037470726, "থাকে": 0.00234192037470726, "দিনে": 0.00234192037470726, "দেখাই": 0.00234192037470726, "দৈনিক": 0.00234192037470726, "নাম্বার": 0.00234192037470726, "পর্যন্ত": 0.00234192037470726, "পাটাতে": 0.00234192037470726, "পারছিনা": 0.00234192037470726, "পারবে": 0.00234192037470726, "পারসোনা": 0.00234192037470726, "পারসোনাল": 0.00234192037470726, "পারি": 0.00234192037470726, "বলুনতো": 0.00234192037470726, "বার": 0.00234192037470726, "বারাতে": 0.00234192037470726, "বিকাশের": 0.00234192037470726, "বেশি": 0.00234192037470726, "ভাই": 0.00234192037470726, "মানির": 0.00234192037470726, "মানে": 0.00234192037470726, "মাস": 0.00234192037470726, "যায়": 0.00234192037470726, "লিমিটেড": 0.00234192037470726, "সর্বচ্চ": 0.00234192037470726, "সেন": 0.00234192037470726, "হওয়ার": 0.00234192037470726, "হচ্ছে": 0.00234192037470726, "হবে": 0.00234192037470726, "হাজার": 0.00234192037470726, "হয়": 0.00234192037470726, "হয়ে": 0.00234192037470726, "৷": 0.00234192037470726}