{"send": 0.05466970387243735, "money": 0.05239179954441913, "to": 0.04100227790432802, "e": 0.027334851936218676, "number": 0.027334851936218676, "মানি": 0.025056947608200455, "সেন্ড": 0.025056947608200455, "agent": 0.018223234624145785, "merchant": 0.018223234624145785, "personal": 0.018223234624145785, "আমি": 0.018223234624145785, "taka": 0.015945330296127564, "করতে": 0.015945330296127564, "a": 0.013667425968109338, "hoina": 0.013667425968109338, "i": 0.013667425968109338, "sir": 0.013667425968109338, "নাম্বারে": 0.013667425968109338, "ki": 0.011389521640091115, "কেন": 0.011389521640091115, "টাকা": 0.011389521640091115, "account": 0.009111617312072893, "ame": 0.009111617312072893, "bkash": 0.009111617312072893, "ekta": 0.009111617312072893, "possible": 0.009111617312072893, "আমার": 0.009111617312072893, "can": 0.006833712984054669, "chai": 0.006833712984054669, "ektu": 0.006833712984054669, "failed": 0.006833712984054669, "it": 0.006833712984054669, "jai": 0.006833712984054669, "kano": 0.006833712984054669, "kintu": 0.006833712984054669, "korte": 0.006833712984054669, "my": 0.006833712984054669, "vai": 0.006833712984054669, "উনার": 0.006833712984054669, "কি": 0.006833712984054669, "থেকে": 0.006833712984054669, "পার্সোনাল": 0.006833712984054669, "am": 0.004555808656036446, "amake": 0.004555808656036446, "ami": 0.004555808656036446, "but": 0.004555808656036446, "dekhi": 0.004555808656036446, "dokaner": 0.004555808656036446, "is": 0.004555808656036446, "its": 0.004555808656036446, "keno": 0.004555808656036446, "krte": 0.004555808656036446, "not": 0.004555808656036446, "onno": 0.004555808656036446, "p": 0.004555808656036446, "parbo": 0.004555808656036446, "parina": 0.004555808656036446, "please": 0.004555808656036446, "retail": 0.004555808656036446, "trying": 0.004555808656036446, "unar": 0.004555808656036446, "want": 0.004555808656036446, "why": 0.004555808656036446, "আছে": 0.004555808656036446, "একাউন্ট": 0.004555808656036446, "এজেন্ট": 0.004555808656036446, "এজেন্তে": 0.004555808656036446, "করব": 0.004555808656036446, "কোন": 0.004555808656036446, "দোকান": 0.004555808656036446, "না": 0.004555808656036446, "পারব": 0.004555808656036446, "পারিনা": 0.004555808656036446, "বিকাশের": 0.004555808656036446, "ভাই": 0.004555808656036446, "ভাবেই": 0.004555808656036446, "রিতেইল": 0.004555808656036446, "accha": 0.002277904328018223, "agant": 0.002277904328018223, "amar": 0.002277904328018223, "and": 0.002277904328018223, "asa": 0.002277904328018223, "bolben": 0.002277904328018223, "bolen": 0.002277904328018223, "bon": 0.002277904328018223, "brothers": 0.002277904328018223, "business": 0.002277904328018223, "chara": 0.002277904328018223, "chesta": 0.002277904328018223, "dila": 0.002277904328018223, "dite": 0.002277904328018223, "do": 0.002277904328018223, "dokana": 0.002277904328018223, "ekjonke": 0.002277904328018223, "happened": 0.002277904328018223, "hello": 0.002277904328018223, "help": 0.002277904328018223, "hobe": 0.002277904328018223, "hoi": 0.002277904328018223, "how": 0.002277904328018223, "in": 0.002277904328018223, "jabe": 0.002277904328018223, "jaigai": 0.002277904328018223, "jodi": 0.002277904328018223, "ke": 0.002277904328018223, "kesute": 0.002277904328018223, "kono": 0.002277904328018223, "kora": 0.002277904328018223, "korben": 0.002277904328018223, "korbo": 0.002277904328018223, "kori": 0.002277904328018223, "korlam": 0.002277904328018223, "kotobar": 0.002277904328018223, "krtei": 0.002277904328018223, "many": 0.002277904328018223, "me": 0.002277904328018223, "merchnt": 0.002277904328018223, "monei": 0.002277904328018223, "na": 0.002277904328018223, "naki": 0.002277904328018223, "nearest": 0.002277904328018223, "ota": 0.002277904328018223, "parchina": 0.002277904328018223, "pathabo": 0.002277904328018223, "pathaite": 0.002277904328018223, "pathano": 0.002277904328018223, "payment": 0.002277904328018223, "pra": 0.002277904328018223, "problem": 0.002277904328018223, "request": 0.002277904328018223, "senad": 0.002277904328018223, "service": 0.002277904328018223, "shajjo": 0.002277904328018223, "showing": 0.002277904328018223, "solve": 0.002277904328018223, "somvb": 0.002277904328018223, "sudhu": 0.002277904328018223, "theke": 0.002277904328018223, "thke": 0.002277904328018223, "times": 0.002277904328018223, "vabei": 0.002277904328018223, "what": 0.002277904328018223, "you": 0.002277904328018223, "আগেই": 0.002277904328018223, "একজন": 0.002277904328018223, "একটা": 0.002277904328018223, "এক্তু": 0.002277904328018223, "এজেণ্ট": 0.002277904328018223, "এজেন্ত": 0.002277904328018223, "কনভাবেই": 0.002277904328018223, "করা": 0.002277904328018223, "কিভাবে": 0.002277904328018223, "কোনভাবেই": 0.002277904328018223, "চাচার": 0.002277904328018223, "চাচ্ছিলাম": 0.002277904328018223, "জাই": 0.002277904328018223, "তকা": 0.002277904328018223, "তে": 0.002277904328018223, "দকানের": 0.002277904328018223, "দেখি": 0.002277904328018223, "নামাব্রে": 0.002277904328018223, "নাম্ব্র": 0.002277904328018223, "পারছিনা": 0.002277904328018223, "পারছে": 0.002277904328018223, "পিআরএ": 0.002277904328018223, "বিকাশ": 0.002277904328018223, "বিজনেস": 0.002277904328018223, "ভাইয়ের": 0.002277904328018223, "মারছেন্তে": 0.002277904328018223, "মার্চেন্ট": 0.002277904328018223, "যায়": 0.002277904328018223, "যায়না": 0.002277904328018223, "স্যার": 0.002277904328018223, "হয়": 0.002277904328018223, "হয়না": 0.002277904328018223}