{"password": 0.036613272311212815, "statement": 0.032036613272311214, "i": 0.020594965675057208, "gele": 0.016018306636155607, "ki": 0.016018306636155607, "open": 0.016018306636155607, "পাসওয়ার্ড": 0.016018306636155607, "বিকাশ": 0.016018306636155607, "স্টেটমেন্ট": 0.016018306636155607, "my": 0.013729977116704805, "the": 0.013729977116704805, "আমি": 0.013729977116704805, "কি": 0.013729977116704805, "bkash": 0.011441647597254004, "pdf": 0.011441647597254004, "pin": 0.011441647597254004, "কিন্তু": 0.011441647597254004, "চাচ্ছে": 0.011441647597254004, "না": 0.011441647597254004, "e-statement": 0.009153318077803204, "er": 0.009153318077803204, "to": 0.009153318077803204, "পাসওয়ার্ড": 0.009153318077803204, "পিন": 0.009153318077803204, "ami": 0.006864988558352402, "dibo": 0.006864988558352402, "e": 0.006864988558352402, "how": 0.006864988558352402, "it": 0.006864988558352402, "know": 0.006864988558352402, "kolte": 0.006864988558352402, "korte": 0.006864988558352402, "please": 0.006864988558352402, "আমার": 0.006864988558352402, "করতে": 0.006864988558352402, "খুলতে": 0.006864988558352402, "জন্য": 0.006864988558352402, "দিবো": 0.006864988558352402, "পারছি": 0.006864988558352402, "a": 0.004576659038901602, "akta": 0.004576659038901602, "as": 0.004576659038901602, "asks": 0.004576659038901602, "bolen": 0.004576659038901602, "but": 0.004576659038901602, "can't": 0.004576659038901602, "cay": 0.004576659038901602, "ekta": 0.004576659038901602, "file": 0.004576659038901602, "for": 0.004576659038901602, "give": 0.004576659038901602, "help": 0.004576659038901602, "jonno": 0.004576659038901602, "khulte": 0.004576659038901602, "kintu": 0.004576659038901602, "me": 0.004576659038901602, "of": 0.004576659038901602, "opening": 0.004576659038901602, "pass": 0.004576659038901602, "stetmen": 0.004576659038901602, "that": 0.004576659038901602, "when": 0.004576659038901602, "আবেদন": 0.004576659038901602, "আমাকে": 0.004576659038901602, "একাউন্ট": 0.004576659038901602, "এখানে": 0.004576659038901602, "এটা": 0.004576659038901602, "ওপেন": 0.004576659038901602, "করেছিলাম": 0.004576659038901602, "কেম্নে": 0.004576659038901602, "খুলার": 0.004576659038901602, "গুলো": 0.004576659038901602, "চায়": 0.004576659038901602, "জানিনা": 0.004576659038901602, "তো": 0.004576659038901602, "থেকে": 0.004576659038901602, "দিব": 0.004576659038901602, "দিলে": 0.004576659038901602, "দেখাচ্ছে": 0.004576659038901602, "নাম্বার": 0.004576659038901602, "পারিনা": 0.004576659038901602, "বলেন": 0.004576659038901602, "ভুল": 0.004576659038901602, "মাধ্যমে": 0.004576659038901602, "সময়": 0.004576659038901602, "স্টেটমেন্টের": 0.004576659038901602, "abedon": 0.002288329519450801, "ar": 0.002288329519450801, "asce": 0.002288329519450801, "ashche": 0.002288329519450801, "asked": 0.002288329519450801, "ata": 0.002288329519450801, "aware": 0.002288329519450801, "bolcilam": 0.002288329519450801, "bole": 0.002288329519450801, "bt": 0.002288329519450801, "by": 0.002288329519450801, "cacce": 0.002288329519450801, "cai": 0.002288329519450801, "caitese": 0.002288329519450801, "can": 0.002288329519450801, "chacche": 0.002288329519450801, "chaitese": 0.002288329519450801, "chay": 0.002288329519450801, "check": 0.002288329519450801, "click": 0.002288329519450801, "code": 0.002288329519450801, "dakhas": 0.002288329519450801, "debo": 0.002288329519450801, "den": 0.002288329519450801, "deyer": 0.002288329519450801, "dile": 0.002288329519450801, "divo": 0.002288329519450801, "do": 0.002288329519450801, "dont": 0.002288329519450801, "e-mail": 0.002288329519450801, "email": 0.002288329519450801, "eta": 0.002288329519450801, "from": 0.002288329519450801, "have": 0.002288329519450801, "hoyna": 0.002288329519450801, "i'm": 0.002288329519450801, "incorrect": 0.002288329519450801, "is": 0.002288329519450801, "ishtetmen": 0.002288329519450801, "ishtetment": 0.002288329519450801, "ishtetmenter": 0.002288329519450801, "janina": 0.002288329519450801, "kano": 0.002288329519450801, "kemne": 0.002288329519450801, "kholte": 0.002288329519450801, "khular": 0.002288329519450801, "khulbo": 0.002288329519450801, "konta": 0.002288329519450801, "korechilam": 0.002288329519450801, "koren": 0.002288329519450801, "mail": 0.002288329519450801, "mam": 0.002288329519450801, "man": 0.002288329519450801, "need": 0.002288329519450801, "not": 0.002288329519450801, "o": 0.002288329519450801, "openning": 0.002288329519450801, "paisi": 0.002288329519450801, "pari": 0.002288329519450801, "parina": 0.002288329519450801, "passowrd": 0.002288329519450801, "passward": 0.002288329519450801, "peyechi": 0.002288329519450801, "por": 0.002288329519450801, "put": 0.002288329519450801, "receive": 0.002288329519450801, "sey": 0.002288329519450801, "shall": 0.002288329519450801, "shomoy": 0.002288329519450801, "state": 0.002288329519450801, "statemen": 0.002288329519450801, "statements": 0.002288329519450801, "ta": 0.002288329519450801, "theke": 0.002288329519450801, "vi": 0.002288329519450801, "what": 0.002288329519450801, "what's": 0.002288329519450801, "while": 0.002288329519450801, "আগে": 0.002288329519450801, "আজ": 0.002288329519450801, "আবার": 0.002288329519450801, "ই-মেইলের": 0.002288329519450801, "ই-স্টেটমেন্টের": 0.002288329519450801, "ইতিমধ্যে": 0.002288329519450801, "ইশটেটমেন": 0.002288329519450801, "ইস্টেটমেন্টের": 0.002288329519450801, "ইস্টেট্মেন্টে": 0.002288329519450801, "এক": 0.002288329519450801, "একটা": 0.002288329519450801, "একটু": 0.002288329519450801, "একাউন্টের": 0.002288329519450801, "এখন": 0.002288329519450801, "এর": 0.002288329519450801, "ও": 0.002288329519450801, "করতেসে": 0.002288329519450801, "করসিলাম": 0.002288329519450801, "করুন": 0.002288329519450801, "কাজ": 0.002288329519450801, "কিসের": 0.002288329519450801, "কেন": 0.002288329519450801, "কোন": 0.002288329519450801, "কয়েকদিন": 0.002288329519450801, "খলার": 0.002288329519450801, "খোলতে": 0.002288329519450801, "খোল্বো": 0.002288329519450801, "গতোকালকে": 0.002288329519450801, "গেলে": 0.002288329519450801, "চাইছিলাম": 0.002288329519450801, "চেয়েছিলাম": 0.002288329519450801, "জানাবেন": 0.002288329519450801, "টা": 0.002288329519450801, "টেস্টমেন্ট": 0.002288329519450801, "তবে": 0.002288329519450801, "দিচ্ছি": 0.002288329519450801, "দিয়েছে": 0.002288329519450801, "দেওয়ার": 0.002288329519450801, "নিওয়মটা": 0.002288329519450801, "নিচ্ছে": 0.002288329519450801, "পরও": 0.002288329519450801, "পাইছি": 0.002288329519450801, "পাঠানো": 0.002288329519450801, "পারি": 0.002288329519450801, "পার্সওয়ার্ড": 0.002288329519450801, "পাসওওার্ড": 0.002288329519450801, "পিডিএফ": 0.002288329519450801, "পেয়েছি": 0.002288329519450801, "ফাইল": 0.002288329519450801, "ফাইলটা": 0.002288329519450801, "বছরেরে": 0.002288329519450801, "বারবার": 0.002288329519450801, "বিকাশের": 0.002288329519450801, "বুঝতেসিনা": 0.002288329519450801, "ভাই": 0.002288329519450801, "মেইলে": 0.002288329519450801, "মেইলের": 0.002288329519450801, "রিকোয়েস্ট": 0.002288329519450801, "সমস্যা": 0.002288329519450801, "সাহায্য": 0.002288329519450801, "স্টেটমেন": 0.002288329519450801, "স্টেট্মেনের": 0.002288329519450801, "স্টেট্মেন্ট": 0.002288329519450801, "হয়েছে": 0.002288329519450801, "হলো": 0.002288329519450801}