{"statement": 0.05581395348837209, "স্টেটমেন্ট": 0.04186046511627907, "আমার": 0.027906976744186046, "i": 0.023255813953488372, "আমি": 0.020930232558139535, "is": 0.018604651162790697, "এর": 0.018604651162790697, "জন্য": 0.018604651162790697, "ekhono": 0.013953488372093023, "but": 0.011627906976744186, "have": 0.011627906976744186, "my": 0.011627906976744186, "to": 0.011627906976744186, "অনুরোধ": 0.011627906976744186, "a": 0.009302325581395349, "days": 0.009302325581395349, "for": 0.009302325581395349, "it": 0.009302325581395349, "no": 0.009302325581395349, "still": 0.009302325581395349, "there": 0.009302325581395349, "এখন": 0.009302325581395349, "এখনো": 0.009302325581395349, "কি": 0.009302325581395349, "নাই": 0.009302325581395349, "amar": 0.0069767441860465115, "check": 0.0069767441860465115, "email": 0.0069767441860465115, "get": 0.0069767441860465115, "nai": 0.0069767441860465115, "pai": 0.0069767441860465115, "requested": 0.0069767441860465115, "why": 0.0069767441860465115, "করছিলাম": 0.0069767441860465115, "করেছিলাম": 0.0069767441860465115, "ছিল": 0.0069767441860465115, "দিন": 0.0069767441860465115, "না": 0.0069767441860465115, "পাইনাই": 0.0069767441860465115, "হয়ে": 0.0069767441860465115, "all": 0.004651162790697674, "ar": 0.004651162790697674, "bkash": 0.004651162790697674, "didn't": 0.004651162790697674, "din": 0.004651162790697674, "lage": 0.004651162790697674, "na": 0.004651162790697674, "painai": 0.004651162790697674, "request": 0.004651162790697674, "shomoy": 0.004651162790697674, "that": 0.004651162790697674, "the": 0.004651162790697674, "where": 0.004651162790697674, "অক্টোবর": 0.004651162790697674, "আগে": 0.004651162790697674, "আপডেট": 0.004651162790697674, "আপনারা": 0.004651162790697674, "আবেদন": 0.004651162790697674, "আমাকে": 0.004651162790697674, "ইমেইলে": 0.004651162790697674, "একটি": 0.004651162790697674, "একটু": 0.004651162790697674, "এখনও": 0.004651162790697674, "কেন": 0.004651162790697674, "গেসে": 0.004651162790697674, "চেক": 0.004651162790697674, "দিবেন": 0.004651162790697674, "পাই": 0.004651162790697674, "বছরের": 0.004651162790697674, "বিকাশ": 0.004651162790697674, "মাসের": 0.004651162790697674, "লেনদেনের": 0.004651162790697674, "abedon": 0.002325581395348837, "account": 0.002325581395348837, "age": 0.002325581395348837, "ago": 0.002325581395348837, "akn": 0.002325581395348837, "ame": 0.002325581395348837, "amer": 0.002325581395348837, "an": 0.002325581395348837, "are": 0.002325581395348837, "ashenai": 0.002325581395348837, "ashte": 0.002325581395348837, "asked": 0.002325581395348837, "ba": 0.002325581395348837, "been": 0.002325581395348837, "cailam": 0.002325581395348837, "can": 0.002325581395348837, "chaisilam": 0.002325581395348837, "chilo": 0.002325581395348837, "dekhen": 0.002325581395348837, "didn’t": 0.002325581395348837, "do": 0.002325581395348837, "documents": 0.002325581395348837, "dont": 0.002325581395348837, "ekti": 0.002325581395348837, "emaill": 0.002325581395348837, "er": 0.002325581395348837, "etar": 0.002325581395348837, "gese": 0.002325581395348837, "got": 0.002325581395348837, "had": 0.002325581395348837, "how": 0.002325581395348837, "hoye": 0.002325581395348837, "it's": 0.002325581395348837, "jonoo": 0.002325581395348837, "keno": 0.002325581395348837, "ki": 0.002325581395348837, "kn": 0.002325581395348837, "koi": 0.002325581395348837, "kono": 0.002325581395348837, "korecilam": 0.002325581395348837, "korlam": 0.002325581395348837, "koto": 0.002325581395348837, "kotodin": 0.002325581395348837, "last": 0.002325581395348837, "long": 0.002325581395348837, "mail": 0.002325581395348837, "many": 0.002325581395348837, "month": 0.002325581395348837, "need": 0.002325581395348837, "needed": 0.002325581395348837, "not": 0.002325581395348837, "now": 0.002325581395348837, "o": 0.002325581395348837, "of": 0.002325581395348837, "over": 0.002325581395348837, "pailam": 0.002325581395348837, "passed": 0.002325581395348837, "pelam": 0.002325581395348837, "pete": 0.002325581395348837, "placed": 0.002325581395348837, "please": 0.002325581395348837, "rakha": 0.002325581395348837, "receive": 0.002325581395348837, "regarding": 0.002325581395348837, "send": 0.002325581395348837, "showing": 0.002325581395348837, "sign": 0.002325581395348837, "statements": 0.002325581395348837, "status": 0.002325581395348837, "stetement": 0.002325581395348837, "stetment": 0.002325581395348837, "ta": 0.002325581395348837, "taken": 0.002325581395348837, "tar": 0.002325581395348837, "time": 0.002325581395348837, "update": 0.002325581395348837, "urgently": 0.002325581395348837, "week": 0.002325581395348837, "what": 0.002325581395348837, "what'": 0.002325581395348837, "with": 0.002325581395348837, "yet": 0.002325581395348837, "অবস্থা": 0.002325581395348837, "অবস্থায়": 0.002325581395348837, "অ্যাকাউন্ট": 0.002325581395348837, "আছে": 0.002325581395348837, "আজ": 0.002325581395348837, "আসতে": 0.002325581395348837, "আসলে": 0.002325581395348837, "আসে": 0.002325581395348837, "আহে": 0.002325581395348837, "ইমেইল": 0.002325581395348837, "একটা": 0.002325581395348837, "একাউন্ট": 0.002325581395348837, "এটা": 0.002325581395348837, "ও": 0.002325581395348837, "কই": 0.002325581395348837, "কতদিন": 0.002325581395348837, "করলাম": 0.002325581395348837, "করে": 0.002325581395348837, "করেছি": 0.002325581395348837, "করেন": 0.002325581395348837, "কাল": 0.002325581395348837, "কিছুক্ষন": 0.002325581395348837, "কিনা": 0.002325581395348837, "কোন": 0.002325581395348837, "গত": 0.002325581395348837, "চাই": 0.002325581395348837, "চেয়েছিলাম": 0.002325581395348837, "জানতে": 0.002325581395348837, "জানাতে": 0.002325581395348837, "জানার": 0.002325581395348837, "টা": 0.002325581395348837, "ত": 0.002325581395348837, "তবে": 0.002325581395348837, "তা": 0.002325581395348837, "তো": 0.002325581395348837, "দিতে": 0.002325581395348837, "দিনের": 0.002325581395348837, "দিলেন": 0.002325581395348837, "দিসিলাম": 0.002325581395348837, "দিয়ে": 0.002325581395348837, "দেখেনতো": 0.002325581395348837, "দেন": 0.002325581395348837, "নি": 0.002325581395348837, "পাঠিয়েছে": 0.002325581395348837, "পারবেন": 0.002325581395348837, "পারলেন": 0.002325581395348837, "পেলাম": 0.002325581395348837, "প্লিজ": 0.002325581395348837, "বলছিলেন": 0.002325581395348837, "বলেছিলাম": 0.002325581395348837, "বলেছিলে": 0.002325581395348837, "বলেন": 0.002325581395348837, "মধ্যে": 0.002325581395348837, "মাঝে": 0.002325581395348837, "যে": 0.002325581395348837, "যোগাযোগ": 0.002325581395348837, "রাখা": 0.002325581395348837, "রিকুয়েস্ট": 0.002325581395348837, "রিকোয়েস্ট": 0.002325581395348837, "লাগে": 0.002325581395348837, "লাস্ট": 0.002325581395348837, "লেনদেন": 0.002325581395348837, "সম্ভব": 0.002325581395348837, "সময়": 0.002325581395348837, "সালের": 0.002325581395348837, "সেটি": 0.002325581395348837, "স্টেটমেন্টটা": 0.002325581395348837}