{"statement": 0.045936395759717315, "দেখতে": 0.028268551236749116, "২৪৭": 0.028268551236749116, "247": 0.02473498233215548, "ussd": 0.02473498233215548, "diye": 0.021201413427561835, "ki": 0.0176678445229682, "mini": 0.0176678445229682, "ডায়াল": 0.0176678445229682, "নিয়ম": 0.0176678445229682, "niyom": 0.014134275618374558, "through": 0.014134275618374558, "করে": 0.014134275618374558, "দিয়ে": 0.014134275618374558, "লেনদেনের": 0.014134275618374558, "স্টেটমেন্ট": 0.014134275618374558, "ami": 0.010600706713780918, "biboron": 0.010600706713780918, "can": 0.010600706713780918, "check": 0.010600706713780918, "dekhar": 0.010600706713780918, "how": 0.010600706713780918, "i": 0.010600706713780918, "অ্যাপ": 0.010600706713780918, "কি": 0.010600706713780918, "চাই": 0.010600706713780918, "ছাড়া": 0.010600706713780918, "দেখার": 0.010600706713780918, "পারব": 0.010600706713780918, "বিস্তারিত": 0.010600706713780918, "মিনি": 0.010600706713780918, "লেনদেন": 0.010600706713780918, "app": 0.007067137809187279, "be": 0.007067137809187279, "bolen": 0.007067137809187279, "chara": 0.007067137809187279, "dekha": 0.007067137809187279, "er": 0.007067137809187279, "getting": 0.007067137809187279, "hoy": 0.007067137809187279, "is": 0.007067137809187279, "it": 0.007067137809187279, "kemne": 0.007067137809187279, "know": 0.007067137809187279, "lenden": 0.007067137809187279, "lendener": 0.007067137809187279, "my": 0.007067137809187279, "of": 0.007067137809187279, "the": 0.007067137809187279, "to": 0.007067137809187279, "transaction": 0.007067137809187279, "আমার": 0.007067137809187279, "ইশটেট্মেন": 0.007067137809187279, "কতদিনের": 0.007067137809187279, "কেম্নে": 0.007067137809187279, "কোনো": 0.007067137809187279, "জানাবেন": 0.007067137809187279, "পারবো": 0.007067137809187279, "বলেন": 0.007067137809187279, "a": 0.0035335689045936395, "amar": 0.0035335689045936395, "any": 0.0035335689045936395, "ase": 0.0035335689045936395, "bolben": 0.0035335689045936395, "bole": 0.0035335689045936395, "button": 0.0035335689045936395, "by": 0.0035335689045936395, "chai": 0.0035335689045936395, "chalai": 0.0035335689045936395, "chek": 0.0035335689045936395, "code": 0.0035335689045936395, "could": 0.0035335689045936395, "day": 0.0035335689045936395, "dekhbo": 0.0035335689045936395, "dekhte": 0.0035335689045936395, "dekte": 0.0035335689045936395, "details": 0.0035335689045936395, "dialing": 0.0035335689045936395, "die": 0.0035335689045936395, "dile": 0.0035335689045936395, "e": 0.0035335689045936395, "from": 0.0035335689045936395, "get": 0.0035335689045936395, "great": 0.0035335689045936395, "hello": 0.0035335689045936395, "help": 0.0035335689045936395, "if": 0.0035335689045936395, "jai": 0.0035335689045936395, "jante": 0.0035335689045936395, "jay": 0.0035335689045936395, "khuje": 0.0035335689045936395, "kono": 0.0035335689045936395, "korar": 0.0035335689045936395, "koyta": 0.0035335689045936395, "let": 0.0035335689045936395, "many": 0.0035335689045936395, "may": 0.0035335689045936395, "me": 0.0035335689045936395, "na": 0.0035335689045936395, "pabo": 0.0035335689045936395, "pacchina": 0.0035335689045936395, "paite": 0.0035335689045936395, "parbo": 0.0035335689045936395, "pari": 0.0035335689045936395, "phone": 0.0035335689045936395, "poddhoti": 0.0035335689045936395, "possible": 0.0035335689045936395, "procedure": 0.0035335689045936395, "process": 0.0035335689045936395, "seen": 0.0035335689045936395, "stetman": 0.0035335689045936395, "stetment": 0.0035335689045936395, "ta": 0.0035335689045936395, "there": 0.0035335689045936395, "upokar": 0.0035335689045936395, "way": 0.0035335689045936395, "would": 0.0035335689045936395, "you": 0.0035335689045936395, "আছে": 0.0035335689045936395, "আজকের": 0.0035335689045936395, "আমি": 0.0035335689045936395, "আসে": 0.0035335689045936395, "কইরে": 0.0035335689045936395, "কতগুলা": 0.0035335689045936395, "করার": 0.0035335689045936395, "কেমনে": 0.0035335689045936395, "কয়দিনের": 0.0035335689045936395, "চালাই": 0.0035335689045936395, "চেক": 0.0035335689045936395, "জানতে": 0.0035335689045936395, "টাচ": 0.0035335689045936395, "তো": 0.0035335689045936395, "থাকলে": 0.0035335689045936395, "দেকবো": 0.0035335689045936395, "দেখব": 0.0035335689045936395, "দেখা": 0.0035335689045936395, "দেখে": 0.0035335689045936395, "না": 0.0035335689045936395, "ফোন": 0.0035335689045936395, "বলবেন": 0.0035335689045936395, "বিবরন": 0.0035335689045936395, "ভাই": 0.0035335689045936395, "যায়": 0.0035335689045936395, "স্টটমেন": 0.0035335689045936395, "স্টেট্মেন": 0.0035335689045936395, "স্টেট্মেন্ট": 0.0035335689045936395, "হবে": 0.0035335689045936395}