{"ইমেইল": 0.06493506493506494, "address": 0.0551948051948052, "email": 0.03896103896103896, "আপনাদের": 0.03896103896103896, "mail": 0.029220779220779224, "ঠিকানা": 0.029220779220779224, "apnader": 0.025974025974025976, "bkash": 0.025974025974025976, "me": 0.02272727272727273, "please": 0.02272727272727273, "দিন": 0.02272727272727273, "your": 0.01948051948051948, "এর": 0.01948051948051948, "ভাইয়া": 0.01948051948051948, "provide": 0.016233766233766236, "আমি": 0.016233766233766236, "bhaiya": 0.012987012987012988, "অ্যাড্রেসটি": 0.012987012987012988, "কি": 0.012987012987012988, "দেন": 0.012987012987012988, "বিকাশ": 0.012987012987012988, "মেইল": 0.012987012987012988, "a": 0.00974025974025974, "den": 0.00974025974025974, "give": 0.00974025974025974, "you": 0.00974025974025974, "চাচ্ছি": 0.00974025974025974, "জানতে": 0.00974025974025974, "সেবা": 0.00974025974025974, "ami": 0.006493506493506494, "can": 0.006493506493506494, "chai": 0.006493506493506494, "complain": 0.006493506493506494, "din": 0.006493506493506494, "hlw": 0.006493506493506494, "i": 0.006493506493506494, "is": 0.006493506493506494, "korte": 0.006493506493506494, "money": 0.006493506493506494, "shuvo": 0.006493506493506494, "what": 0.006493506493506494, "অভিযোগ": 0.006493506493506494, "অ্যাড্রেস": 0.006493506493506494, "আছে": 0.006493506493506494, "আমার": 0.006493506493506494, "করতে": 0.006493506493506494, "করার": 0.006493506493506494, "কোন": 0.006493506493506494, "বলবেন": 0.006493506493506494, "বলুন": 0.006493506493506494, "মাধ্যমে": 0.006493506493506494, "যোগাযোগ": 0.006493506493506494, "সেবার": 0.006493506493506494, "add": 0.003246753246753247, "akhan": 0.003246753246753247, "akhon": 0.003246753246753247, "apnake": 0.003246753246753247, "bhai": 0.003246753246753247, "bishoy": 0.003246753246753247, "bro": 0.003246753246753247, "chachilam": 0.003246753246753247, "copy": 0.003246753246753247, "deoya": 0.003246753246753247, "diben": 0.003246753246753247, "dibo": 0.003246753246753247, "e-mail": 0.003246753246753247, "ekta": 0.003246753246753247, "for": 0.003246753246753247, "gd": 0.003246753246753247, "gecilo": 0.003246753246753247, "have": 0.003246753246753247, "help": 0.003246753246753247, "hi": 0.003246753246753247, "hii": 0.003246753246753247, "hoya": 0.003246753246753247, "jabe": 0.003246753246753247, "joma": 0.003246753246753247, "kache": 0.003246753246753247, "kase": 0.003246753246753247, "kon": 0.003246753246753247, "korar": 0.003246753246753247, "korbo": 0.003246753246753247, "need": 0.003246753246753247, "niye": 0.003246753246753247, "number": 0.003246753246753247, "offer": 0.003246753246753247, "plz": 0.003246753246753247, "plzz": 0.003246753246753247, "rekhte": 0.003246753246753247, "request": 0.003246753246753247, "send": 0.003246753246753247, "sokal": 0.003246753246753247, "ta": 0.003246753246753247, "tell": 0.003246753246753247, "the": 0.003246753246753247, "thikana": 0.003246753246753247, "thikna": 0.003246753246753247, "vul": 0.003246753246753247, "would": 0.003246753246753247, "ইমেইলটি": 0.003246753246753247, "ইমেইলে": 0.003246753246753247, "এ": 0.003246753246753247, "একটি": 0.003246753246753247, "একটু": 0.003246753246753247, "এড্রেস": 0.003246753246753247, "এড্রেসটি": 0.003246753246753247, "করবো": 0.003246753246753247, "করা": 0.003246753246753247, "কাছে": 0.003246753246753247, "চাই": 0.003246753246753247, "টি": 0.003246753246753247, "থাকলে": 0.003246753246753247, "দেওয়া": 0.003246753246753247, "দেওয়ার": 0.003246753246753247, "নাম্বার": 0.003246753246753247, "নেওয়ার": 0.003246753246753247, "পারব": 0.003246753246753247, "পারি": 0.003246753246753247, "পেতে": 0.003246753246753247, "বলতেন": 0.003246753246753247, "ব্যাপারে": 0.003246753246753247, "যদি": 0.003246753246753247, "যাবে": 0.003246753246753247, "সম্পর্কে": 0.003246753246753247}